nom,email,date_naissance,montant,actif
Grégoire Gay-Louis,jacquesguillet@example.net,1935-01-26,833.52,False
Zacharie Guérin du Le Goff,laurentchristiane@example.com,1957-03-09,913.25,False
Claude Clerc,remy01@example.com,1956-05-02,227.98,True
Alfred Peron,costealexandrie@example.org,1963-03-03,261.86,True
Arthur-Théophile Carre,emilie30@example.org,2003-05-12,931.51,False
Pierre Navarro,boyerfrederique@example.com,1976-05-30,864.22,True
Eugène Guérin,pintoxavier@example.com,2006-05-23,321.79,True
Joseph Thierry du Hernandez,jacqueline18@example.org,1989-01-07,697.43,True
Stéphane Mathieu,aurelie21@example.net,1960-02-08,315.96,True
Henri Maury,valentinetexier@example.com,1937-07-30,266.81,True
Franck Chevalier du Maurice,pagesedith@example.net,1948-01-10,37.39,False
Margaret-Agnès Fournier,marinelodie@example.net,1935-10-29,594.66,True
Michel Schneider,clemencegirard@example.org,1937-04-17,827.92,True
Anastasie-Jacqueline Vincent,turpinnicole@example.net,1980-09-22,535.41,False
Henri de Andre,eguyon@example.org,1956-02-04,279.9,True
Alfred Bernier,dlouis@example.net,1989-07-01,703.59,True
Susan Boulanger,gmary@example.org,2002-03-15,960.26,False
Jeannine Dupuy-Clerc,noel01@example.com,1967-02-15,841.65,True
Laetitia Clément,juliepinto@example.com,1974-05-17,777.41,True
Aimé Berthelot,phuet@example.org,1950-08-14,303.16,True
Martine Mercier,rodriguesodette@example.net,1950-03-04,101.89,False
Marcel Texier,bertrandfernandez@example.com,1967-02-15,926.16,False
Madeleine de Weber,wbouvier@example.org,1992-12-15,351.3,False
Colette Dubois,chretiencapucine@example.net,1949-11-04,510.64,False
René Dupont,guyonastrid@example.com,2003-01-23,533.01,False
Adrienne Martineau-Dupuis,colasalix@example.net,1951-11-20,203.11,False
Pauline Hoarau,frederique11@example.com,2001-04-04,740.94,False
Raymond Jacquot,gregoirebertrand@example.com,1982-07-25,848.0,True
Juliette de Jean,zcourtois@example.com,1941-07-19,0.26,True
Victor Simon,nicolegallet@example.net,1960-05-23,754.89,True
Aurélie Lemaire de Robert,langloisraymond@example.com,1988-04-01,931.03,False
Richard Vincent de Roux,maillardmargot@example.com,1941-03-06,929.84,False
Jean Delattre,bgirard@example.com,1938-12-21,968.81,False
Édith Guichard de Baudry,augustin35@example.net,1954-04-17,892.05,False
Martine Bruneau-Devaux,emilie50@example.net,1945-04-26,950.85,True
Marcelle Ledoux,palbert@example.net,1977-02-08,117.19,True
Richard de Bernard,kfleury@example.org,2003-03-10,376.26,True
Gérard Masse de Delahaye,catherinecollet@example.com,1972-07-06,947.11,False
Robert Delaunay,alfred70@example.com,1960-12-20,384.15,True
Nathalie Leconte-Roux,noemichevallier@example.net,1940-12-04,726.42,True
Alexandrie Prévost,emmanuel92@example.org,1978-08-25,98.19,True
Manon Prévost,benoit63@example.net,1977-01-04,698.33,True
Alice Nicolas de la Charpentier,williamlefebvre@example.org,2006-07-24,233.26,True
Aurore Charles,apierre@example.net,1959-10-10,732.07,True
Noémi Roger-Bouvier,sophietorres@example.com,1988-01-18,225.07,True
Philippe Laporte,imaillet@example.net,1975-10-28,441.93,False
Adrien Nguyen,kleintheophile@example.net,1990-03-26,55.13,False
Éric Berger,epruvost@example.com,1939-07-21,548.19,True
Dominique Le Royer,leroyemmanuelle@example.org,1954-11-15,187.07,True
Jacques Dos Santos,neveubenjamin@example.org,1981-10-13,118.81,True
Daniel Bazin,perretxavier@example.net,1986-02-28,141.0,False
Camille-Luce Dos Santos,victoirebarre@example.com,1943-10-30,61.46,False
Jacqueline Joubert,agnes49@example.org,1963-04-15,453.82,False
Rémy Le Blanchet,cblanchard@example.com,2007-02-02,795.09,False
Vincent-Benjamin Leclercq,rguillon@example.org,1943-08-01,472.27,False
Honoré-Xavier Thierry,wagnervirginie@example.net,2004-03-09,313.55,True
Martine Le Gosselin,alexandria19@example.com,2001-04-08,648.09,True
Eugène Lamy,rocherdanielle@example.org,1951-09-09,260.65,True
Diane Fouquet,gautieralix@example.net,1963-11-08,464.12,False
Claire Adam,menardclaire@example.com,2004-06-06,623.91,False
Hugues Diaz,margot07@example.net,1971-09-03,894.03,True
Thomas Hebert,elodieallain@example.net,1984-10-03,666.87,True
Richard Labbé de Gérard,maryse80@example.com,1980-08-16,524.42,False
Alexandre Dupré,jacquesblanchard@example.net,1967-08-28,194.22,False
Christiane Pasquier,aime84@example.org,1964-06-03,857.58,True
Hugues Hervé,barbepierre@example.net,2000-10-24,469.05,True
Brigitte Julien,fgauthier@example.com,1975-07-24,25.16,False
Gérard de Chrétien,charlesperrin@example.com,1937-01-23,504.39,False
Cécile Barthelemy,thibautlacombe@example.com,1940-02-05,851.69,True
Théophile-Roland Bonnin,turpinrobert@example.net,1961-04-12,50.05,True
Véronique Lebreton de Marty,zdelannoy@example.net,1992-06-20,999.73,False
Thérèse Klein,girardvirginie@example.org,1999-01-30,999.38,False
Diane Carlier,gabrielleblanc@example.net,1952-06-22,927.03,False
Patrick-Martin François,lorraine10@example.net,1945-02-06,965.11,True
Jeanne Raynaud,aurorefaivre@example.org,1957-03-26,718.8,True
Emmanuelle-Anastasie Perrin,klefort@example.org,1994-08-02,724.77,True
Olivier Perrin,hebertbertrand@example.org,1955-01-02,383.37,False
Christiane Valentin de Étienne,mpineau@example.com,1939-04-16,127.77,False
Emmanuel Dubois,lucegauthier@example.org,1937-01-19,354.36,False
Xavier Rocher,gauthiergilbert@example.com,1978-05-05,16.66,True
Bernard Pottier,eugenedelorme@example.org,1950-12-14,568.57,False
Nicolas du Chauvin,jmartin@example.org,1935-09-22,279.78,True
Zoé De Sousa-Fernandes,paulguibert@example.com,1940-04-30,674.81,True
Emmanuel-Thibault Lefebvre,dgilles@example.com,1999-07-03,528.75,False
Alice Bourdon,suzannegrondin@example.com,1990-11-25,459.45,True
Manon Gauthier,gfrancois@example.com,1945-05-13,614.63,True
Thomas Lesage,piresjuliette@example.net,1977-11-18,595.69,False
Émile du Bertin,gilles46@example.net,1937-07-29,633.77,True
Martin Chevallier,gfischer@example.org,1991-01-07,664.46,False
Éléonore-Margaret Gaudin,kgarnier@example.org,1947-06-26,785.73,True
Louis Cordier du Cordier,martheschmitt@example.com,1951-01-21,982.51,False
Daniel Perrier,victorroux@example.net,1950-10-29,379.55,True
Thomas Leblanc,jerome52@example.com,1935-11-26,692.51,True
Timothée Lopes,georgeslombard@example.com,1941-11-04,612.38,True
Roland Bertrand,lorrainelegendre@example.net,1976-06-11,143.32,False
Jérôme-Charles Moreno,anouk46@example.org,1936-06-19,88.43,False
Dorothée de la Mendès,alanglois@example.org,1987-08-02,194.3,True
Édouard Garcia,philippepenelope@example.org,1990-10-06,340.26,False
Édouard Morel,pierreverdier@example.com,1963-08-31,95.05,True
Anouk Bailly-Bourdon,jbernard@example.org,1938-06-04,473.21,True
Gilles de la Brunet,cbaudry@example.net,2001-06-21,395.86,True
Camille de la Lebreton,jdelattre@example.com,1969-08-21,936.1,False
Thomas Le Lopes,christiane74@example.com,1939-03-24,312.66,True
David Hoareau,benjamin23@example.net,2001-02-20,492.4,True
Guillaume Gaudin,mariondanielle@example.com,1998-09-10,905.64,False
Isaac Martel,ines78@example.com,1975-04-22,971.76,False
Anouk Potier,susanne07@example.org,1934-10-17,333.41,True
Marianne Pinto-Paris,gvoisin@example.org,1951-08-20,950.44,False
Arthur Meyer du Lopes,omoreau@example.org,1974-02-18,85.0,False
Zacharie-Édouard Lemaître,patricia69@example.org,1957-09-29,411.85,True
Benjamin Rivière,chauveaubernadette@example.net,1957-11-29,96.75,True
Olivie Bernier,isabellebourgeois@example.net,1973-10-22,198.21,False
Thomas Pottier,girarddominique@example.org,1954-09-18,962.22,True
Pierre Perrier,susangregoire@example.org,2004-10-07,28.62,False
Eugène Leroy-Regnier,gbourdon@example.org,1984-10-13,927.69,True
Nathalie Germain,nicolas01@example.net,1950-05-27,825.77,True
Tristan-Frédéric Vincent,lchretien@example.com,1950-10-05,674.42,False
Zacharie Da Silva,rene74@example.org,1996-09-21,91.08,True
Sylvie Dupuis-Lévy,mauricemaurice@example.net,1988-04-21,559.65,False
Eugène Perez,evrardvictoire@example.com,1964-12-24,46.29,True
Marthe Sanchez,fourniermichelle@example.org,1990-04-13,68.74,False
Alice Legendre,gabrielhenry@example.com,1954-06-14,117.0,False
Françoise Blanchard,guillaumeguillaume@example.com,1969-12-06,333.45,False
Anouk Marques,lucedelahaye@example.net,1948-09-25,573.64,True
Juliette Ribeiro,fleuryaime@example.net,1936-04-03,429.56,False
Margot Grondin,paulettesamson@example.com,1958-07-14,398.78,True
Claire Sauvage du Lefèvre,matthieudumont@example.com,1991-07-11,840.83,True
Alphonse Leconte,meyeradrien@example.org,1972-12-21,671.22,True
Claire de la Chauveau,maurice94@example.net,2001-09-23,722.85,True
Roger Pineau Le Devaux,alice85@example.net,1957-12-11,894.11,False
Laure Lemonnier,glejeune@example.org,1940-12-15,642.35,True
Joseph Leduc,alain28@example.org,1963-07-06,465.06,False
Alexandre Blanchard,vaillantgregoire@example.org,1996-01-30,317.25,False
Honoré de la Germain,marcelbesson@example.org,1999-03-30,352.04,False
Jeanne Couturier,npons@example.org,2005-01-18,87.93,True
Honoré Masse,nathmaury@example.net,1950-04-29,330.47,False
Nathalie Weiss,patriciarodriguez@example.net,1998-11-27,931.26,True
Denis Dupré,bgodard@example.org,1939-09-20,758.76,True
Charles-Luc Colas,patrick51@example.net,1970-05-28,503.86,False
Sébastien de Rocher,guerindanielle@example.com,1977-03-19,199.49,False
Mathilde-Marine Mary,larochesusan@example.com,1941-07-06,918.64,False
Alexandrie Hoarau,hcharles@example.com,2007-03-18,95.28,False
Alphonse de la Le Roux,vaubert@example.com,1978-11-04,331.08,True
Christophe Lemoine,michele72@example.com,1964-11-11,181.58,False
Alfred Le Berthelot,camillemoreau@example.org,1943-01-20,351.88,False
Camille Pascal,margot07@example.org,1951-09-05,650.53,True
Yves Lambert,pasquieralex@example.org,1968-08-28,962.87,True
Alexandrie de la Tanguy,lacombeines@example.com,2006-10-25,821.63,False
René Benard,hoaraucelina@example.org,1939-12-11,7.54,True
Yves Guyon,adamchristelle@example.com,1961-09-21,34.61,True
Gabriel Hoarau,delaunaymarie@example.org,1960-12-08,662.84,False
Andrée Fernandez de la Aubry,guillaumedijoux@example.net,1986-01-24,305.42,False
Adélaïde Lecoq-Baudry,fouquetadele@example.org,1967-07-20,782.84,True
Clémence Tanguy,morinalphonse@example.net,1999-05-19,795.82,False
Julie Carlier,guy65@example.com,1985-04-06,115.13,False
Adrienne Boulanger,alexandriechretien@example.com,1947-12-10,469.66,False
Édouard-Emmanuel Leblanc,rollandluce@example.org,1944-09-01,744.49,True
Marcel Roussel,rpinto@example.org,1939-01-24,655.57,False
Pauline Bruneau-Bonnin,marthe27@example.org,1996-03-04,377.4,True
Benjamin Le Goff,vcouturier@example.net,1934-05-27,625.68,False
Guillaume Pierre,lemoineadelaide@example.com,1995-02-18,662.2,False
Jacques Denis,hoareauhenriette@example.com,1965-08-17,627.7,False
Théophile Hernandez,auguste86@example.net,1981-04-11,179.46,True
Corinne Lemoine,theophile78@example.net,1950-10-22,580.96,True
Roger Bonneau de la Muller,timotheediaz@example.org,1975-12-29,449.58,True
Pauline Chevallier,bernadetteguillaume@example.net,1975-09-11,328.65,False
Luc du Foucher,weissalfred@example.net,2002-07-05,611.92,True
Timothée Le Gall,lorrainepasquier@example.org,1993-02-21,35.48,False
Valérie Salmon,lerouxadrienne@example.org,1995-08-24,306.99,False
Raymond Seguin,renebonneau@example.org,1964-01-22,773.89,False
Eugène Colas,benoitchristiane@example.com,1991-06-29,893.52,False
Thierry-Grégoire Tanguy,nbouvet@example.com,1969-08-31,808.83,True
Philippe Alexandre,joseph89@example.com,1951-05-09,800.62,True
Hugues Nicolas,robertrobert@example.com,1945-11-22,588.53,True
Jeanne Le Rey,zpottier@example.net,1975-05-29,974.28,False
Josette Michaud,matthieu93@example.net,1941-12-21,880.15,True
Matthieu Teixeira-Roche,francoiselegendre@example.org,1935-03-01,26.54,False
Jules Rodrigues-Carlier,benoit52@example.org,1954-06-13,587.59,False
Michèle Paul Le Pinto,elisabethbaudry@example.net,1940-06-17,995.31,False
Laure Noël,potierremy@example.org,1952-05-29,777.03,False
Louise Hamon,celine92@example.net,1981-08-04,802.72,True
Arthur Descamps,milletmarguerite@example.org,2005-06-14,153.82,True
Madeleine Rocher,mathieuvalerie@example.com,1960-09-16,87.35,False
Margaud Rossi,uvallet@example.org,1993-10-28,766.03,True
Gilbert-Noël Delaunay,yweber@example.org,1983-10-14,20.13,True
Édouard Parent,tristan21@example.net,1966-09-12,93.43,False
Michel Bailly,jeanne15@example.net,1982-12-13,625.17,True
Joseph-François Thomas,guilletnoel@example.com,1947-10-17,156.83,True
Augustin-Patrick Maillot,boyerantoine@example.net,1945-03-15,23.45,True
Léon du Munoz,cperrot@example.net,2003-01-01,213.71,True
Antoine Perrot-Wagner,perretcecile@example.net,1975-10-08,884.26,True
Agathe Martel,louiswagner@example.org,1966-04-13,122.36,False
Grégoire Baron,coletteperrin@example.org,1957-01-25,304.71,True
Suzanne Hamel,clemencelegrand@example.net,1982-07-01,628.52,False
Émilie Lamy,margueritemarie@example.net,1940-09-16,300.64,True
Antoine-Victor Hebert,grousset@example.com,1952-09-01,929.34,True
Adrien Le Baudry,daniel59@example.net,1985-07-10,747.31,False
Emmanuelle Dupont-Ferreira,thomas08@example.org,1988-10-05,829.75,False
Charlotte Maréchal,philippine04@example.com,1972-07-22,117.34,False
Maggie Pinto,guychauvin@example.com,1938-11-13,679.09,False
André-Vincent Chevallier,petitjeanthierry@example.net,1966-07-02,592.75,False
Édith Fernandes,yrodriguez@example.org,2001-10-15,142.96,True
Roland Louis,therese09@example.org,2007-05-18,283.91,False
Noël De Sousa,christineletellier@example.org,1935-03-18,809.54,False
Alphonse Durand du Guyot,rogeralves@example.net,1961-06-03,21.19,False
Marc Guillaume,franckperret@example.org,1979-06-26,767.4,False
Nicolas Lucas,thibautgrondin@example.org,1976-03-14,230.7,True
Julien Bigot,coulonbernadette@example.org,1992-02-27,599.92,False
Josette Lecoq de la Turpin,cvallee@example.net,1988-01-12,117.44,True
Tristan Reynaud,rodriguesalexandrie@example.org,1940-04-06,516.06,True
Théodore Rousseau,delaunaytheophile@example.com,2002-12-19,914.36,False
Amélie Tessier de la Girard,claude92@example.org,1964-05-05,377.41,False
Raymond Muller,charlescecile@example.net,1967-01-08,160.49,False
Agathe Baron-Chauvet,bgilbert@example.com,1961-02-17,940.19,False
Élodie-Philippine Leroux,anastasie03@example.com,1973-03-05,22.53,True
Gabriel-Emmanuel Baron,larochebenoit@example.net,1967-05-04,437.79,True
Thomas Ferrand-Bouchet,torresanais@example.net,2007-01-26,985.16,False
Antoine-Patrick Carre,marionjacqueline@example.net,2001-04-30,49.01,False
Jean Gosselin de Charrier,hklein@example.com,2000-04-23,99.59,False
Amélie Pineau-Thierry,bjulien@example.com,2003-03-16,538.98,True
Adrienne Lombard-Blanchard,amelieguillaume@example.org,1950-07-26,481.03,True
Sylvie Sauvage,tvincent@example.org,1963-05-10,107.49,True
Frédéric de la Brun,ppelletier@example.net,1976-12-07,395.99,True
Adrien Pires,piresthomas@example.com,1948-01-02,665.07,False
Eugène Giraud,martinnathalie@example.net,1948-02-08,705.13,True
Michel Ruiz Le Maillet,wrocher@example.org,1951-09-27,808.46,False
Robert-Jules Le Goff,meunierstephanie@example.org,1938-11-04,323.95,False
Thibault-Étienne Roux,paulcatherine@example.org,1968-03-10,931.46,False
Frédérique Gaudin de Sauvage,honoreferrand@example.net,2003-02-06,162.45,False
Gilbert Lecoq,arthur61@example.org,1973-10-06,797.04,False
Julie Dumas,marypatrick@example.org,1957-09-09,771.47,False
Julien Mary,jpottier@example.com,1943-06-23,259.12,False
Éric Charles,pvallet@example.org,1950-10-06,589.85,False
Lucas Leroux-Teixeira,arthur81@example.net,1967-12-23,963.55,False
Bernard Blin,aurore55@example.org,1941-10-16,74.09,False
Maryse Lefebvre,margaud36@example.com,2002-12-29,438.41,True
William Guibert,julie42@example.net,1937-08-29,347.07,False
Yves Bonneau,alix40@example.net,1947-01-28,629.16,True
Gérard Humbert du Letellier,mturpin@example.net,1949-09-06,390.04,False
Adrienne Couturier,dupontgilles@example.com,2000-08-01,561.84,False
Élodie Laroche,mauryaurore@example.net,1954-11-16,410.41,True
André Le Gautier,jfoucher@example.org,2000-02-25,733.94,False
Guy Bruneau,boutinjacqueline@example.com,1973-03-28,999.15,False
Claude Leclerc,delahayeraymond@example.org,1958-09-10,515.47,False
Stéphane Chrétien,leclercqeugene@example.org,1969-03-01,833.6,False
Laetitia Lagarde,susanne70@example.com,1995-02-04,278.04,True
Grégoire Guilbert,cgrenier@example.com,1952-02-17,937.39,True
Roland de Imbert,qleblanc@example.net,1948-09-13,52.78,False
Isabelle Julien-Benoit,oliviedumont@example.net,1998-03-27,369.67,True
Sébastien Laroche,davidpetit@example.com,1968-08-20,810.86,False
Auguste Gonzalez,pberthelot@example.org,1976-08-09,667.32,True
Xavier Lefort,hhoareau@example.com,1939-01-19,212.12,True
Laure Rocher,zoe11@example.com,1936-01-24,105.9,False
Stéphane Becker,dumontvalerie@example.net,1983-03-02,193.32,True
Bertrand Boulanger-Delattre,sabinepetit@example.com,1942-01-10,714.37,True
Noémi Collet,christellemuller@example.org,1969-02-20,783.83,True
Patricia Albert-Couturier,ugrenier@example.org,1947-11-02,516.61,True
Pénélope Vallet-Duhamel,leonboulay@example.com,1970-06-22,458.65,True
Georges du Bernier,alexandriachartier@example.com,1953-01-08,339.77,False
Yves Bouvet,pasquiertheophile@example.com,1964-08-08,631.88,True
Alfred Delorme Le Payet,marcel83@example.com,1957-08-12,428.3,True
Marc Chrétien,henriette87@example.org,1971-05-26,49.49,False
Tristan Dupré,xavier13@example.org,1987-12-03,569.7,True
Léon-Gilbert Morel,caroline23@example.net,1977-07-09,369.64,True
Bertrand Nicolas,qmasson@example.com,1970-09-30,318.89,True
Margaud Lejeune,ohoarau@example.net,1987-10-15,484.54,False
Jules Gay,blanchardcecile@example.net,1941-07-01,159.47,False
Xavier Rémy-Laroche,jolyhelene@example.net,1995-08-01,165.84,False
Stéphane Laurent,guy68@example.org,1979-09-18,125.04,False
Richard Bernard,olivie64@example.com,2002-06-14,963.02,True
Lucy Guyot,maurice10@example.org,1996-10-07,211.12,True
Stéphane Laporte,leroygeorges@example.org,1959-11-16,591.14,False
Anne Boulanger,franckpelletier@example.com,1953-02-27,122.31,False
Thibault Guillot de la Grégoire,aubrydominique@example.com,1981-04-03,381.84,False
Benoît Verdier de Bonnin,thierryrene@example.org,1946-09-26,927.99,True
Marcel Thierry de Briand,zoe41@example.org,1989-03-13,872.3,True
Andrée-Luce Roy,henri43@example.org,1998-11-13,461.74,False
Alexandrie Olivier de la Clerc,nseguin@example.org,1942-07-30,790.19,True
François-Gilbert Thierry,barrealexandre@example.net,1964-04-12,381.69,False
Sabine de la Lelièvre,gregoire67@example.net,1977-05-01,424.97,True
Geneviève Joubert,bberger@example.org,1966-01-30,861.19,False
Agathe Vasseur,tristan81@example.com,1956-01-08,862.49,False
Marie Vincent,bourdonfrancoise@example.net,1989-02-03,195.38,True
Michel Étienne,marquessuzanne@example.net,1982-03-15,435.6,True
Capucine Grondin,renaudmarguerite@example.net,1994-04-13,857.05,True
René Humbert,texieradelaide@example.net,1974-10-13,827.24,True
Dominique Chauvet Le Vincent,isaac11@example.org,1998-08-19,39.05,False
Luce du Jacquot,vadam@example.com,1960-10-06,827.79,False
Cécile Petit,guyonmargaud@example.net,1996-02-15,647.61,False
Édith Jacques de Paris,samsonguy@example.net,1943-10-02,797.68,True
Jules Rodrigues,xavier47@example.net,1972-06-15,519.55,True
Suzanne Le Bègue,kprevost@example.org,1979-08-10,479.06,True
Nicole Le Rousseau,henrysabine@example.net,1944-12-25,360.32,False
Nicolas Dufour,caubert@example.net,1951-09-25,221.66,False
Claire Camus Le Maillot,victorjoly@example.com,1972-03-01,377.21,True
Noémi Bernier-Allain,bergermarguerite@example.net,1936-06-10,977.61,True
Thibault Pruvost-Joseph,agatheleclercq@example.com,1945-10-28,151.74,True
Marcelle Parent du Gallet,maggieraynaud@example.com,1987-09-13,690.95,True
Philippine Simon,atorres@example.org,1984-09-04,38.12,False
Valérie-Audrey Grondin,laetitiaalexandre@example.org,1970-05-13,995.28,False
Aurélie Gonzalez,massonlucy@example.net,2002-06-03,315.85,False
David Goncalves,vincenttoussaint@example.com,1972-07-09,853.27,True
Augustin Bailly-Chauvin,therese92@example.net,1984-05-21,85.53,True
Alphonse Bourdon,margotcharrier@example.net,1941-08-02,252.84,False
Astrid Louis de la Thierry,juleshamel@example.org,2002-12-22,291.94,True
Zacharie-Alphonse Voisin,alvesmanon@example.org,1997-11-24,602.6,True
Simone Blanc,marine94@example.org,1980-01-20,688.13,True
David Marques du Jacquot,laportetherese@example.com,1938-04-30,122.22,True
Suzanne Couturier-Berthelot,anouklebrun@example.org,1985-11-16,853.66,False
Susanne Perrier-Albert,lebonisabelle@example.org,1999-10-07,881.67,True
Adélaïde Camus,dupuissuzanne@example.net,1938-06-21,728.33,False
Édouard Allard,lamymargaux@example.com,1995-12-25,891.66,True
Éléonore Vasseur,noel67@example.net,1943-05-17,734.64,False
Nicole Leroux,bernard49@example.com,1952-09-07,208.51,False
Christophe Thierry du Merle,bousquetelisabeth@example.net,1938-10-03,405.51,True
Roland Raymond,ylaroche@example.net,2005-08-22,221.58,True
Tristan Jean de Rey,rchartier@example.org,1937-04-26,388.08,False
Nathalie Bouchet,macepierre@example.org,1936-12-23,187.62,True
Michelle Rocher de la Allain,dhubert@example.net,1952-07-31,111.71,False
Diane Lecomte,tristan26@example.com,1963-03-24,674.91,False
Jacques Dubois-Mace,yhamel@example.org,1967-05-02,478.18,False
Célina de la Roussel,manonberthelot@example.com,1993-06-08,774.56,False
Alphonse Regnier du Fabre,hoaraumarcel@example.org,1988-07-31,275.7,True
Anne Sanchez-Colin,dorothee45@example.org,1981-02-15,477.22,True
Jeannine Munoz,lucasetienne@example.net,1966-07-31,659.41,False
Julien Carlier de la Diaz,emmanuelle56@example.org,1965-09-12,833.63,False
Paul-Timothée Brunel,zlefebvre@example.net,1996-04-17,26.57,True
Valentine Guérin,elodiedufour@example.org,1993-03-22,567.57,True
Marianne Navarro,fbigot@example.org,1988-07-09,676.42,False
Inès Lambert,jeannelebon@example.org,1984-10-03,163.7,True
Noémi Bouchet,brigitteallard@example.com,1971-01-09,877.94,False
Zacharie Roger de la Marion,lesageadele@example.org,1941-12-25,755.23,True
Alphonse Bonnin,vdelmas@example.org,1944-12-08,519.9,True
Arnaude-Valérie Lebon,margaretlaporte@example.org,1942-07-11,103.69,False
Jeannine Robin-Pinto,pjacquot@example.org,2006-08-26,378.12,True
Cécile Allain,nathalie56@example.com,1945-07-26,179.93,True
Zacharie Hernandez,ebouvet@example.org,1950-12-12,971.54,True
Michel Langlois,zmorvan@example.net,1962-01-20,316.92,False
Josette Bonnet,nrousset@example.org,2005-10-30,184.61,False
Monique Cousin-Coulon,alfred71@example.org,1940-08-19,788.8,True
Charlotte du Pierre,delattresabine@example.net,1972-01-01,56.77,True
Sylvie Cordier,martinwilliam@example.net,1965-05-19,397.25,False
Martin Andre,remy48@example.net,2005-11-09,355.78,True
Vincent Marques,marchalmarcel@example.org,1996-05-03,578.53,False
Arthur Leroy,omary@example.net,2002-09-02,101.09,True
David Gilbert-Voisin,simonvirginie@example.net,1985-10-22,544.73,False
Célina Bernard,alexadam@example.net,1935-09-06,139.46,False
Juliette Mallet,clemence36@example.com,1979-12-15,890.16,False
Patricia Hardy de Maillet,moniquelenoir@example.org,1990-01-10,533.45,False
Anaïs Weber,valentinphilippe@example.org,1952-06-11,976.4,False
Sophie Lévy-Langlois,marinoceane@example.org,1986-08-06,75.39,False
Valentine de la Nicolas,ggirard@example.com,1956-11-26,97.12,True
Théophile-Robert Lucas,fgoncalves@example.net,1934-07-06,358.05,True
Michel Lebreton,bonnetvictoire@example.net,1994-05-14,377.8,False
Bernard Peron,susan30@example.net,1959-07-19,175.09,True
Nicolas Dupré,rgay@example.com,1982-09-03,39.93,False
Laure Mendès,tgay@example.org,1958-12-14,688.08,True
Océane Étienne de la Bègue,paulroland@example.com,1961-01-07,86.16,True
Henri Chevalier-Bailly,umary@example.com,1961-02-19,159.78,True
Marianne Legrand-Giraud,bernard93@example.net,1939-05-12,11.47,False
Emmanuelle Fleury,ble-goff@example.net,2007-04-20,250.12,True
Jules Joly,michele62@example.net,1987-01-09,235.14,False
Zoé Normand de la Dufour,alamy@example.net,1988-07-29,209.81,False
Louis Joubert,nathroche@example.net,1965-12-13,857.09,True
Anastasie Delahaye,lorraineraymond@example.org,1940-10-22,847.32,True
Michel Payet,rollandthierry@example.net,1955-05-27,683.84,True
Tristan Pires,inesrobin@example.org,2002-10-17,935.41,True
Renée Toussaint,gonzalezandree@example.net,1967-04-08,509.75,True
Claire Buisson,olanglois@example.org,1961-09-06,756.14,True
Maggie du Lemaire,pascalnath@example.com,1956-04-09,940.57,True
Margaux de la Bazin,fthierry@example.com,2000-09-19,958.76,False
Mathilde Auger,jblanc@example.net,1982-10-07,136.05,True
Édouard Gonzalez,eric15@example.net,2007-01-13,678.41,False
Thibaut Giraud,theodorejacob@example.net,1939-11-23,904.05,False
Brigitte Gilbert-Diallo,bernadette47@example.org,1957-02-04,100.36,False
Olivie Grondin,charlottepelletier@example.com,1976-04-24,93.16,False
Emmanuelle-Emmanuelle Pasquier,lucy75@example.org,1973-10-15,868.61,False
Charles Texier,kandre@example.net,2000-03-04,263.68,True
Gabriel Lombard-Bazin,micheljacquet@example.com,1963-02-08,43.4,False
Jules Lebon,colinalexandre@example.com,1971-03-27,94.7,False
Timothée Rousseau,vincentoceane@example.com,1950-08-21,19.19,False
Hugues Blanc de la Maillot,gillesvallet@example.com,1960-07-22,494.78,True
Théodore Carpentier-Aubry,durandguillaume@example.org,1940-07-23,34.86,False
Emmanuel Mallet,ribeirohortense@example.net,1960-05-23,220.07,True
Stéphane du Samson,agnes57@example.org,1966-08-24,740.71,False
Victor Gomez,jean98@example.com,1944-03-18,139.2,False
Honoré Le Mace,marieleger@example.net,1965-03-18,340.44,False
Dominique Le Grondin,jleclerc@example.com,1963-08-03,408.49,True
Lucie Tessier,guygeorges@example.com,1945-11-23,624.68,True
Noël-Franck Rodrigues,ojoseph@example.net,1974-11-08,714.45,True
Camille David de Dupuis,claudemenard@example.com,1947-11-06,862.98,True
Grégoire Picard,paulinelagarde@example.net,1971-06-18,331.01,False
Capucine Peron,labbesabine@example.org,1936-06-11,374.8,False
Benoît Boyer,nvoisin@example.net,1976-01-16,5.86,False
Susan Barbier,fmichel@example.net,1958-10-06,406.7,True
Margaux Ledoux,nath77@example.net,1973-05-25,893.43,False
Alexandre Techer Le Fernandez,augustinbuisson@example.net,1958-04-16,206.04,False
Frédéric de Denis,guerinjacqueline@example.org,1993-04-20,484.32,False
Françoise Blin,pgosselin@example.net,2000-04-23,656.82,True
Hortense Lejeune,lucaslemoine@example.org,1992-01-12,577.1,False
Célina Sauvage,guyotrene@example.com,1981-12-16,195.12,False
Renée Voisin-Normand,gomezbernard@example.com,1964-01-11,351.61,False
Arnaude-Philippine Lebreton,mathildeparis@example.net,1946-03-19,530.29,False
Édouard Bailly,julien92@example.com,1953-04-23,714.92,True
Nicolas Rolland,victoirelaunay@example.org,1956-05-23,710.81,True
Paul Lopes-Blot,hamonconstance@example.org,1979-11-23,228.92,False
Marie Laurent,gaudinleon@example.com,1954-09-14,889.2,False
Emmanuelle Salmon de la Prévost,itecher@example.net,1975-06-20,405.48,True
Noémi Denis,ameliedumont@example.net,1958-10-20,825.95,True
Bertrand Léger Le Techer,udelmas@example.org,2002-03-12,576.45,True
Célina du Vincent,hhuet@example.net,1948-08-11,684.2,False
Margaret Faivre,reneeleleu@example.com,1976-12-23,121.44,False
Gilles Brunet,andre24@example.net,1981-09-14,238.93,True
Théophile Pereira-Laroche,gerardlecoq@example.org,1948-07-08,24.99,True
Thibault Maury-Huet,menardmarianne@example.org,1969-10-17,350.72,True
Élodie Millet,edouard88@example.net,2004-03-18,398.18,True
Auguste Dias,celinebouvet@example.net,1953-09-12,521.24,True
Cécile Lejeune,dblanchet@example.net,2000-03-15,874.85,False
Alfred du Fleury,sabinegonzalez@example.com,1991-02-04,516.88,True
Matthieu Bertrand,ferreiraeric@example.net,1985-12-21,780.05,True
Corinne Sanchez,webersebastien@example.com,1967-01-09,736.73,True
Diane Legrand,andregaudin@example.com,1971-07-10,840.05,True
André Charpentier du Grégoire,spierre@example.net,1965-04-11,301.59,True
Astrid Jean,merleemmanuel@example.org,1956-02-26,223.05,False
Honoré Pasquier,jrichard@example.com,2006-09-09,257.61,True
Julien Lefebvre,catherine14@example.org,1940-04-25,272.23,False
Jules-Aimé Langlois,paulinefischer@example.com,1967-04-11,189.29,True
Grégoire Pascal,thibaultmaurice@example.org,1996-08-25,378.75,False
Marie Le Roux-Perret,bertrandblondel@example.com,1936-08-09,628.85,False
Denise Jacob,olivier63@example.com,2000-08-20,384.94,False
Arthur-Philippe Rocher,bouvetthomas@example.com,1963-05-23,136.59,False
Auguste de Lucas,alefevre@example.org,1970-12-11,648.68,False
Aurore Duval de la Guillon,vincent28@example.net,1969-10-17,917.85,True
Suzanne Tanguy,npelletier@example.com,1943-08-12,615.87,True
Étienne-Jacques Bousquet,christophealves@example.net,1966-05-11,681.46,True
Lucy Parent,alexandrielefebvre@example.org,1994-08-13,956.65,False
Benoît Bonneau,caroline31@example.net,1966-07-16,246.52,True
Gilbert Cohen,philippeadrien@example.org,1951-07-21,529.37,False
Nicole Guillot du Perrin,frederiqueblot@example.net,1967-08-09,893.09,True
Jean Hoareau,bertrandaimee@example.org,1982-07-29,696.39,True
Aimé Brunet,agnes31@example.com,1941-12-06,545.6,False
Marcel Le Perret,genevievepascal@example.org,1941-02-06,912.08,False
Thierry Pelletier,sdupuy@example.com,1977-03-27,130.19,True
Alfred Daniel,blanchardluc@example.com,1985-03-03,332.96,False
Valérie Renault,emileblanchet@example.net,1981-04-01,0.15,False
Gilles du Vasseur,lamberttimothee@example.net,1947-03-11,259.58,False
Agnès Maillet-Riou,ochevalier@example.org,2003-08-03,941.77,False
Colette Leduc,pfabre@example.org,2006-01-29,476.01,True
Adrienne Leclercq,langloisdominique@example.org,1964-10-07,393.98,False
Laurent Fouquet,fernandesaugustin@example.com,2002-06-12,736.7,True
Paul Goncalves,juliette56@example.net,1944-10-19,919.02,True
Jean Lambert,mlabbe@example.com,2002-03-06,588.81,True
Odette Perrin de la Rivière,christinegomes@example.org,1937-12-11,710.02,True
Théodore Brun,virginie86@example.org,1962-01-14,699.2,False
Hortense du Delahaye,theresemorin@example.com,1978-09-29,795.99,False
Isabelle Benoit,gabrielnoel@example.net,1948-02-26,81.59,False
Diane Renaud,lgregoire@example.net,1991-09-06,167.86,False
Martin Marie,andree14@example.net,1993-05-12,629.61,True
Augustin Becker de Dufour,louisechevalier@example.net,1957-01-09,60.95,False
Lorraine Raynaud,michele25@example.com,1991-01-28,360.24,True
Arnaude Hebert,stephaniebigot@example.net,1973-12-06,616.94,False
Christine Poirier,hortenseboulanger@example.net,1957-11-23,37.05,True
Guy Rousset,osimon@example.net,1944-11-28,192.34,True
Emmanuel Dupuy,gabrielgrondin@example.org,1993-09-11,442.9,True
Joséphine Delattre,richard40@example.net,1951-11-24,708.93,False
Claire Traore de la Maillard,fernandeselise@example.org,1964-11-11,845.32,False
Thibaut de Vidal,gilbertmarie@example.net,1991-05-03,177.94,True
Margaud Mathieu,francoisperrin@example.net,1935-12-24,895.03,False
Anastasie Martinez-Poulain,clairecharrier@example.com,2000-06-27,828.18,True
Marie Pereira,richard64@example.org,1983-05-25,723.33,True
Stéphane De Sousa,hmunoz@example.org,1936-10-15,345.78,False
Aimé Girard,brigitte39@example.com,1969-06-03,31.23,False
Andrée Le Henry,alain56@example.com,1949-02-17,3.35,False
Michelle Thomas-Bonneau,nalbert@example.org,2006-10-15,95.58,False
Alfred du Moreau,nguibert@example.org,1991-01-20,835.63,True
Simone Perrin,christinelacroix@example.org,1974-05-30,963.76,True
Clémence du Barbe,caronanastasie@example.org,1950-10-26,903.44,True
Roland-Daniel Roche,maggie48@example.com,1955-03-30,551.18,True
Laurence Louis,marc06@example.com,1990-08-16,700.37,False
Paulette Menard Le Petit,pchauvet@example.com,1977-06-29,530.41,False
Nathalie Delattre,perrinolivier@example.org,1957-06-25,236.78,False
Arnaude Weber,astrid15@example.com,1954-07-01,636.65,False
Célina-Paulette Coulon,nath36@example.com,2007-03-29,24.71,False
Jacques Vallée,denis86@example.net,1937-09-09,738.64,False
Brigitte Lebon,louisalain@example.com,1951-11-05,969.8,True
Margot Gérard,inespasquier@example.net,1939-02-11,568.87,True
Lucy Pascal,jolycamille@example.net,1966-01-01,559.22,True
Nathalie-Martine Chauveau,anouk81@example.com,1939-10-10,707.71,True
David Devaux,fthierry@example.net,1970-07-19,895.26,False
Margaud Blondel,richardfrederique@example.com,1989-02-18,350.62,True
Émilie Salmon,jolystephane@example.com,1973-06-29,706.25,True
Roger Marion,lesageluc@example.net,1945-12-01,203.81,False
André de la Grégoire,francoise51@example.org,1981-01-10,691.15,True
François Lombard-Colas,etienne07@example.org,2004-01-30,125.95,True
David Lebrun,michele53@example.net,1935-05-08,247.25,True
Gilles Godard,victor96@example.org,1964-11-05,448.9,False
Antoine Pires du Jourdan,bouvetanais@example.org,1950-03-24,886.51,False
Aurélie Nicolas,cgosselin@example.org,1940-09-14,470.9,False
Augustin Goncalves,odetteriviere@example.net,1986-02-15,962.12,False
Richard Legrand,claude73@example.com,1942-09-04,890.5,False
Juliette Étienne,wrenault@example.com,1962-03-12,156.19,True
Adèle Neveu,briandalfred@example.org,1978-03-23,893.03,True
Auguste Tanguy,vfournier@example.com,1963-08-26,221.63,True
Théophile-Isaac Lesage,gerardsophie@example.com,1955-12-24,221.12,False
Daniel Bailly,olivier87@example.org,1991-10-25,953.72,True
Émile Toussaint,hjoly@example.org,1952-01-27,469.78,False
Valérie Guichard-Louis,qmarechal@example.com,1940-03-07,354.7,True
Timothée Fischer Le Rodriguez,qandre@example.net,1960-02-03,752.83,True
Marie Chauvin,roussetsimone@example.net,1946-06-01,920.46,False
Zoé Durand-Nguyen,kleingilbert@example.com,1980-12-10,69.21,False
Philippine Devaux,margotmartel@example.net,1970-03-28,245.29,False
Virginie Roy,delattremichelle@example.com,1964-05-09,160.35,False
Margaret de Laporte,paul41@example.net,1965-03-30,303.47,True
Danielle Renault,eweiss@example.com,1972-04-21,838.94,False
Christelle Adam,gilbertbouchet@example.com,1945-03-14,374.29,True
Paul Labbé du Didier,laurent72@example.org,1937-10-23,695.16,False
Christine de la Valette,augustejulien@example.org,1987-09-22,497.9,False
Paulette Caron-Poirier,robinmichele@example.com,1996-12-08,576.82,True
Michel Pasquier,daniel31@example.org,1954-11-24,768.86,True
Paul Gallet,antoine96@example.com,1969-11-29,532.44,True
Grégoire Renaud,jhamon@example.org,1969-06-16,952.78,True
Françoise Georges,stephanie40@example.com,1949-12-21,162.6,True
Joseph Navarro,lucie22@example.net,1978-06-01,49.8,True
Yves Lopes,michellele-goff@example.net,1969-06-01,464.08,True
Paulette Ramos de Vasseur,adambernard@example.com,1941-03-13,886.2,False
Grégoire Lagarde,catherinelaunay@example.org,1937-04-16,475.49,True
Christelle-Gabrielle Costa,benoit16@example.com,1959-02-10,513.44,False
Thierry Jacquet,louismarty@example.com,1983-06-18,675.81,False
Aurélie Bazin,lguillou@example.net,1943-09-27,208.1,False
Suzanne Hoarau,patrick24@example.com,1975-08-08,54.84,True
Alexandria Le Lacroix,raynaudchristiane@example.com,1971-04-05,868.89,True
Théodore-Raymond Lacroix,joseph21@example.net,1971-11-16,7.04,True
Eugène Pascal,bonninmargaux@example.org,1950-12-10,124.93,False
Bernadette Martin,chuet@example.com,1950-03-21,276.49,False
Nicole de la Gaudin,pascalalexandrie@example.com,1954-01-08,62.66,True
Noémi Thierry,rocherlucy@example.net,1935-06-08,743.28,False
Élise Blondel,raymondraymond@example.org,1937-02-17,427.08,False
Andrée David-Launay,aliceblanc@example.org,2006-12-25,235.66,True
François Ruiz,llambert@example.org,1963-07-18,320.8,True
Marcel-Guillaume Pineau,bodinmarianne@example.net,1980-07-05,259.63,True
Odette Marin-Jacquet,noelbuisson@example.org,1943-12-18,822.61,True
Dominique Chauveau-Dumont,collinmarine@example.com,2002-10-14,780.33,True
Margaud Martins,qhoareau@example.net,1964-01-03,117.92,True
Alphonse Le Gall-Guérin,celineseguin@example.com,1963-05-16,665.14,False
Aurore Lévy,pmarchand@example.org,1969-03-22,221.65,False
Gérard Guillou,nicolasvictoire@example.net,1939-01-25,172.37,False
Bertrand Merle,le-goffrenee@example.com,2005-06-28,531.61,False
Guy Rey,de-oliveiradenis@example.org,1947-07-05,804.31,True
Alex Fontaine,eloiseau@example.net,1961-11-03,346.03,False
Gabrielle Bonneau,rthierry@example.net,1997-08-12,811.49,True
Denis Samson,robinvictor@example.com,1975-08-18,502.61,True
Nicolas Leclercq,josephine34@example.com,1942-02-10,901.75,False
Éric du Philippe,ppires@example.org,1983-01-27,142.3,False
Paul Robert,klenoir@example.net,1935-08-10,608.25,True
Patricia Étienne,marcelle45@example.org,1988-01-28,45.17,False
Andrée Hardy-Prévost,jklein@example.net,1975-12-27,534.94,False
Édith Roger-Roy,brunelbenjamin@example.org,1955-10-01,630.08,False
Vincent Bodin,josephstephanie@example.org,2005-12-25,938.41,True
Monique Rousseau,mathieuemile@example.com,1985-01-21,920.13,True
Benoît de Vallet,beckerlucas@example.net,1941-06-28,982.08,True
Denis Raynaud,jeanpoirier@example.net,1936-04-06,209.39,False
Simone du Bonnet,claudeleveque@example.net,1969-10-24,748.64,False
Thibaut Leclerc,omorel@example.com,1986-09-03,217.4,False
Matthieu-Tristan Gauthier,margaret61@example.org,1997-05-20,401.15,True
Pierre-François Rodriguez,bonnetaurelie@example.com,1964-11-01,990.82,True
Honoré Grenier,probert@example.org,1948-10-04,113.45,True
Guillaume Roussel Le Evrard,teixeiracecile@example.org,2001-02-19,5.4,True
Augustin Vidal,nathalie08@example.org,1947-12-23,789.34,True
Édith Peron,rmartinez@example.com,1999-07-19,66.74,False
Margaud David,hblanchet@example.net,1991-12-22,13.96,False
Isaac Perrin,lebonrichard@example.com,1964-11-23,852.66,False
Laetitia Dufour,zacharie58@example.net,1953-08-26,398.39,False
Marcelle-Geneviève Collet,pirescolette@example.net,1962-06-02,487.54,True
Simone-Emmanuelle Jacquet,bertrand42@example.net,1995-05-19,429.6,True
Hélène Maillet,vcollet@example.org,1978-12-01,8.63,False
Charles Langlois,frederiquele-gall@example.net,2006-01-11,273.28,False
Martine de Aubert,victor80@example.com,1999-10-14,790.32,True
Sébastien Maréchal,kjourdan@example.org,1992-11-21,584.36,True
Pierre Leclerc,ileduc@example.org,1999-12-06,104.53,False
Vincent de la Rivière,smarechal@example.net,1945-10-06,375.56,False
Dorothée Didier,fernandezvincent@example.com,1959-02-23,868.91,False
Adèle Hoareau,sylvieperrin@example.net,1978-06-26,917.31,False
Marie Mallet,gaudinlaetitia@example.net,1964-05-20,93.59,False
Éric Barre,suzannesimon@example.net,1950-10-11,563.02,True
Marie Petitjean,adriennechevallier@example.com,1964-07-23,914.67,False
Michel Legrand,kroger@example.com,1970-06-07,634.76,True
Thomas Da Costa-Menard,paulvalentin@example.net,1972-11-21,228.7,False
Michelle Pottier-Grenier,suzannenoel@example.com,1980-02-27,140.89,True
Paulette François,lebrunclaudine@example.org,1989-07-10,615.25,True
Pénélope Delahaye,gilbertadrien@example.net,1955-12-20,357.18,False
Émile Dos Santos,genevievemillet@example.com,1970-08-19,862.84,False
Martin Dos Santos,bleclerc@example.org,1934-08-26,301.61,False
Xavier Diaz,thomas69@example.org,1959-05-01,141.58,False
Daniel Vallée,charlotte66@example.com,2002-09-20,472.96,True
Jérôme Jean,baronmargaret@example.net,1986-12-12,299.71,True
Véronique Perrier,trichard@example.org,1956-10-09,16.9,True
Pierre Guyon,cdijoux@example.net,1934-05-24,283.15,False
Catherine Gomes,lesageedith@example.net,2004-01-30,411.61,False
Lucy Philippe,boulayvalentine@example.com,1967-05-26,276.72,True
Grégoire Lejeune,brigitte54@example.net,2002-10-06,763.09,True
Simone de Delahaye,le-goffjulien@example.com,1977-11-29,704.95,False
Denise Meyer,rpons@example.com,1992-02-06,261.77,True
Stéphane Reynaud,christelle07@example.com,1939-02-12,822.28,True
Édouard de Rossi,nguyenalfred@example.org,1956-12-24,86.94,False
Hugues Pires,jean00@example.net,1987-11-30,407.39,True
Renée Bourdon-Poulain,franckgomez@example.com,1973-06-17,829.66,True
Sébastien Mercier,traorealex@example.com,1968-12-12,208.34,True
Audrey Martin,alexgodard@example.net,1954-11-11,628.51,True
Maurice Moreno,slucas@example.net,1966-11-11,177.37,True
Gilles de Labbé,mperon@example.net,1982-03-25,372.76,False
Marguerite-Amélie Bodin,mgilbert@example.org,1973-10-17,106.34,True
Laurence Lagarde-Peron,bferrand@example.org,1972-07-20,109.46,True
Pierre du Roche,bousquetstephanie@example.net,1951-01-18,794.27,True
Mathilde Chauveau,olivierpaul@example.com,1989-08-28,227.13,True
Vincent Dufour,juliebouvier@example.com,1983-05-12,901.4,False
Rémy-Henri Jacquot,emiledupre@example.com,1998-04-03,720.65,True
Suzanne Lefebvre,rolandclement@example.org,1940-05-28,814.26,True
Monique Dos Santos,nfouquet@example.com,1965-06-14,453.36,True
Stéphanie de Regnier,igiraud@example.net,1943-11-04,316.79,False
Marianne Mahe,genevieveraymond@example.net,1948-05-21,304.49,False
Philippine Maury de la Lacroix,xperrot@example.org,1941-11-03,436.99,False
Olivier-Gilles Lombard,julesantoine@example.net,1949-10-25,104.34,False
Philippe Picard,ggautier@example.org,1972-02-25,520.42,True
Élise-Margaud Berthelot,claire02@example.net,1951-08-29,285.5,False
Manon Morin,malletcamille@example.net,2001-01-08,811.69,True
Arnaude Charrier,auroredelaunay@example.org,1990-02-21,501.93,False
Sylvie Brunel,charlesjacqueline@example.org,2004-10-07,470.19,False
Corinne Breton,henriette44@example.net,1954-10-01,386.33,True
Thibault Léger,pottieralice@example.com,1990-04-15,654.38,True
Valentine Turpin,gaubry@example.org,1950-01-21,338.75,False
Hugues Royer,baillycorinne@example.net,1966-07-15,325.79,True
Margaux-Isabelle Baudry,ablanchard@example.com,1936-10-08,348.68,False
Adèle Giraud,martine14@example.net,1983-04-25,867.3,True
Charles De Oliveira,victoire60@example.com,1957-10-30,680.78,False
Renée Martin,therese43@example.org,1956-03-31,573.48,True
Victoire Klein,amelielopez@example.org,1987-04-09,865.08,True
Émile-Gilbert Arnaud,guillontimothee@example.org,1981-04-02,229.32,False
Isabelle Dumas,rogeranouk@example.com,1977-09-16,870.71,True
Christiane-Dorothée Blanc,mbodin@example.com,1990-09-22,435.83,True
Adrienne Nicolas,xcarre@example.net,1982-10-02,91.17,True
Michel Lejeune,colette19@example.com,1940-07-20,82.23,True
Lucie Rémy,jerometanguy@example.net,1967-12-19,744.52,False
Valérie Lagarde,lcolin@example.net,1962-04-03,198.12,True
Jules Denis,etiennevallee@example.org,1962-10-02,596.02,False
Virginie Grondin,jacquelinetraore@example.org,1986-06-27,404.74,False
Élise Carpentier,smarchal@example.com,1973-04-26,953.68,False
Roger-Gabriel Le Goff,emmanuelleclement@example.org,1934-11-03,272.84,False
Audrey Gilles,sdidier@example.com,1980-03-28,684.02,False
Victoire de Marchand,yves60@example.org,1943-07-17,468.76,False
Jean de Becker,rochermichelle@example.com,1945-12-30,399.76,True
Gabrielle Paul,aurore42@example.org,1998-04-12,100.21,True
Juliette Roussel Le Gautier,floiseau@example.net,1985-12-10,517.18,False
Simone Adam,mahexavier@example.org,1970-06-06,121.95,False
Henriette-Océane Blondel,toussaintnoemi@example.org,2004-05-23,832.09,True
Claire-Louise Langlois,aime75@example.com,1945-08-11,258.98,True
Émilie Marie,josephnguyen@example.com,1987-10-06,772.33,False
Philippe Maurice-Delannoy,diasraymond@example.net,1959-09-22,563.45,False
Léon Poulain,michel01@example.net,1976-09-29,413.72,True
Dominique Aubert,agnesmillet@example.com,1985-06-14,616.72,False
Brigitte Charpentier du Faivre,madeleine60@example.org,1958-12-27,530.94,True
Auguste Renard,alainpotier@example.org,1955-04-28,979.99,True
Audrey du Lesage,thomas21@example.com,2006-02-21,380.95,False
Olivie Chauveau,rouxines@example.net,1940-05-02,669.22,True
Thérèse Diallo,zboulay@example.org,1978-12-02,65.36,True
Augustin Auger,margauxferrand@example.org,1995-10-17,42.63,False
Claudine Dijoux,imunoz@example.com,1982-12-27,147.38,False
Marthe Le Goff,frederic91@example.com,1958-11-12,39.69,True
Denise Laporte du Guillet,susan30@example.net,1984-05-11,301.96,True
Odette Guillon,ucolas@example.net,1967-03-10,730.32,False
Antoinette Schmitt,henrirousset@example.org,1982-02-21,596.3,True
Gilbert Riou,veroniquedidier@example.com,1984-09-08,68.59,False
Sylvie Weber de la Letellier,dpicard@example.org,1964-04-11,511.87,True
Bertrand-Victor Lopez,hugues75@example.com,1963-07-20,915.49,False
Émilie Gosselin de Verdier,boulayagnes@example.com,2006-12-21,67.42,True
Lorraine Huet,gregoireremy@example.com,1949-09-02,454.35,False
Victor Riou,gerard11@example.com,1986-12-18,965.05,True
Nicolas Letellier,oliviergilbert@example.net,1966-12-28,480.68,False
Henriette Costa,emile39@example.org,1984-09-12,826.38,True
Marie Andre,abarthelemy@example.net,1970-05-12,37.52,True
Roger Coulon,charles36@example.com,1960-07-30,790.32,False
Xavier Gallet-Daniel,alphonselaine@example.com,1964-08-21,417.3,True
Sophie Moreau-Vidal,patricia35@example.com,1993-01-06,177.23,True
Emmanuelle Guillou,ndiallo@example.net,1953-05-31,84.5,True
Alexandrie Bigot,chartiersabine@example.com,1937-05-09,36.54,False
Denis de la Duhamel,camuseric@example.com,1985-10-28,767.52,True
Paul De Sousa,auguste14@example.net,2001-11-26,110.29,True
Aimée-Anne Valette,blefort@example.com,1940-05-07,185.64,True
Rémy-Denis Marin,diane85@example.com,1992-01-17,824.75,False
Nath Simon,william33@example.org,1960-07-20,363.9,True
Gabriel Lopez-Fournier,therese29@example.org,1938-01-08,759.51,False
Laetitia Turpin,diane14@example.net,1939-10-14,23.93,True
Sabine Delmas,ccohen@example.org,1948-11-20,319.42,False
Victor Bègue-Fischer,brigitte80@example.com,1951-06-03,774.14,False
Lucas Bertin,xherve@example.com,1953-04-23,334.78,False
Thomas Auger,helenegrenier@example.com,1940-08-29,518.59,True
Colette de la Leclercq,hturpin@example.org,1975-06-17,498.93,False
Arthur Ollivier,raymondpaulette@example.com,1965-10-11,181.23,True
Marianne Marin-Léger,tlaporte@example.com,1959-05-04,439.11,True
Stéphanie Da Costa,claudineperez@example.org,1957-11-16,940.47,True
Hélène Chrétien,gerardadrienne@example.com,2005-07-31,596.01,True
Susanne Thibault-Merle,helenelaurent@example.org,1962-04-19,272.98,True
Caroline Neveu du Moulin,ddelahaye@example.com,1939-03-14,407.45,False
Stéphanie Meunier,allaincorinne@example.net,1966-08-20,705.8,True
Paul Clerc,jeromelemoine@example.org,1995-12-21,18.99,False
Michelle De Sousa,julienvictor@example.com,1993-12-19,558.82,True
Olivier Le Marin,wagnerdanielle@example.net,2007-03-28,504.81,False
Gilbert Maillet-Meunier,josephine14@example.org,1947-04-01,803.0,True
Arthur Bertrand-Garcia,alix26@example.org,1979-03-31,10.6,True
Sébastien Lefort Le Legrand,legrosalice@example.net,2002-02-25,913.56,False
Margaud Lopez,krobin@example.net,1953-05-16,957.45,True
François Da Silva,aliceboulanger@example.net,1976-03-25,700.9,True
Richard De Sousa Le Cordier,adrienne19@example.org,1962-02-23,31.96,True
Michelle de Mercier,zmarion@example.org,1999-03-27,609.76,True
Margaux Maillot,chevallieredouard@example.net,1994-05-19,847.52,True
Eugène Da Costa,jtessier@example.net,1953-11-21,768.57,False
Robert Meyer,valentineugene@example.net,1986-06-22,226.27,False
Martine Navarro,benoitcapucine@example.org,2004-07-30,271.98,True
Victor-Étienne Thibault,renaultleon@example.com,1990-09-30,793.34,True
Théophile de Couturier,robert36@example.org,1940-08-24,497.82,False
Thérèse Raymond,susanperez@example.com,1944-03-21,471.2,False
Anastasie Monnier,olucas@example.net,1975-01-25,646.63,True
Benoît Dupont,alphonse97@example.com,1955-11-09,401.47,False
Adrien Meyer,maryvictor@example.com,1950-05-21,778.38,True
Adèle Noël,xbreton@example.com,1986-11-18,402.16,False
Denis du Masse,bernardbarbier@example.org,1956-11-05,341.43,True
Gabrielle Richard Le Caron,sebastien93@example.org,1947-03-18,90.9,False
Robert Martel de Rodrigues,helene44@example.com,1978-03-21,134.24,True
Diane Roux,fhoarau@example.net,1970-12-24,523.03,False
Aurélie Fernandez,josettegirard@example.org,2002-07-10,995.29,True
Diane Guyot,fpayet@example.org,1999-01-19,31.99,True
Emmanuel-Jean Martin,gleconte@example.com,1974-10-29,756.13,False
Gérard Lenoir,ribeiroguy@example.org,1954-12-28,967.44,False
Dorothée Mathieu,nchevallier@example.com,1934-12-15,109.56,False
Bernard Arnaud,kda-silva@example.com,1960-04-20,974.61,True
Théophile Prévost,guyreynaud@example.com,1968-01-28,391.12,False
René Tessier,riouhelene@example.net,1947-07-17,797.09,True
Camille Delattre,seguinmarguerite@example.org,1948-09-01,100.2,True
René-Louis Caron,mbouvet@example.com,1994-07-20,190.16,True
Alain Ferreira,baronadrien@example.org,1980-05-29,326.76,True
Céline Lecomte,alphonse17@example.com,1982-08-12,426.43,False
Cécile Bertrand,devauxdenise@example.org,1942-04-15,687.54,True
Théodore Potier,martinjules@example.net,1982-12-15,299.96,True
Christiane Turpin,asalmon@example.net,1954-05-22,974.05,False
Henri Roussel de la Lelièvre,zetienne@example.org,2000-05-15,855.97,True
Yves Imbert,ledouxchristophe@example.net,1961-02-22,532.91,True
Adrien Lévy-Barre,reneehoareau@example.org,1955-11-14,154.31,True
Alain Lesage,jacobroger@example.net,1953-09-15,47.91,True
Louis Bailly,lcoste@example.org,1947-10-13,525.79,True
Laetitia Marion,julien23@example.com,1936-03-16,707.74,False
Joséphine Ribeiro,juliette37@example.net,1951-10-15,276.84,True
Thibault-Marcel Hoarau,williamhamel@example.com,1968-02-28,768.14,False
Raymond Guyon,petitmarcelle@example.net,1983-07-31,629.58,True
Gilles de la Sauvage,moulinmargot@example.net,1993-06-20,534.72,False
Hugues Lefebvre du Bruneau,michellebouchet@example.com,1956-08-06,577.41,True
Margaud Delahaye,christianelejeune@example.net,1937-05-11,354.39,True
Sabine Lévy,noeldupuy@example.org,1964-05-14,0.11,False
Denise Michaud,lopezjoseph@example.org,1990-07-03,58.04,True
Gérard Gallet de Chauvin,tfernandes@example.net,1973-12-08,673.41,False
Pénélope Techer,celine48@example.org,1960-08-24,20.33,True
Camille Laine de Andre,alainbrunet@example.com,1981-03-11,501.59,True
Jérôme Schmitt du Maurice,gaudinmarcel@example.org,1975-02-27,947.21,False
Gilles Lamy-Bruneau,zacharie30@example.com,1998-04-17,767.17,True
Nicolas Ferreira,danielle45@example.org,1940-03-20,586.1,False
Dorothée Riou,emilie16@example.com,1989-12-31,870.76,False
Caroline Poulain,marcel01@example.net,1970-10-30,453.85,True
Jérôme Thibault,adelaunay@example.com,1990-09-01,761.73,False
Juliette Dias,mlucas@example.org,2000-10-18,623.43,True
Corinne-Marianne Lejeune,antoine52@example.org,1941-11-21,5.9,True
Susanne Ribeiro,renee01@example.com,1955-09-27,639.83,True
Astrid Renaud-Lemaire,gabrielle43@example.net,1938-06-13,44.62,False
Bernard de Michaud,marquesalexandre@example.com,1949-07-31,694.27,False
Julien Girard,gda-costa@example.com,1959-06-29,67.15,True
Raymond Chrétien,valleeolivier@example.com,1951-04-14,86.55,True
Tristan de Devaux,etanguy@example.com,1987-11-11,691.97,False
Alphonse Jourdan,ngeorges@example.net,1979-12-28,63.12,True
Lorraine Colin de la Schmitt,eleonore67@example.com,1937-04-25,395.3,True
Andrée Le Ramos,wweiss@example.org,1943-09-01,899.8,False
Bernard Le Bonneau,meunierandre@example.net,1966-02-17,873.87,True
Jacqueline Hebert,huetsuzanne@example.org,1965-07-20,495.17,True
Auguste Collet,delormevictoire@example.net,1937-07-13,518.41,True
Anastasie-Élodie Brun,arnaudcaroline@example.org,1979-05-13,966.69,False
Léon-Vincent Dufour,cde-oliveira@example.org,1942-06-06,306.44,True
Tristan Blanchard,cgaillard@example.com,1960-01-22,348.01,False
Inès Lambert,andremartine@example.com,1960-12-30,144.31,True
Hugues Lemaître du Pages,kboyer@example.net,1962-10-02,133.7,False
Alain Le Toussaint,camille08@example.com,1971-02-06,449.43,False
Daniel Moulin,marthe34@example.net,1939-05-20,159.37,False
Sébastien Pascal de la Pottier,vasseurcaroline@example.com,1964-07-02,180.14,False
Zacharie Parent-Normand,dupuismaurice@example.com,1960-11-09,134.45,False
Jules De Oliveira,iruiz@example.net,1963-10-26,978.02,False
Isaac Millet,susan08@example.net,1967-09-16,575.06,True
Lucie Techer,antoineriviere@example.net,1996-08-28,378.87,True
Nathalie-Margaud Peron,de-oliveiraeleonore@example.org,1965-09-22,649.61,True
Laure Boucher,rocherchantal@example.org,1991-01-09,154.49,True
Hugues-Emmanuel Gaillard,deschampsolivie@example.com,1969-06-03,987.97,True
Chantal Tessier,sauvagechristophe@example.com,1948-07-31,858.25,True
Marcel Joubert,noemirossi@example.org,1956-05-20,39.75,False
Eugène Rolland,aimefleury@example.net,1996-12-24,10.89,False
Robert Mahe,iprevost@example.org,1948-06-28,346.98,True
Anastasie Paris,olivie68@example.com,2006-12-13,8.35,True
Élise Robert,qcordier@example.net,1974-03-24,991.18,False
Audrey Reynaud-Torres,alphonse88@example.com,1957-03-13,418.79,False
Frédéric Chartier,guyonelodie@example.org,2000-05-06,280.34,False
Paulette Camus-Royer,nruiz@example.net,1972-11-10,97.71,True
Maryse Letellier,ppons@example.org,2005-10-01,950.55,True
Gabrielle-Danielle Ledoux,alainmahe@example.com,1971-02-19,824.4,True
Alex Mace,salmonmaurice@example.net,1982-08-20,134.3,True
Nicolas Imbert,vduval@example.org,2002-03-30,767.65,True
Emmanuel Bertin,marthe12@example.org,2004-12-28,105.23,False
Manon-Alice Guilbert,wparent@example.com,2002-07-21,611.39,True
Jules Legrand,laurent91@example.org,1970-08-01,703.93,False
Susan Hernandez,leonrossi@example.net,1937-11-22,861.24,True
Laurent de la Hoareau,noemiauger@example.org,2000-07-31,942.21,True
Aurélie Berger-Maillot,rossiagathe@example.net,1984-05-19,309.91,True
Noémi Mary,moniquevallee@example.org,1959-09-10,734.9,True
Roland Vallée du Guichard,maggiedubois@example.net,1997-04-13,271.23,False
Frédéric Seguin,adidier@example.org,1938-09-03,745.2,True
Claude Dupré,rbuisson@example.org,1970-07-09,272.14,True
Christophe Maury-Lacroix,claudemeyer@example.net,1939-11-01,937.64,True
Joséphine Bouchet,legermargaud@example.net,1991-05-08,877.28,False
Océane Guillou,yclerc@example.org,1943-02-16,32.83,True
Constance-Luce Benoit,fernandesantoine@example.net,1990-07-03,510.93,True
Lucie Pasquier,kpires@example.org,1996-02-06,711.81,True
Thomas Munoz du Gimenez,dorotheetorres@example.com,1934-12-26,102.49,False
Robert de la Chevallier,lambertsusanne@example.com,1994-01-21,782.38,False
Margaux Guillon du Andre,huetmichelle@example.org,1946-11-21,566.92,True
Édouard-Louis Lecoq,odette19@example.com,2004-01-02,486.18,False
Agnès Coste-Roche,grenault@example.org,1986-12-08,451.54,True
Olivie Coste,hrobert@example.com,1937-12-30,996.95,True
Roland Jacques,baudryguillaume@example.net,1967-11-04,71.8,True
Odette de Guillet,henriette16@example.org,1936-08-17,546.62,True
Victor Clément,paulette36@example.com,1962-02-05,489.57,True
Jeannine Martins,walbert@example.net,1951-01-14,628.19,False
Anouk Brun,adrien61@example.com,1946-06-07,173.74,True
Charlotte Le Marin,gabrielmuller@example.org,1944-10-13,401.6,False
Christiane Le Buisson,celine20@example.net,1996-03-13,490.0,False
Thibault-Gilbert Bruneau,pmartins@example.net,1968-09-16,851.81,True
Jacqueline Muller,elise82@example.net,1957-09-19,475.88,False
Laure Lecomte,hlenoir@example.org,1976-04-11,514.09,False
Anaïs Traore-Chauvin,tgosselin@example.com,1983-04-06,186.54,False
Luce du Faure,anastasiesamson@example.org,1961-04-04,806.52,True
Rémy du Lamy,scohen@example.org,1943-01-16,527.04,True
Joséphine Maurice,dfontaine@example.org,1953-01-25,604.66,True
Arthur Auger,ggerard@example.net,1935-01-11,464.66,True
Sabine Leclercq,xfoucher@example.net,1979-10-17,245.91,False
Thomas Barbe de la Gillet,le-galllucy@example.com,1950-11-15,81.19,True
Roland Charles,clementaurelie@example.com,1944-09-13,475.07,True
Yves Normand,moreaualix@example.net,1953-03-10,712.14,False
Antoine Lagarde,julienleger@example.net,1965-04-25,141.54,False
Mathilde De Oliveira,vboulay@example.net,1957-04-01,981.72,False
Thibaut Gomez-Robert,gomeschristine@example.org,1951-02-19,876.78,False
Andrée Samson,cousinpaul@example.org,1978-02-06,968.11,False
Gabrielle Pires,tessierzacharie@example.com,1979-12-31,617.49,False
Zoé Morvan Le Rey,dorothee49@example.net,1946-04-16,969.62,True
Guy-Frédéric Renard,nathalievalentin@example.net,1957-03-22,589.93,False
Laure-Élise Gros,gbrunel@example.com,1998-11-07,871.87,True
Jeanne Guichard,jolytristan@example.com,1966-04-13,691.63,False
Jacques Perez,ufernandez@example.com,1935-12-27,404.31,False
Denis Roussel du Ramos,ulegros@example.net,1966-10-02,959.4,False
Julie Joly,laetitia20@example.net,1979-07-08,192.57,False
Philippine Gérard,mercierjoseph@example.net,1965-11-26,725.39,False
Lorraine Poirier,oceanemarty@example.com,1976-03-10,525.37,False
Anaïs-Claudine Brunet,emilecourtois@example.com,1956-12-18,533.51,False
Rémy Camus-Gonzalez,collinroger@example.com,1986-11-02,189.94,True
Claude-Océane Masse,manon95@example.org,2002-05-03,394.11,True
Antoinette Le Marion,constance98@example.org,1967-10-02,254.12,False
Joseph-Gabriel Texier,luce33@example.net,1956-05-21,123.78,True
Marc de Moreno,marie40@example.com,1961-08-24,351.8,True
Thierry Wagner,francoiseandre@example.net,1957-11-11,646.94,True
Monique Robin,auguste62@example.net,1989-07-16,948.36,False
Lucie Morin,laurence51@example.net,1939-11-02,692.23,False
Gabriel Leclerc,martineauines@example.net,1935-01-24,512.7,False
Grégoire Guyot,bguyot@example.com,1968-10-17,629.5,True
Auguste Brunet Le Brunet,clemencepaul@example.net,1938-10-23,28.14,False
Adrienne Pages,leon18@example.net,1985-01-14,876.48,False
Marie Vallet,collinlouis@example.org,1946-11-12,241.17,False
Christelle-Emmanuelle Gay,dianeschmitt@example.com,1973-08-19,215.11,True
Bernadette Denis,audrey44@example.net,1973-11-03,921.82,True
Denis Hoarau,kschneider@example.com,1973-10-14,663.81,True
Sébastien Cohen,bessonguillaume@example.com,1973-04-08,923.41,True
Stéphane Grondin-Cordier,isabellebegue@example.com,1971-05-15,323.05,True
Michelle Maurice,llegendre@example.com,1976-11-21,618.04,False
Robert Joly,yandre@example.org,1970-09-23,546.28,True
Adèle Lambert,dbouvet@example.net,1949-09-20,717.28,False
Alfred Da Silva-Gomes,rbertrand@example.org,1997-02-28,673.84,False
Adrien Bonneau,arnaudedescamps@example.net,1975-07-10,627.94,False
Étienne Le Peron,nmerle@example.com,1953-02-14,167.51,False
Étienne Bouvier,guillaumearthur@example.org,1949-05-07,569.03,True
Lorraine Le Gomez,martineaumarc@example.com,1963-02-11,449.09,False
Sébastien-Denis Navarro,francoischarles@example.net,1980-12-24,412.19,False
Agnès-Nicole Bertrand,penelope07@example.org,1989-07-31,404.72,False
Aimée Albert,danielbarbier@example.com,1951-01-02,64.82,True
Augustin Vasseur de la Lemaître,emilemeyer@example.net,1942-02-12,53.29,False
Isaac Pineau,adele39@example.org,2002-04-14,194.59,True
Capucine Da Silva-Guilbert,abonneau@example.net,1984-11-06,311.29,True
Daniel Foucher,gantoine@example.com,1973-04-25,929.49,False
Lucas Renard,laure11@example.net,1939-10-26,179.48,True
Stéphane-Augustin Barre,mauricemanon@example.org,1959-08-12,641.24,True
François Renault,delahayeemilie@example.com,1946-09-06,152.31,False
Hugues du Auger,delmascelina@example.com,1987-12-03,367.58,False
Arnaude Le Marty,galbert@example.com,1948-11-30,48.91,False
Agathe Paul,mnavarro@example.net,2004-06-27,395.91,True
Tristan Guillet,alain48@example.net,1953-02-14,183.1,True
Richard Delahaye,georgesloiseau@example.net,1998-12-20,672.28,False
Grégoire Munoz,bousquetolivier@example.org,1971-09-01,966.68,True
Laetitia Dupré,oweiss@example.net,1969-11-13,546.42,True
Laurence Le Rossi,vincent42@example.net,1937-05-31,853.85,True
Marianne Mace,ybouvet@example.org,1984-09-11,784.86,True
Frédéric-Zacharie Cousin,krichard@example.net,1969-06-01,932.27,False
Pénélope Leduc,adrienmahe@example.net,1946-09-17,879.63,False
Louise Gay,opierre@example.org,1937-11-28,176.1,True
René Da Silva-Diaz,vmarin@example.com,2000-10-30,821.45,True
Emmanuel Lenoir,xgerard@example.com,2001-05-12,526.32,False
Lucy Hubert,catherine90@example.net,1967-02-11,221.17,False
Gilles Noël,fdelahaye@example.com,1965-11-23,994.78,False
Margot Leblanc-Roux,marianne84@example.net,1959-09-20,173.83,True
Brigitte Michaud,denisandre@example.org,1987-11-08,173.66,False
Catherine Gonzalez,de-oliveirarobert@example.org,1957-03-30,128.41,True
Inès Blin de Guillaume,aroussel@example.com,1988-10-14,471.03,False
Mathilde Bigot-Leclercq,pintojacques@example.net,1958-07-03,767.53,False
Yves Couturier,charles38@example.org,1936-04-05,601.21,True
Martin Blot-Maurice,gcarlier@example.net,1936-12-14,554.39,False
Simone Bouvet,bernard32@example.net,2005-10-22,862.09,True
Augustin Verdier,constance42@example.net,1951-07-25,101.88,False
Marc Picard,aimelebreton@example.net,1982-04-18,230.45,True
Astrid Devaux,benjamin68@example.org,1998-03-09,125.63,False
Isaac Guillaume,zoedos-santos@example.com,1962-11-28,564.49,False
Bertrand Allard-Gallet,audrey90@example.com,1947-04-15,996.28,True
Arnaude Simon,simonebaudry@example.org,2003-02-10,444.61,True
Aurélie du Guillou,celina73@example.org,1991-03-01,442.15,True
André Lemoine,yvesguillon@example.com,1936-05-06,830.83,False
Martin Léger,ponsmargaret@example.org,1947-03-06,871.51,False
Théodore Le Goff-Adam,denise39@example.net,2000-08-13,725.06,False
Martine Le Bodin,kmarin@example.com,1990-11-06,335.15,True
Stéphane Briand,pascalgeorges@example.com,1980-10-23,659.11,False
Rémy Torres,camille18@example.com,1991-10-05,143.46,False
Georges Ferrand-Lopez,david08@example.com,1962-10-30,404.56,True
Aimé Deschamps,xbodin@example.net,1992-08-08,380.65,True
Hugues Le Lefèvre,aimee29@example.org,1953-03-17,968.7,False
Joseph Dos Santos,margot47@example.org,1992-08-23,37.44,False
Noël-David Andre,udelorme@example.com,1965-09-25,528.06,False
Maurice du Germain,lagardepaul@example.com,1955-06-24,221.63,False
Océane Grenier,emmanuellele-gall@example.net,1943-11-02,901.06,True
Christiane Vasseur de Carlier,bmarin@example.net,1998-02-16,159.09,True
Étienne Vasseur,margot76@example.net,1982-06-15,969.76,True
Benjamin du Morvan,elisabeth70@example.com,1970-01-01,953.16,False
Thibaut Poulain,bcousin@example.com,1968-02-12,802.5,True
Marcel Le Chevallier,monniermanon@example.net,1974-08-28,956.97,False
Pauline Vincent,bgomes@example.com,1986-02-25,132.54,True
Michel Guilbert,boulaywilliam@example.org,1978-08-11,159.39,True
Michelle Gros,jdelaunay@example.org,1975-10-27,210.99,True
Océane Chartier,margauxcolin@example.net,1941-06-06,831.99,False
Océane Jean,corinne27@example.org,1968-01-24,54.19,True
Christelle Bouvier,auguste53@example.com,1957-09-15,619.86,True
Isaac Pons-Noël,elisemartin@example.org,1972-11-30,245.34,False
Adèle Marchand-Delmas,xavierchauvet@example.com,1983-01-05,667.06,False
Benoît-Roger Jacquot,martinezrenee@example.org,1969-10-04,370.5,False
Gérard Paul de la Chartier,penelopepires@example.net,1985-11-26,734.02,True
Pierre Schmitt,margot25@example.com,1957-02-19,815.14,False
Christophe Carpentier-Regnier,salmonrene@example.net,1945-06-13,830.48,True
Isabelle Bourgeois-Maréchal,eric74@example.org,1952-04-13,142.72,False
Honoré Gomes,charlotteguyot@example.org,1956-02-11,170.05,False
Gabrielle Wagner,remy97@example.net,1949-11-27,39.39,False
Thierry Voisin,vmasson@example.com,1948-09-09,891.6,False
Henriette Germain,adrienne80@example.com,2006-04-20,372.1,False
Laetitia du Sanchez,agnes41@example.com,1957-10-27,961.13,True
François Pottier,acollet@example.org,1977-08-25,231.98,False
Aimé de la De Oliveira,mdidier@example.com,1982-11-29,308.55,True
Éléonore Bouchet,zmaurice@example.org,1978-07-08,151.36,True
Charles de la Lagarde,oceaneboulanger@example.org,2006-02-23,183.53,True
Luc Le Lopez,dorothee90@example.net,1969-08-30,308.15,False
Édouard Coste-Bonnin,albertedith@example.net,1974-07-11,374.72,False
Jeanne Dupré-Denis,lebonthibaut@example.org,1989-10-10,43.45,False
Anne Thibault-Colas,michelcharpentier@example.net,1990-07-03,138.62,False
Daniel-Philippe Leduc,timotheemeyer@example.com,1985-07-17,191.98,False
Laurent de Poirier,gmaillot@example.com,1957-03-28,390.26,False
Thibaut Alexandre,suzannechevallier@example.net,1975-10-07,445.95,True
Hélène-Inès Guillon,robertbonnet@example.org,1936-04-29,839.9,False
Tristan Henry Le Dubois,boutinjerome@example.com,1967-03-04,292.0,False
Hélène Samson,bonninjerome@example.org,1989-12-08,844.29,True
Zacharie Pelletier,cecilebaudry@example.org,1955-11-16,340.8,False
Élisabeth Le Leconte,alfredblondel@example.com,1975-02-25,450.5,True
François Alves,nath43@example.com,1963-11-29,732.37,True
Patricia de Lagarde,lucas97@example.net,1952-10-20,313.56,False
Émile Laporte,hmarques@example.com,1991-01-27,689.11,True
Claire-Pénélope Delahaye,adriennebigot@example.com,1950-05-21,446.16,False
Thierry Maury,leclercqdenise@example.net,1974-02-20,773.8,False
Margot Barbier,frederique88@example.net,1987-06-29,914.57,False
Zacharie Le Gall,hlabbe@example.net,1995-11-20,926.58,True
Maggie-Zoé Dumont,louisgilles@example.org,1997-03-10,208.52,False
Colette-Élodie Noël,elejeune@example.com,1942-12-01,616.08,False
Étienne Lefèvre,constanceschmitt@example.com,1986-06-12,201.48,False
Diane-Inès Pinto,bernadette42@example.net,2005-12-31,194.18,True
Christine Prévost,jeromejacquet@example.org,1965-06-27,983.62,True
Richard Tanguy,theresemendes@example.net,1969-02-10,639.34,True
François Lagarde,margot94@example.com,1948-08-10,435.17,False
Agnès Bouchet,marieguichard@example.net,1987-08-15,409.26,True
Gilles Hardy,renepichon@example.net,1972-02-21,671.7,False
Franck Marty-Bousquet,jgeorges@example.org,1960-01-03,669.3,True
Nathalie Valette,alphonsejacob@example.com,1965-01-17,121.55,False
