ID,NomClient,DateInscription,EmailContact,Commentaire
1,Seguin S.A.,12/07/2022,danielveronique@salmon.fr,Planche fleur tellement avancer mensonge toujours fixe étaler.
2,Lefèvre,21/09/2023,luciedelmas@barbe.org,Etc ordre religion vol te glisser.
3,Grenier S.A.,29/12/2021,ymaury@gaudin.fr,Réponse moindre rose divers secrétaire bleu mensonge.
4,Vincent Peltier SA,17/10/2022,eric45@seguin.fr,Douceur oncle derrière fin endroit élément sourd.
5,Chartier S.A.S.,19/05/2024,renehumbert@marques.com,Sombre chaîne passer compagnie voilà forêt sentiment.
6,Colas et Fils,18/02/2024,martinezalain@lebrun.com,Autour peu connaissance égal tard.
7,Pineau,27/09/2023,thomas13@duhamel.com,Travail juge garde apparence.
8,Dumont,06/12/2024,isaacrolland@bailly.fr,Interrompre signifier musique pièce classe longtemps pas oublier.
9,Maillot Colas S.A.R.L.,07/06/2020,vboutin@nicolas.com,Embrasser songer reculer écouter.
10,Mendès Blot SA,12/09/2023,fabreeleonore@martel.com,Peur disparaître impression grand trente sérieux vision.
11,Guillon,18/03/2024,josettearnaud@lebon.com,Comment tirer assez voix oeuvre avec chacun sommeil.
12,Moulin S.A.S.,23/08/2021,charrieradrienne@rousset.com,Avouer chaque beaux secret.
13,Bodin S.A.S.,11/02/2023,arnaudeguillet@antoine.com,Époque étonner rencontrer cas jour mentir.
14,Peron Mary SA,23/06/2021,maurice66@brunet.com,But anglais comment intéresser.
15,Lefèvre,16/09/2021,vchauvet@laroche.fr,Mode reprendre vide tour croire ouvrage pouvoir.
16,Weiss,09/08/2023,aimelegendre@grenier.fr,Manquer consulter demeurer préférer.
17,Philippe,26/05/2021,guyoncharles@picard.net,Valeur répéter foi côté offrir considérer transformer est.
18,Leroux Goncalves S.A.R.L.,09/03/2023,georgesmoulin@gimenez.fr,Haïr répandre sérieux genre vif écraser renverser.
19,Richard Charles SARL,22/06/2021,hsanchez@lelievre.net,Toute gauche posséder.
20,Martineau Noël SA,27/02/2025,gbenoit@dufour.com,Moment barbe confiance forme.
21,Pruvost,11/11/2024,lejeunetheodore@delahaye.com,Plaire caresser agent sac homme croire combien jambe.
22,Guibert,06/03/2022,thierrycouturier@nicolas.net,Part suivre science âme.
23,Jourdan,03/10/2024,noemi02@henry.fr,Deviner dépasser vendre en jusque arme désigner.
24,Roy Barre S.A.S.,07/03/2024,mmunoz@masse.com,Accord saint revenir maître parmi eh.
25,Moreno,26/04/2025,kblanchard@barbe.net,Profiter pluie épais seigneur.
26,Dumont,11/04/2021,mendeslouise@lenoir.com,Fait absence couvrir votre devant.
27,Legrand Andre S.A.S.,06/07/2024,vincentlaurent@vincent.net,Beauté voisin mentir brûler rare.
28,Jacques,05/06/2020,simone24@imbert.com,Humide maître signe étrange centre attacher.
29,Lopes,09/10/2022,emmanuellevaillant@leroy.net,Animal couche examiner eau chambre regard couler.
30,Thierry et Fils,10/11/2020,georgesmillet@lefevre.net,Je certes derrière rond.
31,Lopes Gillet SARL,02/08/2021,henriettefernandes@lejeune.org,Paysan sûr propos prononcer violence selon.
32,Joseph S.A.,15/12/2021,mathieumanon@fernandez.fr,Article voie bureau désir.
33,Goncalves,26/05/2021,charlesgenevieve@antoine.com,Quoi tandis que montrer article.
34,Dias,01/04/2021,eleonore42@payet.com,Mois souffler arrêter couleur.
35,Pierre,19/07/2023,letelliermartine@salmon.net,Mine enfin guère réussir différent visite dès seul.
36,Lacroix S.A.,29/03/2022,aimemarchand@weiss.com,Espérer se effort haut vert geste mémoire plaindre.
37,Boucher Picard SARL,26/10/2022,bouvierjulie@lelievre.com,Parvenir eau social ciel geste chant.
38,Brun,14/05/2021,torresalix@roux.fr,Ferme interroger français certain.
39,Bernard,10/09/2023,dlopez@marie.com,Obtenir poésie mentir race.
40,Baron Charles S.A.,07/03/2025,voisincapucine@marin.com,Veiller encore voie mode signe séparer.
41,Le Gall S.A.R.L.,14/02/2021,ymuller@leroux.fr,Charge offrir groupe remercier empêcher.
42,Maillard S.A.S.,10/10/2020,jnicolas@lagarde.fr,Toile parole témoin arrivée anglais lèvre.
43,Pereira Morel SARL,06/07/2022,mfrancois@lefebvre.com,Dangereux chemin souffrance bureau madame annoncer barbe.
44,Guillou S.A.R.L.,08/07/2020,rochemichelle@costa.com,Même nommer grave hasard.
45,Blanchard,30/01/2021,wmorin@lefort.fr,Supérieur cacher eau situation empêcher bande nécessaire ville.
46,Bernier,31/07/2022,delannoytheophile@paul.fr,Monde résultat quoi leur exiger même.
47,Albert SARL,10/07/2022,charles28@raynaud.com,Éviter plaisir vite bien arracher élément aider.
48,Delaunay Vallée et Fils,06/10/2024,benoitgerard@maillet.fr,Dos promettre chemise.
49,Samson Dijoux S.A.,12/12/2024,rleroy@riviere.com,Visible forêt sang pouvoir.
50,Perret,11/05/2024,elise61@laroche.net,Entrer but soutenir tirer secours.
51,Brun Bertrand S.A.S.,08/05/2024,aimecousin@allard.com,Plante mur cacher inquiéter cesse jouer pitié douter.
52,Delannoy,25/03/2022,boucherceline@baron.org,Réfléchir fleur bas armer.
53,Neveu S.A.,23/04/2024,jolyemile@marty.com,Silencieux neuf sentier près ligne soudain.
54,Rémy Gimenez S.A.R.L.,26/05/2022,nathaliealves@mercier.org,Également frais si vision.
55,Pruvost S.A.,08/11/2020,claudine08@fleury.fr,Inquiéter théâtre spectacle ainsi froid.
56,Diallo Boucher SARL,23/02/2023,mmartel@lagarde.fr,Promener moins or grain.
57,Olivier S.A.,09/11/2020,pereirahenri@bodin.com,Respecter craindre espérer calme.
58,Perrot SA,24/11/2023,alexcharpentier@peltier.fr,Peau soit amener.
59,Bonneau,29/10/2024,perrotoceane@lemonnier.com,Décider crise résistance rapport suite courant tracer.
60,Caron,19/09/2021,garniermarthe@laporte.net,Souvenir souffrir décider âgé foule douze.
61,Le Goff,26/06/2021,anastasie79@fournier.com,Satisfaire promener marchand point grain.
62,Charrier,08/09/2023,edouardmahe@thibault.fr,Douleur troubler rapidement que.
63,Gaillard Blot S.A.,14/04/2025,boyersimone@dupont.fr,Rentrer dormir gloire grandir doucement succès étage.
64,Besnard et Fils,18/12/2020,maggie03@raynaud.org,Honte troisième espace disposer après bon principe continuer.
65,Perrot,09/02/2022,marthedurand@loiseau.fr,Heureux lueur joli réponse étrange long expliquer.
66,Devaux,30/01/2023,gabriellepascal@valette.com,Cent faute aile lettre lourd proposer.
67,Allard,14/10/2024,dos-santosanouk@julien.com,Mer monde chant absolu un marchand.
68,Gaillard,20/06/2021,vincentperrin@gerard.com,Près compagnon supposer cerveau séparer maître.
69,Cousin,19/08/2024,kseguin@pons.fr,Fumée douter rang.
70,Besnard et Fils,30/08/2022,marechalsophie@robert.org,Goût coucher précis naturel.
71,Picard,20/01/2024,maryselombard@blanchet.fr,Chemise étudier compagnon matière paysan contenir examiner.
72,Mathieu S.A.,11/07/2023,mahejulie@da.com,Cela corde enfin.
73,Vallet,21/10/2021,danielgregoire@levy.fr,Ancien renoncer depuis somme maintenant emporter.
74,Tanguy et Fils,26/04/2025,marie85@lebrun.fr,Résoudre voie aussi sable voix.
75,Morel SA,13/05/2023,georges22@michaud.org,Revenir chef exemple intérieur nature.
76,Salmon,18/06/2021,timotheepichon@nguyen.com,Demain marché malgré enfant défaut.
77,Daniel S.A.,07/04/2023,ucharles@gros.com,Colline décider visite bas.
78,Bonnin S.A.,13/07/2020,helene99@fernandez.org,Bonheur précieux classe discuter fois erreur arrière difficile.
79,Maillot,17/05/2024,cpierre@de.org,Durer blanc confiance autre tellement.
80,Dupont Lambert SARL,19/02/2024,bonnetemmanuel@charpentier.com,Défaut trésor ouvrage salle.
81,Pichon S.A.,26/12/2024,bodinandree@dumas.net,Beau qui noir règle transformer.
82,Perret SARL,10/06/2020,rpereira@brunet.com,Femme chose moins profond.
83,Thomas,09/07/2021,courtoismanon@pottier.com,Besoin mal attention sembler aussitôt arme hiver.
84,Pasquier Labbé S.A.,18/10/2021,pferreira@herve.org,Sommet dans défaut trente asseoir composer.
85,Chauveau,06/10/2023,aurore42@tessier.com,Exiger retirer ramasser action cou un drôle.
86,Guillot S.A.R.L.,09/02/2021,nathaliepires@berthelot.net,Sortir quelque commander soir.
87,Meunier Bailly SA,10/12/2024,aimeemahe@riou.fr,Occuper brûler manquer continuer jeune découvrir raison.
88,Denis Hoarau SARL,25/06/2022,zbonnet@imbert.fr,Facile vous objet rire.
89,Leleu,18/09/2024,sauvagenoemi@noel.com,Question désir fête mille.
90,Costa Leclerc S.A.,08/07/2021,auguste02@rodriguez.net,Pourtant est aujourd'hui froid fin crainte près.
91,Bonnet S.A.,26/06/2020,le-goffgregoire@roux.fr,Naître présenter petit au danger travers.
92,Roussel,27/08/2020,camille03@pascal.fr,Grand monter soulever foi pitié sembler centre.
93,Pelletier Bernard SA,17/06/2023,guillaumegimenez@roussel.net,Marchand annoncer naître etc jour repas.
94,Bernier SARL,05/03/2024,de-oliveiravirginie@marchand.com,Papier ruine leur prononcer pont.
95,Le Gall SARL,31/03/2025,smerle@clement.fr,Épais demande leur figurer troisième.
96,Brun,13/01/2023,theodore82@georges.org,Bataille émotion éviter au décider également.
97,Durand,24/09/2022,adupont@dias.net,Poser servir deux feuille.
98,Charles,18/10/2024,remyarnaud@guerin.com,Matin nuage matière comment froid suffire bouche général.
99,Grégoire S.A.,16/06/2024,nicolas66@lambert.com,Secours source consentir pleurer mien.
100,Gonzalez,27/05/2020,zdevaux@lamy.com,Reconnaître public façon habitude causer.
101,Turpin,21/10/2022,alexdelmas@olivier.fr,Assez roman besoin mer servir.
102,Bodin,02/06/2022,guyaubry@pichon.com,Sentir très confiance vague l'un lendemain combat franc.
103,Leblanc et Fils,06/08/2024,clemencemeyer@pelletier.com,Odeur épais magnifique falloir impression connaître ça supérieur.
104,Pelletier S.A.S.,26/11/2021,marguerite50@renault.com,Leur parcourir créer demander endroit sol tout.
105,Reynaud S.A.S.,13/07/2024,bonnetsylvie@boucher.fr,Rapide regretter chef.
106,Étienne,10/08/2023,otessier@marty.com,Particulier dimanche plutôt veille.
107,Deschamps,21/04/2024,martineauolivier@bourdon.net,Jaune chez troisième nom vaincre.
108,Lemonnier,20/03/2025,tmuller@meyer.fr,Endroit vide brusquement ensuite ainsi marquer président.
109,Moreau S.A.,09/01/2024,camillejacques@fleury.fr,Tombe terrible habitude tôt tout.
110,Fournier,21/01/2021,jeanne07@maillard.fr,Bas métier haute habiller.
111,Poulain Lemonnier S.A.,23/07/2024,kauger@ferreira.com,Briller marquer devenir espérer comment.
112,Perret,24/02/2025,simone34@carpentier.fr,Rocher froid d'abord ensuite huit joli.
113,Blanchard,10/03/2023,henryxavier@vidal.fr,Corde santé printemps discours.
114,Barre S.A.,30/01/2025,bourdonemmanuelle@chartier.fr,Bientôt presque nombre tirer parfaitement.
115,Barbier,21/01/2023,nicolas16@julien.com,Folie voile apporter comme nombre demeurer énorme route.
116,Guillaume,06/02/2024,vidaldanielle@petitjean.fr,Petit sorte affaire trésor commencement expérience.
117,Gaillard Dumont S.A.,28/12/2022,flopes@chauvet.org,Billet sauvage bande monde cependant sens.
118,Olivier,03/07/2020,brigitte04@guyon.com,Reculer sérieux cri social espoir affirmer.
119,Evrard Marchand et Fils,31/03/2023,marcelleleclercq@michaud.fr,Chaud accompagner sourire vêtir corde.
120,Blanchard,02/07/2020,sabine62@besnard.net,Vue de hier léger atteindre désert.
121,Payet Marin SARL,24/08/2020,julesrenault@ramos.fr,Vrai payer souvenir bleu.
122,Blondel,30/08/2020,alphonseduhamel@delorme.net,Aller recherche dégager soin tracer.
123,Gonzalez,20/03/2021,franckle-roux@fabre.fr,Expliquer accent choix empire.
124,Leconte,10/10/2020,philippejulien@martins.fr,Mot bon voler trouver.
125,Petit,04/01/2025,paulette63@humbert.fr,Reste mot enfermer figurer.
126,Mallet Huet SA,11/04/2025,epereira@hoareau.com,Long empire tenter moyen différent.
127,Valentin Raynaud SA,29/06/2021,bbouvier@bailly.fr,Depuis entendre ordre reprendre attendre expression.
128,Leblanc et Fils,29/10/2022,claudine98@hoareau.com,Vue somme entourer subir sein espérer.
129,Martins S.A.S.,10/03/2021,remycharles@delannoy.net,Eh poitrine joie visage ordre brusquement cercle.
130,Fouquet,28/07/2022,julesguillot@briand.com,Terminer fidèle carte songer.
131,Loiseau et Fils,18/02/2022,daniel41@didier.org,Vivant quand conseil trésor mien ouvert.
132,Grégoire SARL,02/08/2022,gabrielferrand@mendes.org,Usage faible tache parfois chasser action avant.
133,Guillet,25/02/2021,pageselisabeth@pelletier.fr,Ainsi au tard.
134,Guichard S.A.,18/01/2021,thibautdos-santos@baron.net,Effet beauté sauver âgé carte affaire.
135,Perrin,05/09/2020,wlambert@denis.com,Allumer comment libre part table.
136,Mace,10/08/2022,carlierdavid@guillon.fr,Rapporter rire autant problème.
137,Clerc,20/08/2021,noeldanielle@allain.com,Parmi plaindre aucun chambre chant impossible.
138,Chrétien S.A.R.L.,13/06/2023,zjulien@gaudin.com,Désigner inspirer présenter produire protéger rouge surprendre.
139,Turpin SARL,29/09/2020,margot01@ferrand.com,Petit émotion inconnu beaux contraire absolument ceci appuyer.
140,Duval,27/06/2023,thibault79@dufour.fr,Objet seulement officier apercevoir.
141,Michaud,31/01/2023,lucie94@navarro.fr,Devoir double voir nombre drame état davantage.
142,Carlier,02/08/2020,odette25@morvan.com,Espérer rose quand rapidement voici en but.
143,Bertrand,13/11/2020,ilouis@devaux.fr,Paquet établir paysan libre volonté oh humide.
144,Pasquier,19/01/2024,monniernoemi@toussaint.com,Sol droite passé oeuvre debout robe poids.
145,Teixeira,21/09/2022,marionrobert@dupuis.net,Subir loin appartement fou résister ouvrir.
146,Buisson Hebert S.A.R.L.,28/06/2023,georgesgeorges@deschamps.com,Servir recevoir cesser ramasser suite.
147,Moreau Traore SARL,11/03/2024,oblin@caron.fr,Moyen somme établir véritable d'abord porte hasard accord.
148,Deschamps S.A.,23/08/2021,penelopeperon@schmitt.fr,En respect bande bord santé valoir tâche.
149,Lévy,08/01/2023,aurore76@lemaire.fr,Tâche déjà livre.
150,Costa,15/08/2024,ubonneau@arnaud.fr,Journal souffler jouer.
151,Diaz,19/01/2022,lsanchez@lemonnier.fr,Réclamer plaindre étoile mieux.
152,Grégoire SARL,29/05/2020,timotheelaroche@bouvet.net,Autre essuyer me.
153,Boulanger,03/04/2023,anastasiebonneau@thomas.com,Nation triste compagnie endormir après.
154,Martel,20/11/2024,garnierantoinette@peron.com,Tard moins haute jeter monde.
155,Fleury S.A.R.L.,15/10/2024,ines72@lagarde.fr,Froid croix écarter possible devant.
156,Bigot SA,23/01/2025,antoinettedelattre@rodriguez.fr,Content sans portier causer mensonge vêtir mourir.
157,Mercier,16/12/2022,chantal52@tanguy.com,Réponse écrire noire vue secret terme pensée.
158,Parent,13/08/2022,sseguin@de.org,Lourd quoi ombre tu depuis.
159,Lebreton Morin SA,21/07/2022,theophile55@humbert.com,Voisin pencher âgé étranger.
160,Marin SA,10/01/2023,antoinelaurent@leclerc.com,Lieu pourtant savoir oncle attendre.
161,Aubert,25/08/2024,olivie35@brun.com,Entendre lever coup.
162,Humbert,16/11/2020,chauveaulorraine@blanc.com,Enfoncer voir boire ajouter groupe étude.
163,Maury,29/05/2023,amelie24@georges.com,Blond simplement avance militaire.
164,Blin,11/07/2023,rlecomte@lecoq.fr,Avant poésie lettre loi.
165,Dupré Philippe SA,10/11/2023,margauxpires@didier.fr,Relever accorder de doux mort rencontrer.
166,Lenoir Buisson S.A.,16/04/2021,celinejoly@leconte.net,Certainement tenter quarante finir.
167,Poirier S.A.,10/07/2023,jeannine56@pereira.org,Perdre respect partager visite elle courir.
168,Bernier,09/09/2024,tmarion@richard.fr,Chanter réel anglais tombe autorité.
169,Gomes Clément S.A.,09/10/2021,marechalalexandria@guyot.fr,Événement suivre dessus porter quel combat froid.
170,Lacroix,07/05/2025,antoinettehardy@noel.net,Joie au inquiéter.
171,Prévost,31/07/2020,qdevaux@pons.fr,Croire franc éteindre durer commencer créer réserver.
172,Leleu,30/12/2024,huguesdelattre@benoit.com,Paysan sec diriger agent point durer.
173,Richard S.A.,21/05/2020,rolandmarchand@mahe.fr,Intelligence acte réserver.
174,Charles Perrin SARL,13/11/2024,vcamus@thomas.fr,Usage rappeler rose famille mesure vague bientôt.
175,Leduc,05/09/2023,marine85@pereira.fr,Âge rire former politique.
176,Grenier,12/12/2022,hdufour@pelletier.org,Haut parler colère.
177,Sauvage Vaillant et Fils,21/12/2022,pde-sousa@ramos.com,Trace mine personne déposer.
178,Andre S.A.S.,20/02/2023,ferreiramonique@le.com,Immobile recueillir ombre retour.
179,Rodriguez Joseph S.A.R.L.,27/07/2024,yfernandes@diallo.com,Passage accorder question précis.
180,Gilles S.A.,15/06/2022,cdiaz@charrier.com,Armée poche couler dehors résister rôle volonté boire.
181,Lamy S.A.,29/06/2022,jfernandes@delaunay.org,Devoir coup quarante intérieur position jardin eh.
182,Martineau S.A.,22/02/2022,josette61@carpentier.com,Victime figure surtout neuf prouver accepter rouge.
183,Pierre Paris SA,21/12/2023,faivresusan@roche.fr,Pointe remarquer endormir air dent terreur.
184,Bertrand Fernandes SA,15/06/2020,maryselucas@wagner.fr,Salut dangereux revenir escalier souvent.
185,Da Costa,25/10/2021,fleuryandree@maurice.net,Jeunesse mince elle distance compter.
186,Mercier,05/06/2023,jjoly@leroux.net,Donner conseil rouler interroger sonner voilà commander inviter.
187,Hoareau Pineau et Fils,25/09/2021,lagardelucy@dijoux.fr,Jambe lutte vrai trouver vivant soleil.
188,Blanchard,13/02/2025,andre87@baron.net,Glace manier ennemi famille.
189,Poulain et Fils,29/03/2024,hoareauclaire@garnier.fr,Guère précis dessus.
190,Masse,22/09/2020,nlefort@traore.com,Salle manger comprendre partager.
191,Dufour Gaudin SARL,11/11/2023,kherve@vallee.net,Manier autrement différent huit agir chant.
192,Delahaye,18/09/2022,vasseurphilippe@rey.net,Matière condamner environ plaindre fruit coûter baisser sommet.
193,Sauvage Bouvier SA,28/07/2023,dupuisbenjamin@gregoire.com,Rue gros un empire en du chance.
194,Mary,25/01/2022,colletarnaude@chauvin.fr,Fier intéresser brûler simple longtemps terre religion.
195,Reynaud,14/03/2023,dbrunet@blondel.fr,Mais courant protéger crise haut précis.
196,Normand Bousquet et Fils,12/02/2025,emilie71@lemonnier.fr,Terrible amuser consentir pas paix.
197,Vallet S.A.S.,05/09/2020,mariannejoly@simon.fr,Prévenir notre nul miser art.
198,Picard,27/03/2021,alfredcollin@leger.com,Prince savoir te femme général guère sombre.
199,Guillou,01/09/2021,gmartins@allain.com,Roman rapporter bas exprimer nouveau chat.
200,Guillot SA,26/04/2024,genevievebesnard@bruneau.fr,Témoin dresser envelopper sens promettre droite.
201,Masson et Fils,03/06/2020,eda-silva@tanguy.com,Comme fonction sorte également.
202,Hoareau SARL,23/08/2023,eric89@denis.com,Déjà vert sourire horizon.
203,Raymond,08/05/2022,jacqueline82@legros.org,Ensuite de lier haïr religion.
204,Tanguy SA,15/01/2021,martelvictor@lebreton.fr,Retourner voir servir exprimer davantage loi chez falloir.
205,Denis,13/08/2020,antoinesalmon@barthelemy.fr,Heure prier rang véritable.
206,Blot,17/05/2023,imerle@mace.fr,Vol militaire secours étage.
207,Hebert S.A.,21/03/2022,uhoareau@hebert.net,Soirée remonter craindre affaire principe nul vivre.
208,Lelièvre,03/11/2020,xsamson@gilles.net,Aucun accorder intelligence partir pied taire quinze ignorer.
209,Laporte S.A.,31/07/2023,frederique55@allard.org,Profiter sou fer passé.
210,Fontaine Foucher S.A.S.,08/06/2021,colettedelannoy@leclerc.com,Vin renverser colon ferme asseoir saison habiller.
211,Lelièvre Gosselin et Fils,03/05/2024,ldelattre@thomas.net,Souffrir environ naturel colère voile durer morceau.
212,Paul SARL,30/08/2023,mlebreton@renault.org,Trois pleurer fille hier.
213,Arnaud Thibault et Fils,07/02/2022,delahayedominique@pierre.com,Pierre veille foule rue autrefois spectacle.
214,Guillaume Blanchet et Fils,22/10/2020,josephperret@buisson.com,Remplacer dix sérieux examiner sein.
215,Costa et Fils,06/09/2024,andrethibault@besnard.com,Digne remplacer chaise ne prévenir posséder.
216,Maillard,14/06/2023,inesfernandez@bouvet.fr,Aussi partir usage chercher élever marquer.
217,Lecomte,06/10/2021,jjoseph@lejeune.net,Apparaître mais appuyer mesure.
218,Dupuis,30/05/2024,josettechauvin@de.com,Ne également son recevoir.
219,Bailly Coste et Fils,18/03/2021,jerome59@marty.fr,Comme présence on vieil.
220,Dufour,26/09/2021,grousseau@chevallier.com,Sujet ouvrir vue hésiter soirée bouche professeur parent.
221,Olivier S.A.S.,27/08/2023,lucy09@regnier.org,Plaisir mémoire personnage.
222,Guérin,02/12/2023,raymondbazin@perrot.com,Appuyer gris sauter regarder appel bien.
223,Dupuy,28/01/2021,qmunoz@lebon.net,Décrire chute agir.
224,Masson,02/08/2024,thierry03@paul.com,Ne maître désormais humide fidèle fatigue.
225,Blanc SARL,15/02/2022,josettediallo@thibault.org,Espèce brusquement après route peau.
226,Auger S.A.R.L.,30/06/2022,bertrandguillaume@carre.com,Étranger nord menacer lèvre intérieur.
227,Barre,26/11/2024,delahayeamelie@bertin.com,Type étouffer as dresser.
228,Martin,11/11/2022,fleuryfrederic@chauvet.com,Est écraser plusieurs sur.
229,Roux,05/03/2021,ybonnin@paul.com,Gens rejoindre même.
230,Adam,28/07/2024,theodorevincent@baudry.com,Le d'abord confondre depuis animal approcher.
231,Ollivier Perrot SARL,24/11/2024,juliettelemaitre@martineau.com,Cher combat mesure dessiner autorité mode quitter.
232,Jacob S.A.S.,17/05/2024,lebrunveronique@lebrun.fr,Pareil sauvage journée nation désormais volonté répandre.
233,Robin,04/01/2021,veronique79@rodriguez.fr,Doigt esprit tranquille public.
234,Coste,10/03/2024,elise51@dupont.com,Longtemps étranger bord visite recevoir expression longtemps face.
235,Auger,20/06/2024,matthieubesnard@alexandre.com,Volonté printemps reste remplacer règle conversation faveur.
236,Pons,11/01/2021,astrid71@gomes.com,Sauver secret calme sien voici escalier.
237,Hoarau Auger S.A.,31/01/2023,julie34@collin.com,Mal allumer prévoir jardin.
238,Blanchard,13/03/2024,ttraore@marechal.org,Sorte brûler armée nature condition.
239,Leblanc,19/04/2024,clemence40@marques.com,Visage remplacer commun lisser.
240,Duhamel S.A.S.,25/01/2023,mmathieu@perrin.com,Calme loup considérer partager.
241,Germain SA,16/11/2024,xcarpentier@arnaud.org,François dame user jouer semaine marier.
242,Rolland SA,11/11/2023,gimenezclaude@henry.com,Muet bon figure semaine fixe nom briser.
243,Blot SARL,01/01/2022,edouardvasseur@jean.fr,Désirer extraordinaire même loup valeur véritable éclater vin.
244,Dupré Lejeune SARL,08/05/2023,laurence27@charpentier.com,Cesser promener frapper intérêt compter complètement complètement.
245,Perrot,24/09/2021,iduval@legros.fr,Vue plein écouter branche avant.
246,Robin S.A.S.,20/05/2024,sylvierousset@voisin.com,Écouter mieux pas couper vague inventer.
247,Lefèvre,13/06/2023,pierre57@cohen.fr,Croix foule faux beau présence yeux sou.
248,Marchand,16/05/2021,pfouquet@pasquier.fr,Faire naissance engager gauche cacher respect repousser prince.
249,Pruvost,17/03/2023,alexandria01@boulanger.fr,Disposer écarter herbe.
250,Monnier Muller S.A.R.L.,27/08/2021,ribeirojulie@aubert.net,Voyager assez fin contraire élever comment.
