id_intervenant,nom,prenom,email,agence,telephone
1,Chauveau,Émile,lcharrier@example.net,Leblanc-la-Forêt,0532789748
2,Pineau,Denis,joseph81@example.com,Marin-les-Bains,0483121358
3,Lacroix,Stéphanie,gilles47@example.net,Brunel,0740321492
4,Leroy,Sabine,anoel@example.org,Saint Laure,0360791384
5,Étienne,Maggie,blanchardbenjamin@example.net,Arnaud,+33 (0)3 65 32 01 15
6,Verdier,Danielle,pirespaul@example.com,Berger-sur-Renard,+33 5 34 93 48 49
7,Jourdan,Alexandria,odette83@example.org,Saint Léon,+33 (0)3 72 39 63 22
8,Maréchal,Virginie,cblondel@example.net,Breton,+33 (0)4 97 08 34 68
9,Riou,Noémi,vde-sousa@example.net,Saint Grégoire-la-Forêt,03 61 32 56 50
10,Charpentier,Brigitte,claudedufour@example.org,HenryVille,+33 (0)5 08 95 88 61
11,Navarro,Éléonore,peronlucas@example.com,Pruvostnec,+33 (0)1 80 50 96 63
12,Coste,Tristan,christelle31@example.com,AlexandreVille,+33 6 35 45 17 63
13,Nguyen,Thibault,agirard@example.com,Cordier,+33 (0)7 65 00 07 71
14,Michel,Adélaïde,mmartin@example.org,Saint Théodore-sur-Mer,+33 1 82 29 84 55
15,Dumont,René,vincent27@example.net,Webernec,0579491854
16,Fleury,Margot,elambert@example.org,Mahe,+33 3 60 52 08 00
17,Peron,William,alfred95@example.net,Leconte-sur-Bernier,+33 (0)5 54 49 94 48
18,Imbert,Paulette,torresthibault@example.org,LefortVille,04 11 11 72 35
19,Ruiz,Christiane,stephanie01@example.com,Petit,04 81 64 27 43
20,Chauvin,Édith,luce54@example.org,Becker-la-Forêt,+33 (0)4 82 70 05 10
21,Lefebvre,William,charlotteperrier@example.net,Fontaine-sur-Mer,02 43 03 75 71
22,Fouquet,Juliette,matthieu71@example.org,Seguin-sur-Mallet,02 57 94 09 78
23,Jacquet,Gabrielle,brunnoel@example.org,Delorme,01 46 95 07 07
24,Bourdon,Olivier,maurylaetitia@example.net,Sainte Margotnec,+33 (0)1 42 17 43 58
25,Rey,Maryse,glenoir@example.com,Gomez,+33 (0)2 98 62 57 17
26,Bouvet,Lorraine,ythierry@example.org,Leroy,04 13 60 35 61
27,Antoine,Marianne,hoareauaugustin@example.org,Gomez-les-Bains,01 40 11 64 80
28,Delattre,Françoise,adelelagarde@example.com,Delahayenec,04 74 28 31 39
29,Roger,Amélie,margaretribeiro@example.com,Torresboeuf,+33 4 42 07 92 23
30,Dupuis,Émilie,monnierroger@example.net,Saint VéroniqueBourg,0354250716
31,Cousin,Émilie,ribeiroalfred@example.net,Sainte Jeannine,+33 (0)6 85 23 96 41
32,Robin,Alexandrie,bourgeoisstephane@example.org,Perret,02 51 53 26 20
33,Briand,Aurore,chebert@example.com,BoulangerVille,+33 4 56 48 13 30
34,Boyer,Gabriel,virginie45@example.org,CostaVille,03 27 33 57 38
35,Duhamel,Mathilde,leducadrienne@example.com,Meyer-sur-Leconte,04 88 31 47 15
36,Chauvin,Étienne,valerieblin@example.net,Albert,03 65 52 55 23
37,Regnier,Luc,alixmercier@example.org,Millet,0389516655
38,Rémy,Adrienne,gerardlecomte@example.org,AllainBourg,04 99 42 16 34
39,Thibault,Auguste,garciadaniel@example.com,Marie,0245066641
40,Bernier,Hugues,huetmaggie@example.com,Baron-la-Forêt,05 90 71 83 44
41,Perrin,Nathalie,mariannepaul@example.org,Dupuis-les-Bains,01 40 51 53 10
42,Loiseau,Juliette,imartin@example.com,Pires-les-Bains,+33 4 30 87 43 77
43,Allain,Céline,emilebecker@example.org,Boulay,0372641239
44,Merle,Martine,jean36@example.net,Rolland-sur-Bonneau,+33 (0)4 93 73 77 92
45,Hoarau,Audrey,pierrelejeune@example.net,Delannoy,+33 (0)2 31 67 83 10
46,Marion,Émile,leduccharles@example.net,Leconte-les-Bains,+33 1 72 77 05 29
47,Colas,Antoine,marqueschristelle@example.net,Langlois-sur-Gillet,+33 (0)4 65 54 75 40
48,Gallet,Dorothée,bousquetbernadette@example.com,Chauveau,+33 (0)2 48 92 06 83
49,Berger,Richard,eleonore46@example.org,ChevallierBourg,03 80 87 19 95
50,Lemaire,Astrid,robertpicard@example.com,Chartier,0596057993
51,Jourdan,Capucine,msanchez@example.com,ColasBourg,+33 (0)3 61 02 49 93
52,Brunet,Théophile,lecontetherese@example.net,Saint Marc,+33 (0)3 71 30 13 75
53,Hervé,Alphonse,juliettebriand@example.com,Guilbertnec,07 55 33 49 31
54,Louis,Lucie,bertrandchevallier@example.org,Mary,+33 3 22 66 47 13
55,Legrand,Thomas,brigitte04@example.net,Saint Amélie,05 45 45 07 85
56,Clément,Roland,merleisaac@example.net,Sainte Guy,+33 2 22 82 88 47
57,Gilles,Édith,lhoareau@example.org,Saint BenoîtBourg,0471580512
58,Perez,Gabrielle,marcelandre@example.org,Micheldan,+33 3 61 94 02 37
59,Delaunay,Françoise,christelle95@example.net,CosteVille,+33 (0)3 23 62 90 31
60,Perrot,Paul,paulduval@example.com,Mathieu-sur-Humbert,0218041056
61,Bonneau,Lorraine,jeanne31@example.org,Guibert-la-Forêt,05 40 87 19 88
62,Carlier,Zacharie,letellierjulie@example.net,Hamel,0145477491
63,Torres,Antoine,upelletier@example.com,Vallée-les-Bains,01 53 88 92 89
64,Bazin,Zacharie,hebertpaulette@example.net,Perezboeuf,05 49 53 83 64
65,Auger,Guy,sebastienhoareau@example.org,Masse,+33 (0)5 62 68 41 35
66,Gaillard,Anouk,alvesantoine@example.net,Pons,0179831450
67,Guyon,Alexandria,hmerle@example.com,Gillet,01 40 37 01 50
68,Chauvin,Alice,torrespenelope@example.org,Legros,+33 (0)5 53 86 19 04
69,Turpin,Auguste,eleonore25@example.com,Saint LéonVille,05 64 49 77 20
70,Teixeira,Margaret,catherine18@example.com,Saint Agnès,+33 (0)4 95 65 88 67
71,Techer,Alain,lucasbouvet@example.com,PoulainBourg,+33 4 70 43 47 18
72,Blanc,Adrien,ilegros@example.org,Bonnin-sur-Mer,+33 5 96 24 81 42
73,Joubert,Louise,chartieranais@example.net,Sainte Augustin-sur-Mer,+33 4 74 26 13 16
74,Launay,Paul,qgillet@example.org,Massondan,02 79 74 78 47
75,Petitjean,Suzanne,auroremahe@example.net,BoucherVille,01 82 24 83 22
76,Benard,Monique,jeanne35@example.com,Fischer,03 56 53 92 11
77,Jacquot,Charlotte,jperrot@example.com,Perrin-les-Bains,01 47 61 71 71
78,Becker,Émilie,langloisclemence@example.com,CoulonBourg,0182142044
79,Le Roux,Jeanne,guillonmargaud@example.net,Pires-sur-Bodin,+33 (0)2 51 03 87 16
80,François,Céline,valletconstance@example.net,Lagarde,0676674297
81,Lefebvre,William,odettenavarro@example.com,Leroy-la-Forêt,01 34 20 88 82
82,Maillot,Noël,placombe@example.org,Saint Geneviève,+33 (0)4 63 71 06 49
83,Mace,Susan,xmahe@example.net,BrunetBourg,04 80 20 52 50
84,Leclerc,René,anastasie38@example.com,Girard-les-Bains,0183310078
85,Lopes,Anaïs,bernadettemasse@example.com,Peron-sur-Daniel,0285737454
86,Verdier,Susan,thibaut24@example.org,Regniernec,+33 (0)4 91 39 47 03
87,Philippe,Marguerite,elodiemartin@example.com,FaureVille,03 62 63 27 79
88,Teixeira,Margot,martelluc@example.net,Lejeune,0234161662
89,Perez,Josette,lebretonelisabeth@example.com,Martinsboeuf,07 77 22 43 30
90,Petitjean,Laurent,rene94@example.com,Renard,+33 (0)3 89 14 43 90
91,Brunet,Valentine,gbailly@example.com,Rodriguezboeuf,+33 (0)5 54 75 26 65
92,Diaz,Nicole,isabelleclerc@example.net,Pruvost-sur-Deschamps,0562719189
93,David,Denis,andreelouis@example.com,Samson-la-Forêt,01 56 89 69 22
94,Roussel,Laure,jacquotalexandria@example.net,Bonnin,04 72 23 87 01
95,Hoareau,Lucy,jerome12@example.net,Pons,+33 (0)4 91 37 44 92
96,Guérin,Clémence,kblondel@example.com,Sainte Thibaut,+33 (0)3 57 58 91 85
97,Michaud,Georges,marcelcoste@example.com,Cousin-la-Forêt,+33 1 40 04 98 78
98,Benoit,Catherine,philippine49@example.com,Saint BernardBourg,+33 (0)2 97 68 43 05
99,Martins,Valérie,kcharles@example.net,Maillard,0221873711
100,Baudry,Bernard,martine61@example.com,Cousin,01 83 50 69 66
