name,email,date_recrut,salaire_annuel,salaire_active
Alexandre Peron,mmendes@example.net,1978-05-23,67061.84,False
Alex Lemonnier,marionmichelle@example.org,2011-08-29,39191.21,False
Denise Da Silva,victor94@example.com,1970-06-03,57772.56,False
Geneviève Lambert-Pascal,gmoulin@example.com,2007-09-17,58776.51,False
Laetitia Pascal,maillardnicolas@example.org,1970-09-18,70380.64,False
Marc-Noël Delmas,danielle58@example.net,1984-05-20,72247.76,True
Alphonse Rousset,marie30@example.com,2007-06-11,53347.16,True
Emmanuel Techer,marcelleperon@example.com,1991-12-05,34111.49,False
Louise Morel-Coste,giraudcamille@example.com,2024-06-13,79406.52,True
Michelle Bonnin,fchauvet@example.com,1987-06-16,38485.79,True
Susan-Bernadette Richard,sylvielemoine@example.com,2023-01-07,32981.24,False
Élodie de la Dupuis,gauthierbertrand@example.net,2002-06-07,77623.47,False
Joséphine Martinez-Lenoir,golivier@example.com,2003-12-10,70330.38,True
David Lebrun,peltierjuliette@example.net,1982-11-13,57839.73,False
Théophile Boyer,fredericbernard@example.net,1971-07-19,38462.63,False
Jacqueline Hamel,lefebvrepauline@example.com,1996-06-30,65466.13,False
Marguerite Dos Santos,eugeneberger@example.com,2007-12-03,37533.64,False
Mathilde Teixeira,anoukcousin@example.com,1995-07-06,16939.5,True
Luce Hardy,fhebert@example.com,1992-09-07,36104.93,True
Capucine Pottier,arthur63@example.net,1998-06-10,13655.64,True
Gilbert de Marchand,richard54@example.com,1977-09-27,21776.83,True
Marcelle Leblanc,alexandrebertrand@example.org,2018-11-09,59070.13,True
Emmanuel Le Gall,faubert@example.net,1988-11-01,59186.12,True
Nicolas Leleu,mendesalain@example.net,1994-12-22,54685.14,False
Gérard Bouvier-Mathieu,christelle77@example.net,2012-06-03,65871.99,False
Jacqueline Marques,guillaume36@example.com,1977-10-19,26090.33,False
Virginie Couturier,vcordier@example.org,2013-11-08,73901.8,False
Joseph Collet,catherinelegros@example.net,2011-09-15,45960.46,False
Aimé Gérard de Dijoux,marcelledavid@example.org,2000-08-03,19956.73,True
Laurent Michel,bernadette72@example.net,1998-10-30,22647.63,True
Denis Dumont du Cousin,margaudperon@example.org,1997-03-16,60416.87,True
Alix Pruvost,chantaldelaunay@example.org,2006-01-29,50395.53,True
Arthur Garcia,dominiquepoulain@example.com,1988-11-26,63234.85,False
Robert Durand,louiseklein@example.net,2008-06-26,31366.04,True
Laetitia Ferreira,wherve@example.net,2018-07-25,23542.75,True
Adèle Dias,isaacmoulin@example.org,1970-12-08,39231.77,True
Éléonore Grégoire,mvoisin@example.com,1985-03-12,57218.91,True
Timothée Jacob,uperrin@example.net,2003-11-24,41726.96,False
Margot Reynaud,letellierlaure@example.org,2013-03-03,77615.69,False
Clémence Salmon,valentine04@example.org,2016-12-20,39728.9,False
Anne Collin,omasson@example.net,2018-05-14,31647.07,True
Margaux Barthelemy,martineferreira@example.org,1983-03-14,55842.82,False
Bertrand Marques,thomas39@example.com,1999-01-14,60440.47,False
Constance Morin,charlestheodore@example.net,1976-04-23,76699.69,False
Julie Buisson,camillefischer@example.org,1982-04-04,70668.38,False
Gabriel Lévy,maryse81@example.com,2000-08-03,21543.85,False
Lorraine Durand,rfabre@example.com,2000-06-11,23242.84,False
Tristan Reynaud du Schneider,chartierisaac@example.org,1990-07-03,76028.55,True
Alfred Couturier,fischerdenise@example.com,1999-06-30,31468.32,False
David Lemoine,navarroelise@example.net,1994-11-25,77906.08,False
François Leleu-Chauvet,victorlemaire@example.com,1992-04-18,24910.9,False
Juliette Leconte-Perez,celinetoussaint@example.com,2020-04-17,46179.83,False
Aimé Maury,moulinsylvie@example.com,1979-06-30,18198.1,True
Élodie Bruneau du Lemoine,lfernandes@example.org,1992-09-11,60007.44,False
Bertrand Le Nicolas,valerie70@example.com,2017-12-18,40140.11,True
Agathe Gillet de Gomez,denismaury@example.net,2023-09-26,29814.73,True
Laurence Chauvin,vnormand@example.org,1977-04-08,32522.56,False
Théodore Hardy-Bigot,edithjacquot@example.com,1989-10-25,33873.87,True
Antoine Colin,gparis@example.org,2006-11-18,52823.39,True
Alexandre Grondin,girardjules@example.net,1998-12-18,28516.23,True
Luc Loiseau,jeanne74@example.net,2013-07-11,58477.49,True
Susanne Hoarau,augustepotier@example.com,2005-04-21,22846.14,False
Emmanuelle Duhamel de la Monnier,christellele-gall@example.org,1981-08-30,13205.4,True
Bernard Samson,nmace@example.net,2007-01-27,60929.2,False
Honoré Besson,josette54@example.org,2008-09-25,79935.14,True
Andrée de Seguin,william68@example.net,1977-07-08,35108.0,True
Simone-Adélaïde Carre,anaisseguin@example.org,1980-09-10,43920.76,True
Christelle Peltier,emilie22@example.org,2021-03-28,61941.48,True
Nath Voisin,boutinhenri@example.net,2020-08-12,27478.76,True
Xavier Le Delannoy,marianne76@example.org,2003-09-20,23189.43,False
Gilbert Legrand,sebastien13@example.net,2008-12-17,57731.93,True
Maryse Guilbert de Valentin,odeschamps@example.org,1987-02-06,47296.56,False
Geneviève Tanguy,kchretien@example.net,1974-02-15,43561.46,True
François Le Carpentier,ahebert@example.org,2006-09-02,27521.79,False
Amélie-Margot Berthelot,ymartins@example.org,1992-06-30,47779.14,True
Sébastien Letellier,vgonzalez@example.net,1987-10-25,75895.05,True
Bernadette de Sanchez,margot30@example.org,2017-04-16,70471.71,True
Véronique Martel,brigitte47@example.net,1975-07-21,17927.87,False
Audrey Michaud,stephanie61@example.com,2009-10-05,47530.8,True
Michel-Zacharie Clément,coulonbenjamin@example.org,2023-02-10,14096.66,True
Jacques Gérard,alfred60@example.net,1995-12-07,75367.0,False
Élisabeth Maurice Le Gilles,letelliermarcelle@example.net,2009-05-03,76472.77,False
Anastasie Delaunay,boulayjacqueline@example.net,2022-11-11,29806.28,False
Élisabeth Raymond Le Dupuy,huguesbernier@example.org,2017-06-16,65268.85,False
Isabelle Fernandez,nathalielelievre@example.com,2019-07-04,43156.1,False
Zoé Camus-Albert,elise74@example.org,1991-06-21,40298.35,False
Anne Colas,gturpin@example.com,1997-05-02,50434.61,True
Anne Le Gall,juliettemarion@example.net,2015-07-11,38036.31,False
Manon Letellier,marievictoire@example.com,1985-07-22,69496.06,False
Alexandria Le Gall,lucas72@example.com,1973-05-12,71839.4,True
Henriette Foucher,peltierauguste@example.org,2008-06-24,62042.83,True
Noël Lefèvre,huetalphonse@example.net,1979-06-20,14510.39,True
Colette Marchal,lelievremaggie@example.org,1991-08-17,79341.08,True
Alain Letellier de David,blondelroger@example.com,2013-02-28,28717.01,True
Valérie Antoine de Lefort,aperon@example.com,2021-04-16,74541.91,False
Alix-Amélie Coulon,gchauvin@example.org,2012-05-27,77698.83,True
Gabriel Lecoq Le Delorme,gerardcourtois@example.com,1998-11-02,13106.19,True
Hélène Bazin,lucas52@example.com,2021-11-03,42461.55,False
Margaud-Manon Thibault,arnaudepichon@example.org,2019-01-09,46054.95,True
Élise-Alexandrie Mendès,webernoemi@example.org,2022-03-29,10688.9,False
René de Olivier,andre72@example.net,1995-05-29,65594.47,False
Marthe Marchal,lorraineparent@example.net,2002-09-01,56784.67,True
Thierry Guyot,gregoire30@example.net,1990-04-20,68173.99,True
Julien Mercier du Fontaine,theophilechauvet@example.org,1992-02-16,73475.65,False
Marguerite De Oliveira,emiliebuisson@example.org,2000-07-15,58753.84,True
Nathalie Richard,toussaintolivie@example.com,2019-02-13,16935.57,True
Grégoire Buisson,sebastien26@example.net,2002-12-25,26076.16,True
Michelle Mercier,dos-santosjules@example.com,2005-06-20,21560.11,False
Colette Lefèvre,christophedufour@example.com,2017-11-27,66154.23,True
Yves Berger-Bouvet,frederique51@example.net,2010-02-19,29204.35,True
Émile-Richard Mendès,davidlebon@example.com,2019-03-16,35905.37,True
Léon de la Maillet,de-oliveiramichelle@example.com,1995-12-27,34889.78,True
Julie Lenoir du Laine,alexandre97@example.org,2009-03-16,54326.59,False
Matthieu Gauthier,barnaud@example.org,1974-05-16,60106.61,False
Raymond Blanchet,marquesetienne@example.com,1998-07-26,30196.23,True
Alfred Michel,thibautvallee@example.org,2007-03-16,54666.95,False
Jacqueline Giraud,vherve@example.net,2010-07-09,22805.62,False
Anastasie Neveu,ddupuy@example.net,1999-09-30,31687.6,True
Daniel Reynaud,rhubert@example.com,2020-05-12,29214.17,False
Michelle De Oliveira,margot95@example.org,1996-08-18,25070.86,False
Emmanuel Lebrun,tdelmas@example.org,2000-05-02,47836.61,True
Corinne Martins,aureliepierre@example.com,1982-01-08,27032.88,False
Stéphanie Mendès,lebonaurore@example.org,1980-04-21,78118.29,True
Madeleine Guérin,lucmasse@example.com,1973-07-18,45424.62,True
Adrienne-Susan Goncalves,lemaitretherese@example.net,1975-09-08,75279.59,True
Patricia Henry,antoine50@example.net,1996-05-29,40542.49,True
Philippe Ferreira,cphilippe@example.com,1979-01-01,77582.78,False
Michel Huet,pmartel@example.com,2012-03-09,47130.82,True
Élisabeth Peltier,victoirebesnard@example.com,2022-11-28,47131.38,True
Théodore-Bertrand Joly,jfouquet@example.com,1992-06-26,43912.5,False
Christophe Gautier,remy38@example.org,2015-01-21,12617.7,False
Élise Le Barthelemy,samsonclaude@example.net,2014-01-22,33202.07,True
Bernard Charrier,rodriguezcaroline@example.org,1998-05-08,57734.75,True
Lucie Blot-Raynaud,claudinemary@example.org,2006-01-24,60091.48,False
Tristan Gros,lpetitjean@example.com,1981-08-27,60713.39,False
Michel Hernandez,legroshenri@example.net,2025-01-25,63210.5,True
Élisabeth Delattre,tristanraynaud@example.com,1995-07-21,61325.5,False
Madeleine Louis-Leleu,denischarlotte@example.org,1970-08-22,51552.94,True
Benoît Deschamps,jremy@example.com,2018-01-04,42638.34,True
Gérard Lacroix-Roger,olivierbernier@example.net,2023-06-28,18251.61,False
Aimé Da Costa,hmichaud@example.net,2011-06-22,23486.46,True
Laurence Pereira du Schmitt,henricollet@example.com,2011-09-11,72792.21,False
Joséphine Mendès,martine39@example.com,2019-02-18,26309.23,True
Alain Le Joseph,pbarbier@example.org,1979-01-05,55151.6,False
Richard Marques,charlotte92@example.net,1987-07-19,35013.02,False
Victor Klein,pauletteprevost@example.org,1994-05-06,77540.37,True
Yves Besnard,margot84@example.net,2016-12-17,39673.74,False
Éléonore Bruneau-Richard,marcnormand@example.org,1985-05-17,12530.8,True
Diane Meunier,honore39@example.com,2015-04-18,77771.69,True
Isaac Sauvage,petitjeansusanne@example.net,1976-02-10,23347.53,True
Jean Ollivier,tmartel@example.org,2000-04-14,10203.01,True
Sophie Brunet-Leleu,gomespierre@example.net,1984-04-03,14099.7,True
Paul-Emmanuel Dumont,blancmargaret@example.net,1989-05-11,52629.52,True
Rémy-Joseph Masson,bernadettebarthelemy@example.net,1983-02-21,65217.0,False
Jacqueline Lejeune,meyerlorraine@example.net,1993-08-04,37430.49,True
Aimé Bouchet,capucinefournier@example.com,2004-04-26,53139.25,False
Martine Gillet,le-goffcharlotte@example.org,2000-12-14,42984.85,False
Bertrand David Le Buisson,legendreastrid@example.net,2005-03-12,65803.18,False
Lucie Lecoq,martelmathilde@example.com,2000-04-19,10402.29,True
Alain Didier-Pires,isaac94@example.com,2000-09-15,70351.55,True
Lucie Lopes,mahemarie@example.org,1995-02-19,52920.71,False
Patricia Dias,guillaumemace@example.net,1985-05-08,54339.16,False
William Hoarau,ztexier@example.net,2013-02-26,40970.64,True
Benoît du Lecomte,straore@example.org,2011-05-16,65717.04,True
Luce-Éléonore Carre,clairevalentin@example.com,2022-01-13,75950.0,True
Inès Dupuis,rmaillet@example.net,2012-01-28,18376.56,False
Théophile Coulon,qrey@example.org,2003-08-21,19229.0,False
Laurence de la Leduc,phoarau@example.net,2019-02-14,30971.65,True
Michèle Marchand du Vaillant,adelaidegonzalez@example.com,1978-03-23,69721.25,True
Benjamin du Boyer,marcelleroy@example.com,2017-04-26,27752.58,True
Océane-Lucie Jacques,arnaude62@example.net,2006-04-11,14115.6,True
Laetitia Arnaud,rberthelot@example.com,2015-01-10,33484.35,True
Adrienne du Ruiz,bvoisin@example.org,2009-12-26,52611.49,True
Frédéric Vallée,lucie73@example.com,1990-03-04,79458.8,True
Françoise Guyon,camilleloiseau@example.com,1976-08-12,25298.24,False
Tristan Dupuy,mariannerenault@example.org,1980-10-19,63216.82,True
Odette Le Nicolas,mdupuy@example.com,2022-12-09,21162.06,False
Anouk de la Jacob,vbertin@example.org,2002-07-17,54943.42,True
Laure Le Evrard,patricialelievre@example.org,1988-08-18,64533.55,False
Jean de la Texier,abreton@example.org,2007-09-27,72948.77,True
Alphonse Devaux,slouis@example.net,1977-11-03,34341.86,False
Adélaïde Lagarde,parentfrederique@example.com,2019-12-13,66129.11,True
Rémy-Charles Hamel,diane33@example.net,1971-09-15,39598.77,True
Isabelle-Maggie Boucher,bjoseph@example.org,1987-07-14,19798.93,True
Laure Louis,lucemaurice@example.com,1998-06-12,22322.8,False
Camille-Jeanne Dufour,adamrichard@example.org,2013-09-24,44786.33,True
Frédérique Le Roy,aurelie14@example.net,1990-09-19,44058.76,True
Juliette Louis,leclercaurore@example.net,1992-06-23,35956.98,False
Pénélope Breton-Fernandes,rcolas@example.net,2023-08-19,13148.63,False
Capucine Alexandre,christianelaroche@example.com,1986-08-25,56314.45,False
Simone Daniel,marineschmitt@example.net,2001-01-18,23219.44,True
Aurélie Rolland,jacques20@example.org,2021-02-23,13810.11,True
Inès Garcia,patriciapruvost@example.com,1992-06-28,43122.29,True
Alexandria Hebert,stephanieblondel@example.net,1973-06-28,60913.1,False
Tristan Michel,zlevy@example.com,1974-06-15,28583.78,True
Jean Jacquet-Noël,alexandreboulanger@example.net,1978-11-26,50686.41,False
Antoine Labbé,garciavictoire@example.org,1984-06-14,77740.29,False
Olivier-Isaac Bertrand,theresepetitjean@example.org,2022-05-05,19445.48,False
Roland-Thomas Bernard,legerdaniel@example.com,1993-07-30,47586.67,False
Gilbert Salmon,adelaidelegendre@example.org,2012-07-05,15617.34,False
Augustin Denis,perretandree@example.com,1980-07-12,77715.19,False
Juliette Guillot,le-goffalexandria@example.com,1971-09-03,53218.02,False
Christelle Andre,npasquier@example.com,2012-07-19,64898.17,False
Monique Maillot,audrey31@example.org,1973-03-31,79827.54,True
Bertrand Valentin,bousquetamelie@example.org,2023-09-17,32054.71,False
Édith Charles,marianne95@example.com,1991-02-15,48959.14,False
Renée Labbé,helenemartin@example.net,1978-09-13,57524.72,False
Luce Samson du Benoit,jeannineda-costa@example.com,1996-03-07,10571.91,False
Olivier Blanchard-Brun,lebretonbernard@example.net,1974-08-05,76155.51,True
Henri Henry,benoitreynaud@example.net,1998-10-07,73463.44,True
Xavier Mathieu,henri04@example.org,1981-12-16,32267.42,False
Suzanne Thibault,lfrancois@example.org,1972-10-17,50452.28,True
Françoise Carre,zboulanger@example.net,2010-12-25,36009.55,False
Jean Lombard du Blot,francoisjulien@example.com,1991-06-08,48545.2,True
Lucas Lombard,olivierpichon@example.net,1974-11-30,72113.5,True
Chantal de Laine,matthieu15@example.net,1987-10-20,77027.87,False
Frédérique Dos Santos,ubonnin@example.org,1971-11-16,15909.83,False
Henri Mallet,lucemoreau@example.org,1975-04-03,13456.79,False
Laure Bertin,christinechretien@example.net,2012-03-28,32001.67,True
Bernadette Jacob,hrolland@example.com,2020-09-04,76690.7,True
Théodore Collet,aime02@example.net,1974-12-14,41495.4,False
Édith Thomas,uramos@example.net,1973-12-28,24539.4,False
Dorothée Valentin,hameljulien@example.net,2011-01-31,15697.57,True
Laurent de la Leroy,rogerteixeira@example.net,2007-04-23,46784.49,True
Tristan Martineau-Boucher,frederic94@example.com,1997-02-28,65425.61,False
Étienne Dupont,philippe69@example.com,1982-04-17,70692.57,False
Michelle Thierry,sebastienloiseau@example.org,2020-06-14,52854.1,True
David Millet,suzanneverdier@example.net,1982-04-21,10256.74,False
Guy Olivier,petitjeanclaudine@example.org,2017-05-22,11920.28,False
Bertrand Bertrand de Dupont,theophile45@example.org,2015-12-01,77034.48,False
Juliette de la Lucas,perrinfrederic@example.org,1970-06-30,23781.15,False
Olivier Barbe,corinne53@example.net,2006-12-30,10055.09,True
Agnès Jean-Ferreira,parentjacqueline@example.com,1983-06-17,12021.05,False
Aurore Le Nicolas,isaacgirard@example.net,2007-12-24,14380.11,True
Raymond-Zacharie Noël,pierreadele@example.com,1996-04-04,14676.97,False
Paulette-Astrid Dubois,kdelorme@example.net,1999-04-13,63022.05,True
René Boulay,zdupuis@example.com,1979-02-18,45706.29,True
Olivier Normand,uguillaume@example.org,1975-11-12,46199.07,False
Augustin Launay Le Rousset,caroline46@example.org,2005-08-28,62561.77,True
Susan Poirier,susannemathieu@example.net,1989-07-01,19671.05,False
Aimée Breton du Lefèvre,michelfouquet@example.org,2004-03-15,70296.29,False
Nicolas du Garcia,roygenevieve@example.com,2012-04-04,39154.63,True
Maurice du Antoine,alexandre14@example.org,1990-12-19,61011.25,False
Alexandre Le De Sousa,ramosmartin@example.net,1975-06-14,48393.63,True
Claudine Descamps,roland13@example.org,2007-03-03,43213.95,True
Philippine Guichard-Gallet,richard73@example.org,2002-01-30,18011.76,True
Juliette Traore-Da Costa,lgrondin@example.net,2024-07-20,16189.14,True
Alexandria Guyon,christine66@example.net,1976-10-28,31499.71,True
Anouk Pottier,vincentfoucher@example.org,2023-03-04,59366.88,True
Raymond Durand,nathalieadam@example.net,1994-07-12,14776.65,True
Alexandria Pires,jgarcia@example.net,2006-01-21,67917.05,True
Emmanuelle Huet,frederique42@example.net,2004-04-27,19116.42,False
Suzanne Charpentier,juliemarin@example.org,1984-02-26,31131.84,True
Michelle Guillon,hardylouis@example.net,2005-08-23,73820.39,False
Nicolas Leclerc-Lesage,mchevalier@example.org,2001-07-09,19164.25,False
William Mathieu,gerard13@example.com,2003-05-26,13509.06,False
Alfred Maillet-Perrin,yjacob@example.com,2012-04-14,24332.61,False
Dominique Guillou,nicolasroussel@example.org,2014-07-14,62598.56,True
Zoé Bonnin,meunierstephane@example.org,2005-12-09,68706.22,True
Michelle Olivier,rgilbert@example.org,1979-01-10,29983.18,True
Nicolas Chauveau,bernadetteklein@example.org,1971-11-27,44239.09,False
Anouk Weber,andree20@example.org,2023-08-22,69847.97,False
Océane Benard,josephgros@example.net,2001-05-08,41361.59,False
Noël du Blanc,gilbertgabrielle@example.net,1982-11-29,77500.45,True
Antoinette Turpin-Fouquet,delannoygilbert@example.com,1990-03-31,69171.31,False
Océane-Aimée Joly,andre98@example.com,1971-04-30,45631.14,True
Frédérique Schmitt,deniselaine@example.org,2024-10-11,21244.87,True
Rémy de Leblanc,spoulain@example.org,2015-06-10,49441.55,False
Grégoire Arnaud,vincentweber@example.com,2009-02-28,14979.29,True
Alexandria Letellier,rivierebernadette@example.org,1996-09-05,38887.17,False
Maryse du Couturier,bertrandmonnier@example.com,2022-01-04,59029.82,False
Aimé Maillet,laurentguerin@example.net,2004-09-15,32508.23,True
Tristan Martinez,alixlopes@example.net,2010-06-30,75611.89,True
Andrée Rousset,susanberger@example.com,1996-03-06,39505.24,False
Thomas du Lefort,garciasabine@example.net,2004-10-22,37049.45,False
Pierre Chauveau-Barthelemy,vincentmonique@example.com,1983-12-12,34449.01,True
Rémy-Raymond Diallo,cmarechal@example.org,2021-08-31,67917.53,True
Benoît Joubert,emmanuelleleroux@example.com,1999-10-30,26727.96,True
Sabine Reynaud,michel28@example.org,1970-08-29,64760.99,True
Odette Laroche,lebretonhelene@example.org,2001-02-09,39356.83,False
André Léger,michel83@example.net,1975-11-29,50045.04,False
Frédérique Turpin,aubrymaggie@example.net,2010-05-27,76826.99,True
Margot Godard,thibaultmartin@example.org,1994-07-20,51986.86,True
Denise Leleu,imorvan@example.org,1994-11-12,55661.16,True
Alexandre Morin,hferreira@example.net,2024-10-05,73295.47,True
Sabine Neveu du Gilles,josettedelmas@example.com,1974-11-03,78352.24,True
Eugène Maillet,francoiseneveu@example.com,1989-11-20,27641.72,True
François Bertin-Dijoux,perezlorraine@example.com,2020-02-18,17135.21,True
Guillaume Boutin,susan65@example.net,1993-12-09,61156.36,False
Aimé-Denis Lévy,raymonddupre@example.com,2010-03-22,66900.48,False
Lucas-Tristan Sauvage,pruvostgilbert@example.org,1994-11-02,36221.88,False
Agathe Petitjean,oceane99@example.net,2012-07-01,52223.62,False
Pénélope Lecomte-Lévêque,lucasdevaux@example.org,1995-07-07,62184.8,False
Astrid Duhamel,astridrousset@example.org,1981-11-26,11412.22,False
Matthieu Allard,malletbenjamin@example.org,2011-09-18,56933.7,False
Gabriel Delahaye de la Bourgeois,colasmarcel@example.net,1978-09-21,24496.12,True
Joséphine Gautier,hdijoux@example.net,1972-01-11,34828.74,False
Éric de Moreno,kbonneau@example.org,1997-06-22,32656.02,True
Michel Berthelot,michele01@example.com,2020-10-14,75493.32,False
Adrienne Picard,tbrunel@example.net,1996-12-07,68206.72,False
Noël Devaux,slouis@example.org,1980-02-18,25303.77,True
Étienne Garnier-Guilbert,garciatheodore@example.net,2020-01-06,10869.17,False
Josette Mercier,hvasseur@example.com,2005-10-09,47041.82,False
Gérard Le Texier,jeanlucas@example.com,2009-08-28,50306.76,True
Roland Guilbert,honorerodriguez@example.net,1980-12-26,59436.55,True
Antoine Toussaint-Duval,imercier@example.org,1977-06-20,39978.37,False
Alex Reynaud Le Sanchez,pierre73@example.org,1977-04-25,33868.67,False
William Clément-Lemoine,ydijoux@example.org,1994-03-31,66783.24,False
Anne Lelièvre,legrosnicolas@example.org,2023-08-24,45454.7,True
Auguste Salmon,qlenoir@example.com,1984-01-12,48292.96,False
Antoine Grondin,aurore54@example.org,1995-01-25,62423.63,True
Inès Blanchard de la Carre,philippine50@example.org,2020-10-27,22523.1,False
Richard de Petit,pschneider@example.com,2013-04-01,65189.86,True
Antoine Ferrand,leon72@example.org,2024-09-17,28862.09,True
Marguerite-Cécile Dumont,honorebegue@example.org,1970-10-15,19358.52,True
Marianne Antoine,danielle68@example.org,2016-12-17,38171.29,True
Franck Fabre,perrotrobert@example.net,1994-05-17,64504.49,False
Thomas Pottier,obrun@example.net,1999-02-02,17017.26,False
Philippe-Stéphane Muller,lbaudry@example.net,1995-06-21,63420.51,True
Michel de la Pruvost,pmonnier@example.org,2016-08-28,66898.25,False
Grégoire Collin,slenoir@example.com,1991-10-21,15600.19,True
Aurélie Coste de la Morel,nathaliejacob@example.net,1974-12-27,58726.24,False
Roland Cohen-Georges,qaubert@example.org,2012-04-14,42981.17,True
Jules-André Aubry,bpoirier@example.com,2011-09-02,53196.39,True
Isaac Morvan,ollivieralfred@example.net,2022-12-21,49103.25,False
Anastasie Charles Le Pottier,bdos-santos@example.net,2009-01-12,68517.39,False
Michèle Hoarau du Potier,berthelotaime@example.org,2024-01-02,11600.21,False
Nathalie-Frédérique Rodrigues,andre82@example.net,2016-09-15,37878.26,False
Michel Aubry,riviereelisabeth@example.net,2002-02-09,25659.16,True
Alexandre Fournier,eleonoreledoux@example.org,1997-08-02,57226.78,True
Laetitia Bodin,patrick66@example.com,2023-05-14,28780.61,True
Odette Labbé,alexandriabegue@example.net,1994-04-05,41503.77,False
Martine Poulain,jacobdominique@example.com,1980-09-17,74639.33,False
Joseph Lelièvre,ebrunet@example.org,1971-08-13,76695.08,False
Cécile Moreau,peronbertrand@example.org,1979-09-20,54608.54,False
Nathalie Perrot,augustin90@example.net,2021-09-11,14716.85,True
Isaac Clerc-Lefort,guyonmargaret@example.net,2004-03-04,54340.88,False
Madeleine-Alexandrie Germain,noemichevallier@example.com,1990-06-05,41554.65,False
Thierry Guibert,baillyzoe@example.net,1982-09-28,64732.85,False
Thibault Dijoux,emilie24@example.net,1998-08-02,22384.26,True
Emmanuelle Alves,anouk75@example.com,1994-05-31,36423.61,True
Renée Besnard du Blin,denismarin@example.org,1998-10-28,49668.42,True
Frédérique Simon,laurence54@example.org,1990-06-04,76456.46,True
Roger Aubry,christophe62@example.org,2001-12-09,27759.81,False
Claudine Sanchez,celineleclercq@example.net,2016-12-08,33057.35,True
Élisabeth Nguyen,virginieleveque@example.com,2011-11-09,31684.19,False
Franck Letellier,delahayejules@example.com,2002-03-28,45002.96,False
Zoé Costa-Raynaud,francoisejacquet@example.net,2011-01-15,52006.18,True
Julie Da Costa,obecker@example.net,1998-09-28,56069.23,False
Bernard-Olivier Bertin,sbaron@example.com,2013-05-13,68253.7,True
Claire Le Dupré,petitmatthieu@example.net,2000-07-16,37593.49,True
Hugues Maillard,remypetitjean@example.com,1992-12-01,67646.99,False
Henri du Mallet,garniercaroline@example.net,2017-06-03,62258.65,False
Yves De Oliveira du Rivière,qduhamel@example.com,1982-08-09,49544.77,True
Alix Hardy,rgarcia@example.com,1986-11-11,66528.98,True
Suzanne Richard,simonelevy@example.org,1994-07-28,30340.31,False
Grégoire de la Pierre,gabrielguillet@example.org,1971-03-06,17307.39,True
Gilbert Chauvin du Rodriguez,mjacquet@example.com,2022-12-24,69997.7,False
Gilbert Chauvet,laurentgros@example.net,1995-10-03,40661.98,False
Anastasie Le David,david09@example.net,2021-08-10,41427.59,True
Philippine Regnier,fmenard@example.net,1999-06-08,71501.24,True
Andrée Wagner,barthelemyhenriette@example.net,1973-04-09,45951.91,True
Marguerite Turpin,bgiraud@example.org,1975-11-15,61917.02,True
Marc Gomes de Vallée,valletcharles@example.com,2002-07-06,13054.69,False
Michel Chauvet de la Couturier,garnierrichard@example.org,2013-11-14,54327.68,True
Michelle-Valentine Blanchard,suzanneleleu@example.com,2021-12-15,77395.08,True
Louise Leblanc-Renault,anoukbreton@example.com,2025-05-25,64815.5,False
Christophe Bègue,alphonse79@example.org,1997-08-15,42555.53,True
Michèle Fischer,weissstephane@example.org,1988-09-11,44986.39,False
Luce Normand de la Nguyen,etienneandree@example.com,1994-09-27,73869.27,False
Antoinette Maillet,sphilippe@example.net,1977-06-12,17929.59,False
Jules Raymond,sabine61@example.net,1994-02-24,69945.54,True
Noël Mercier,nathfleury@example.org,1977-07-13,37412.52,False
Marcelle-Adélaïde Lacroix,saubert@example.net,2021-11-17,44029.27,False
Rémy Jacquot,zacharie15@example.com,1989-01-25,24451.8,False
Anastasie Guilbert,bblin@example.com,2003-09-25,27167.59,False
Margot du Regnier,gaudintimothee@example.com,1986-05-29,59843.05,False
Camille Humbert,pruiz@example.org,1977-02-08,21222.96,True
Frédérique du Albert,tdupont@example.net,1973-08-05,14814.6,False
Marthe Alves,noel03@example.net,2001-12-23,25675.33,True
Michel Lacombe,tparis@example.org,2018-06-13,53344.43,True
André Navarro,eric81@example.net,2023-08-15,75359.47,True
Éléonore Fischer de Legendre,carolineriou@example.org,2000-07-13,40591.81,True
Auguste-Henri Pruvost,tboulay@example.com,2020-01-09,78540.37,False
André-Vincent Vincent,genevieve25@example.net,2005-03-23,47027.44,False
Gérard Weber,aime61@example.net,1987-11-12,52248.01,True
Aurélie Le Lemonnier,elise60@example.com,2021-03-13,56375.68,True
Margot Laine,marcel85@example.org,1970-06-13,40517.29,True
Raymond-Victor Devaux,celine68@example.org,2009-09-16,23473.66,True
Margaud Labbé,nmichaud@example.org,2012-09-18,38841.05,True
Isaac Perrot,langloisalain@example.net,2022-10-12,13861.03,True
Timothée Adam,parnaud@example.org,2024-08-07,58431.06,True
Monique Millet,eblin@example.com,2012-04-11,24489.93,True
Sébastien-Rémy Lagarde,yveslevy@example.com,2017-01-28,44859.19,False
Lucy de Dufour,claudine44@example.net,1971-08-20,38447.87,True
Claude Hoarau,gregoireclaire@example.net,1994-05-18,61716.7,True
Nathalie-Michèle Lefebvre,ocollet@example.com,1991-08-21,25963.81,True
Martin Moreau,iclement@example.net,2017-07-25,41640.76,True
Nathalie Gosselin,zpottier@example.net,2022-02-04,27708.94,False
Sylvie Moreau,remyandre@example.org,2012-06-29,19811.86,False
Pauline-Emmanuelle Bazin,michelmeyer@example.org,1975-05-08,24888.4,False
Lorraine Meunier,joseph39@example.com,1974-10-06,17056.24,False
Geneviève-Simone Torres,turpinandree@example.org,2010-06-25,75929.46,True
Gabriel Coulon-Baudry,emmanuel92@example.com,1977-11-26,45262.86,True
Théophile Morel-Bigot,dianechartier@example.org,1995-05-09,67421.05,True
Jeanne Turpin,patrick08@example.org,1981-03-01,46853.24,True
Christine de la Ramos,laportenathalie@example.org,1992-05-15,47658.95,True
Camille Moreno,mde-oliveira@example.com,1990-07-17,16022.53,False
Agathe Lenoir,maurice22@example.net,2002-07-09,16966.46,True
Lucie Mary,chantalle-roux@example.net,2007-03-01,17363.9,False
Aurore-Alexandrie Ribeiro,robert24@example.org,1977-12-29,45734.46,True
Isaac Fouquet,alainbrunet@example.com,2017-05-07,58425.0,False
Geneviève Simon,xcousin@example.net,2017-04-18,40536.85,True
Jean Camus de Gaudin,hebertcorinne@example.org,1975-11-15,62100.27,False
Constance Morvan,toussaintedouard@example.net,1996-12-04,71540.17,True
Aimée Gallet,adelaidepetitjean@example.net,2017-07-16,50940.84,True
André Maillot,gilbert27@example.com,2008-09-16,37323.82,True
Aimée du Briand,pottiermaggie@example.net,1989-08-22,59112.06,True
Christiane du Legrand,frederiquesanchez@example.com,2017-06-05,28650.21,False
Étienne Guichard,paul18@example.org,1981-12-20,57295.93,True
Céline Weber,william19@example.com,1992-11-05,49062.83,True
Léon Lebon,da-costamarcel@example.net,2015-01-30,32091.3,False
André Pierre-Collin,luce76@example.net,2003-01-18,77857.92,False
Frédéric Bazin,gerardgilles@example.com,2005-02-11,12353.69,False
Alfred Boulay,audreyboucher@example.net,2006-08-13,75355.75,True
Émile Besnard,therese96@example.com,1981-04-28,56274.35,False
Étienne Brunel,adenis@example.net,2015-11-15,50901.97,True
Alexandre Thomas du Gallet,ocousin@example.org,2025-01-08,12340.87,False
Michel Colas,claire84@example.org,1994-06-23,10759.44,True
Philippine Lejeune,antoine55@example.net,1993-08-29,50311.79,True
Alex de Chartier,adrienleduc@example.net,2013-08-18,50898.41,True
Cécile Dufour,victoireregnier@example.net,1979-09-09,11021.39,True
Laurent Pelletier,lucasalexandria@example.com,1974-12-05,28726.9,False
Michèle Humbert,michel43@example.com,2024-10-13,29925.58,False
Lucas Pelletier-Becker,moniquegerard@example.net,2013-01-02,45740.53,True
David Baudry,lacroixsophie@example.org,1991-04-19,33661.02,True
Margaret Martinez,zhubert@example.com,1974-01-13,74721.72,False
Laurence Schmitt,michel74@example.net,2021-03-03,68865.75,True
Georges Dupont,marcellegodard@example.com,1986-11-20,45162.65,False
François Germain,zevrard@example.net,2018-07-06,50377.82,False
Sophie Andre du Morin,blancmadeleine@example.org,2013-03-30,16140.11,True
Georges Maillard,wmarques@example.net,1972-07-06,53565.94,True
Patrick Laine,crenaud@example.net,1971-03-12,58871.74,True
Laure-Henriette Guillot,mariannecoste@example.com,2003-10-05,17683.18,True
Adrien Camus,renehoareau@example.com,1981-07-17,71584.65,False
Michelle Gay-Leduc,dsauvage@example.org,1999-10-11,47603.65,True
Maurice Dumont,launayaudrey@example.com,1978-06-15,11548.07,False
Théodore-Michel Besnard,susan81@example.com,2003-01-08,12625.43,True
Gérard Louis du Lambert,laurence14@example.net,1976-10-26,77167.2,True
Augustin Boucher,regniermartine@example.org,1979-02-21,41797.68,True
Camille Pierre-Godard,celineboulay@example.org,1989-06-24,58259.39,True
Zacharie Lombard-Carre,kdupont@example.com,1971-03-13,24154.13,True
Zacharie de la Ruiz,thibaultmerle@example.com,1998-05-13,66485.89,False
Cécile Dias,albertlaurence@example.org,1988-04-03,30681.82,False
Diane Le Blin,perezclaude@example.org,2013-01-30,77397.17,False
Suzanne Pereira,xpeltier@example.net,1995-08-01,43109.12,False
Tristan Gallet de la Grondin,ulopes@example.org,2025-03-20,27172.65,True
Aurélie Goncalves,xblondel@example.org,2015-10-30,28142.36,False
Yves Parent,nicolascouturier@example.com,1985-07-12,56568.77,True
Marcelle-Marcelle Menard,margaud23@example.org,1993-11-30,76199.86,True
Frédéric Duval,rossihenri@example.org,1999-10-16,63121.07,True
Patricia Delannoy,nlemonnier@example.net,2014-12-24,79576.28,True
Jean Lejeune de Aubry,costamartin@example.net,1980-04-29,59057.09,False
Alexandre Normand,diazbrigitte@example.com,2016-07-04,34858.92,True
Antoine Lemaître,ehenry@example.com,2002-03-04,25282.23,False
Aurélie-Joséphine Fontaine,picardrichard@example.com,1975-09-30,16133.13,True
Anastasie Colin,paulantoine@example.net,1977-07-15,21593.09,True
Arthur Schmitt,jeanroche@example.com,1972-07-19,40943.86,False
David de la Bouvet,hugues24@example.org,2005-05-13,55678.62,True
Émile Mendès,julie04@example.org,2019-05-06,79473.25,False
Zacharie Henry,ygermain@example.com,2018-11-16,63140.05,True
Élodie Foucher de Vallée,sophiebouvet@example.org,1980-03-24,53992.43,False
Denis Traore de la Richard,mpotier@example.com,2009-10-18,16197.0,False
Jules de la Collin,manon17@example.net,1993-09-11,75334.16,False
Bernadette Diallo,penelope49@example.org,1985-11-10,76236.37,True
Frédérique Jacob,peronsuzanne@example.org,1993-08-23,12287.88,True
Gabrielle Vaillant,yguerin@example.com,1976-03-13,45104.85,False
Lorraine Bouvier,edouardpineau@example.com,2018-05-04,67932.48,True
Guy Hebert,evrardodette@example.org,2013-06-26,27032.72,False
Noël Normand,danielle75@example.com,1993-09-14,49007.77,True
Simone du Millet,paulette60@example.com,2002-11-13,66401.06,False
Claire Martel,ygerard@example.net,2021-01-01,27097.47,False
Pénélope Le Delorme,lucledoux@example.com,1982-11-25,58394.85,True
Danielle-Colette Sauvage,omorel@example.org,1981-07-07,79602.05,True
Benoît Sauvage-Descamps,eleonore15@example.net,1987-06-08,18022.54,False
Étienne Barbe,dcarpentier@example.com,1975-01-20,12200.35,False
Suzanne Barre,philippe53@example.net,1990-09-08,76939.83,False
Margaud Gomes Le Bruneau,marie83@example.net,1977-03-03,28339.7,False
Marianne Maillot,edumas@example.net,2020-05-12,68837.51,False
Pénélope Delaunay de Breton,audreyhernandez@example.org,2002-07-13,77993.17,False
Élisabeth Nguyen,adele96@example.com,1983-02-09,49975.28,False
Stéphane Grégoire-Jacques,adelaidecharles@example.org,1971-07-25,51804.53,False
Hugues Lacombe,kchevalier@example.org,2001-08-28,59110.9,False
Nicolas de la Da Silva,bertrand86@example.com,2022-09-17,26748.19,True
Chantal Goncalves,de-oliveiraines@example.com,2004-01-31,77277.37,False
Adrien Teixeira,xfernandes@example.com,1972-03-29,53664.43,False
Odette Guillon-Chauvin,jeanbegue@example.com,2007-05-25,10371.75,False
Daniel Roche,alexcourtois@example.com,1984-11-10,72412.69,True
Roland du Loiseau,marcellelemoine@example.net,2004-02-23,75897.68,False
Stéphane-Nicolas Bouvet,bonnindanielle@example.com,1990-08-17,20632.72,False
Stéphanie Morin,adelaide89@example.org,1977-06-21,23729.37,False
Odette Guyot,theophileleclercq@example.org,1977-05-26,29291.57,True
Alex Barre-Benoit,ngay@example.com,2004-03-19,47848.05,False
Alix Le Michel,srossi@example.com,2009-11-02,31827.91,True
Julien Collet,mathildejoubert@example.org,1974-03-23,64237.9,False
Antoine Maillard de Verdier,marine23@example.com,2021-03-12,72473.36,True
Monique Reynaud-Navarro,louisele-gall@example.com,2024-05-19,77393.09,False
Aimée Rodrigues du Martin,fblondel@example.net,1997-11-12,15235.18,True
Alix Schneider,brigitteherve@example.net,1990-01-23,40334.19,False
Rémy Vasseur,dominiquejoubert@example.com,2024-02-05,44827.27,True
Sylvie Menard,rlaurent@example.org,1996-10-05,52554.29,False
Thibaut Gomes,henriguillon@example.com,1970-11-02,60055.87,True
Margaud Da Costa,patrickhebert@example.com,1982-08-09,25377.42,True
Isabelle Martinez,emmanuel95@example.com,2006-05-12,55921.77,False
Franck Meunier de Letellier,yleveque@example.com,2011-07-21,72946.47,False
Christine Masson-Barbe,roger94@example.com,1972-07-23,15474.25,False
Thibaut Maréchal de la Meyer,zcoulon@example.com,2010-09-21,76561.93,True
Vincent Rolland,sabine56@example.org,2018-12-03,48183.13,False
Adèle Bonneau,martinblanchet@example.com,2017-10-30,79215.08,True
Benoît Roy de Bourgeois,diane24@example.com,1986-01-12,24913.77,True
Henri-Laurent Renaud,adelaide48@example.org,2008-01-15,16789.86,True
Josette Dijoux,hvallee@example.org,2002-09-12,13820.41,True
Constance-Colette Julien,iletellier@example.net,1989-02-23,64537.84,True
Nathalie Maillot de Marty,rthierry@example.com,1995-03-23,64173.79,False
Timothée Lamy,lrenaud@example.com,1999-04-17,75672.08,False
Bernadette Coulon,malletrene@example.net,1979-10-19,52828.94,True
Émile Roger,madeleinebuisson@example.net,1993-04-26,77862.35,False
Thérèse Rousseau,laetitia89@example.org,2019-03-28,63952.06,True
Nicolas Perret-Marie,brey@example.com,2013-04-18,34317.13,False
Christophe Millet-Nicolas,delaunaylaurent@example.org,2004-05-14,30234.68,False
Guillaume-Frédéric Labbé,xollivier@example.com,2002-05-07,35320.62,True
Robert-Marc Fournier,georgesanais@example.org,1982-12-20,16038.55,False
Josette Andre,maggieperez@example.com,2004-08-05,10736.31,True
Thibault Le Michaud,josephine55@example.net,1993-03-30,34843.08,False
Franck Diallo,julienlombard@example.org,2000-07-12,40781.14,False
Léon Carlier,dupreemmanuelle@example.org,2007-08-01,74742.86,True
Anouk Camus,bazinchristine@example.com,2011-12-19,61656.16,True
Paul Baron-Leroux,juliette34@example.com,2010-04-17,61803.8,True
Virginie Lelièvre,marguerite08@example.com,2018-11-27,39972.09,True
Stéphanie de Lefèvre,denise57@example.net,1984-05-26,76870.04,False
Célina-Olivie Barre,upruvost@example.net,1971-08-22,42267.38,False
Roger Leroy,xlaroche@example.org,1977-12-17,27988.05,True
Denis du Pinto,allainsabine@example.com,1986-02-22,78280.78,True
Luc Le Bouvier,anais03@example.net,2004-11-08,46249.59,False
Victor Marie de la Bruneau,alexandreandree@example.org,1986-04-25,60571.37,True
Hélène-Philippine Royer,elisabethgautier@example.net,2011-06-24,39621.29,True
Christine-Margaud Brunet,elisabeth26@example.com,1972-10-04,49128.3,False
Christelle Da Costa-Humbert,alfredramos@example.com,1982-06-25,68564.31,False
Michelle Lelièvre,margot39@example.org,1995-04-17,61190.22,False
Geneviève Le Masse,isaac52@example.net,1997-11-02,18597.93,True
Eugène Bourdon,zoegillet@example.net,2015-03-05,24919.16,False
Patrick Le Laine,julie14@example.com,2011-05-13,59182.67,False
Astrid de Dupré,rogerlopes@example.net,1989-04-09,47677.28,False
Roger Hoarau,michelleduc@example.net,1979-11-04,61275.35,False
Suzanne Martineau,onormand@example.org,1992-01-15,23358.1,False
Philippe Rolland,valentine33@example.com,1999-04-18,71319.49,True
Olivier du Jacquot,efrancois@example.org,1980-02-26,65169.26,True
Olivie Brunet de la Bourdon,eugenecouturier@example.net,2010-12-20,39511.46,False
Michelle Duhamel,jroy@example.net,2000-10-21,28762.65,False
Inès Albert,qbarbe@example.com,2016-06-27,45166.88,False
Jeanne Marty,nguyenluc@example.net,1994-07-20,67434.35,True
Thomas Baron de Didier,wlemoine@example.net,2001-04-28,30456.24,False
Isaac Antoine,laurentlouise@example.com,1979-10-11,34343.89,False
Arnaude Dubois,philippedeschamps@example.org,2015-04-04,66103.09,False
Robert Pruvost Le Toussaint,adele59@example.net,1987-01-24,15934.42,True
Marguerite Tessier,imahe@example.org,1983-08-12,66376.54,True
Claire Vasseur de De Oliveira,dorothee13@example.net,1981-04-05,43987.63,False
Constance de la Vincent,sophie76@example.org,1975-06-18,55799.16,False
Françoise Pierre,alfred48@example.net,1991-12-11,39206.94,True
Marthe Perrot,thibault02@example.com,1981-07-12,40554.41,False
Noël Lombard,alice57@example.com,1999-06-21,19766.3,False
Claude du Mary,patricia70@example.com,2015-06-20,73326.51,False
Claudine de Diaz,dperret@example.org,2000-07-26,77987.65,False
Guillaume De Sousa,lorraine93@example.net,2012-01-10,31961.32,True
Guy Lemaître-Hamon,tlacroix@example.net,1976-11-25,11920.89,False
Gilles Pottier,emiliechauvin@example.org,1980-11-21,56380.52,True
Luce Clément,nhubert@example.net,1996-11-14,61641.29,False
Raymond Tessier,turpinalix@example.com,1982-11-26,12824.92,True
Daniel Maurice,kmaillard@example.org,2012-06-17,46361.45,False
Céline Rey,brigitteperret@example.net,2009-04-15,25625.08,False
Édouard Rivière,julienmillet@example.com,2007-07-19,33899.02,False
Lorraine Legros-Carlier,etessier@example.com,2008-01-21,72865.21,False
Danielle Bernier,jeanalain@example.com,2014-08-28,32938.32,True
Alexandre Petit,rouxchristine@example.org,1991-07-09,33844.46,True
Noémi Mary Le Delaunay,clementandre@example.com,1997-12-24,61367.44,True
Richard-Daniel Le Goff,nhubert@example.net,1981-11-02,60867.16,False
Simone Guillet,bjacob@example.org,1989-12-11,45024.73,True
David Breton-Valentin,uweber@example.com,2007-06-13,50265.89,True
Stéphanie Le Gall,tjean@example.net,2019-10-28,35864.51,True
Jeanne Thibault,rodriguezlaure@example.org,1996-09-25,21192.0,True
Bernadette du Caron,faivremadeleine@example.org,2003-09-18,14137.73,True
Christophe Picard,odetteroux@example.net,2007-08-12,46515.28,True
Tristan Teixeira de Mathieu,flemaire@example.org,2018-03-26,61713.78,True
Claude Leroy,orey@example.com,1992-12-24,17770.44,False
Adrienne Le Caron,kleroy@example.net,2018-06-09,70483.7,True
Brigitte Allain-De Oliveira,laurent25@example.com,1974-09-03,65335.32,True
Josette-Juliette Gillet,nlabbe@example.org,1970-09-16,56904.96,False
Michelle du Germain,brigittehoarau@example.org,2005-02-03,17316.99,False
Adèle Carlier du Leconte,anouk00@example.org,2004-04-22,51352.63,False
Isabelle-Amélie Michel,lecomtelucy@example.com,1999-05-17,28845.06,True
Brigitte-Catherine Boulanger,ublanchard@example.com,2022-10-17,54362.99,True
Christine Bonnet-Baron,wcollin@example.com,1982-10-11,51887.5,False
Valentine Guillou-Blanchet,laetitiateixeira@example.org,2023-01-20,37947.34,True
Thierry Antoine,juliencarpentier@example.org,1982-01-11,73896.89,True
Suzanne Delmas,leonhernandez@example.org,1998-02-02,48947.17,True
Maryse-Camille Gautier,mgauthier@example.net,2014-11-09,66009.7,True
Honoré Gay,constance79@example.net,2000-03-22,46593.73,True
Nathalie Regnier,isabelle82@example.net,1996-07-14,53929.39,True
Nicole Valette,victoire02@example.net,1990-02-22,42550.14,True
Anastasie Gay Le Laurent,capucine84@example.com,2008-09-16,61668.2,True
Édith Thibault,descampssophie@example.net,1995-12-01,67868.78,True
Noël Lecomte,lefortadrienne@example.net,2021-08-23,40040.98,False
Alix Robin-Lefort,veroniquelacroix@example.org,2021-07-28,52324.04,False
Marine Mendès-Seguin,kfabre@example.org,1974-06-02,57600.53,False
Zoé Lombard,dupuyaurelie@example.net,2021-12-05,24269.19,True
Jeannine Chauvin du Schneider,celinelouis@example.com,2011-06-11,46804.03,True
Frédérique Brunel,deschampsmonique@example.net,1972-09-20,36840.52,False
Laurence Antoine,annetorres@example.org,1976-08-02,35101.75,False
Olivie-Claire Bousquet,mathildenicolas@example.net,1972-12-12,18804.44,False
Alfred Hervé,william15@example.com,1984-05-22,35892.53,True
Adrien Picard,hhumbert@example.com,2011-09-10,25822.06,False
André Étienne,timotheephilippe@example.com,2021-06-05,39879.08,True
Alexandria Besnard,labbemartine@example.net,1985-03-15,19887.6,True
Anastasie-Julie Barre,qmarin@example.org,2023-06-03,68627.66,True
Joseph-Adrien Durand,arnauderaymond@example.com,2024-09-09,32853.71,True
Pierre Couturier,iguyon@example.org,2024-02-12,61535.48,False
Maggie Carlier,roussetdenise@example.net,2001-01-05,16258.57,False
Augustin Fernandes,philippine65@example.net,2007-12-29,71907.9,True
Frédéric Picard,carpentiergerard@example.net,1986-11-01,57927.44,False
Pierre-Gérard Lemoine,dmorin@example.org,2005-01-05,33716.43,False
Marine Guillet,lenoirrenee@example.com,2006-01-29,13856.84,False
Aurore Turpin,francoisgabriel@example.com,1998-11-13,14481.08,False
Luce du Chauvin,louis37@example.org,2012-07-22,62220.79,True
Agathe Leconte,alfredgarnier@example.net,1975-09-29,59016.22,False
Yves Dumont,anais78@example.net,1974-05-12,22954.47,False
Jeannine Vaillant-Denis,juliechartier@example.org,1987-08-20,39049.96,True
Isaac Marion,fournierjulie@example.org,1992-04-30,47406.36,False
Noël-Luc Delahaye,bessongenevieve@example.com,2025-02-23,76911.94,False
Nicole Lelièvre,qlecoq@example.org,2004-07-11,32842.02,False
Frédéric Delorme,michellefernandez@example.org,1987-07-10,52339.89,True
Adèle Martins,alix76@example.com,2005-09-19,72930.0,False
Inès Schneider,danielle80@example.net,1999-04-22,14907.83,False
Élise Le Paul,heleneweiss@example.com,2021-05-23,71220.71,False
Éléonore Dupuis,charlottealbert@example.org,2022-03-23,24710.06,False
Caroline Dias,capucine56@example.org,2017-01-17,51899.94,False
Bernard Guillon,marinehamel@example.net,1976-02-20,64917.8,True
Richard Gimenez-Albert,gregoiredupont@example.net,2013-10-29,16619.46,False
Théodore Valette,dominiqueriviere@example.com,1986-02-25,43224.23,False
Maryse Vincent,paulmoreau@example.com,2004-05-20,13792.49,False
William-Rémy Jacques,helenejoubert@example.org,2007-06-13,71866.32,True
André-Antoine Bazin,alexandrieruiz@example.org,2019-05-11,71802.94,True
Inès Gimenez,joseph55@example.com,2008-05-26,46167.54,True
Lucas François,bazinjoseph@example.org,1976-04-09,35448.24,True
Émile Blanchard,gabrielleleroux@example.net,2015-11-15,17274.41,False
Zoé Cousin,delattrenicole@example.org,1986-08-22,43906.68,True
Stéphane-André Hardy,claire77@example.com,2019-03-04,57812.96,False
Sylvie Marchal-Lemaire,louis94@example.com,1982-06-18,16632.28,True
Yves Leroux,ines47@example.com,2008-05-02,68016.07,False
André Boulanger de Ferreira,chauvetxavier@example.com,2000-06-27,73971.33,False
Xavier Guilbert,vtessier@example.org,2023-06-27,63413.67,True
Dominique Étienne,jeanne12@example.com,1975-04-25,53996.38,False
Paulette du Durand,maggiehoareau@example.org,2004-11-25,57361.39,True
Christophe Moulin,ffoucher@example.net,1990-03-11,43182.38,True
Émile Le Delmas,eweber@example.org,2020-01-29,28553.18,True
Zacharie du Perret,mperret@example.net,1976-03-04,31725.86,True
Joseph Huet,ojoubert@example.net,1998-08-18,20907.61,True
Éléonore Dias,zoegrondin@example.net,1981-02-01,21691.53,False
Thérèse Roger,riouhortense@example.com,1990-05-19,76587.28,False
Michèle Gay,juliette29@example.com,1983-08-16,67533.54,True
Geneviève Martins,xreynaud@example.com,1991-05-15,27312.93,True
Jérôme Paul,normanddavid@example.org,1971-05-04,60612.95,True
Christophe Pelletier,benjamin25@example.org,1976-05-07,47115.3,False
Thomas Leroux,mauryroger@example.com,2000-07-09,60283.13,False
Lucy-Juliette Berthelot,gguibert@example.org,1992-07-26,63094.31,True
Bernadette Gosselin-Pinto,lorrainebecker@example.org,1970-08-23,25588.33,True
Xavier Arnaud,julie51@example.com,1972-07-14,55769.42,False
Geneviève Joly-Lombard,schneideraime@example.com,2004-08-25,73234.21,True
Thibaut de la Diaz,thibaultdijoux@example.net,2023-12-16,46356.23,True
Jacqueline Lemoine,thereserousset@example.net,2008-05-28,13163.12,True
Élisabeth Huet Le Gautier,sallain@example.org,2007-11-02,18573.62,False
Susan Maillot,rmendes@example.net,2020-04-14,66383.05,True
Marcelle Huet-Lefebvre,llegrand@example.com,2018-07-26,69165.88,False
Geneviève Jean,guyonlucy@example.net,1978-01-14,68447.86,False
Stéphane de la Mercier,jduval@example.com,2003-03-07,16340.47,True
Émilie Coste,labbeeugene@example.com,1972-02-19,52476.3,True
Gilbert Delorme,barthelemyarthur@example.org,2009-02-04,77593.11,True
Éric Maurice,vincentevrard@example.com,1971-04-02,70767.07,False
Joséphine Chauvet-Charles,louis41@example.net,1979-09-16,30240.79,True
Monique Torres,alexandrieolivier@example.com,1981-07-25,20173.9,False
Théodore Martineau,antoinegarnier@example.com,1989-03-07,60425.0,False
Daniel-Alphonse Blanchet,oceanelelievre@example.net,2016-09-19,75826.95,True
Pierre Tessier,jolycelina@example.net,1992-08-13,45328.2,False
Richard Lagarde,sylvievaillant@example.org,1988-01-05,68856.64,True
Marguerite Gillet,nicolasstephane@example.com,1972-11-26,33493.54,False
Astrid Lévêque,devauxthierry@example.org,1998-02-24,48558.13,False
Océane Carre-Leclerc,diazodette@example.com,2015-10-07,79984.43,True
Jérôme Chartier,vincentrolland@example.net,1973-06-08,44211.45,True
Suzanne Dupuy,colasthibaut@example.org,1972-06-09,45049.82,True
Eugène Briand,michellereynaud@example.org,2003-01-30,76785.68,True
Agathe Launay,valentinegautier@example.net,1994-04-03,79355.29,False
Renée-Isabelle Rousset,marcel63@example.net,1977-09-01,49020.65,False
Martine Le Schneider,penelope54@example.net,1984-11-08,65613.42,True
Maryse Gauthier,sbruneau@example.net,1983-09-08,56531.53,False
Alain du Bonneau,dominiqueseguin@example.org,2002-09-07,72995.72,False
Marcel Thierry,monniernathalie@example.net,1979-05-05,33851.3,True
Emmanuel-Stéphane Regnier,arthurbarbe@example.org,1970-10-19,58922.93,True
William Carlier,raymondgarcia@example.org,1987-09-04,42663.25,True
Laetitia Allain,gilleseric@example.net,2010-09-03,75245.56,True
Véronique Perrot,marcel02@example.org,1982-07-12,71748.32,False
Isaac Morel,ysimon@example.org,1987-09-18,41503.86,True
Julie Weiss,claire48@example.com,1987-10-13,51518.5,False
Louise Lemoine,leducnathalie@example.org,2023-10-01,44617.37,False
Charlotte-Célina Leblanc,ydelmas@example.org,2022-04-12,74295.94,False
Michelle Le Gall,nicole44@example.net,1992-10-17,15536.14,False
Édith Blanchet de la Georges,bonneaufrancois@example.org,2003-06-16,66466.2,False
Marcel-Pierre Chartier,schmittjulien@example.com,1992-10-25,26195.99,True
Caroline Verdier,ymahe@example.net,2008-04-28,37835.15,True
Paul Muller,ledouxroland@example.com,2019-06-01,36205.97,False
Antoine Joubert,claudine30@example.com,1995-08-15,46712.78,True
François Le Dupuis,celine43@example.net,2016-04-03,73301.53,False
Véronique-Nathalie Perrier,monniercapucine@example.com,1985-03-25,45722.36,False
Christiane Guilbert,alexandre93@example.net,2004-10-27,45061.42,True
Grégoire Collet,andree33@example.com,1993-04-17,60991.21,False
Jacques-Paul Dos Santos,claudemarques@example.net,2013-11-29,67599.07,False
Gilbert Gay,philippineneveu@example.org,2001-08-04,11501.38,True
Denis Baudry,michel09@example.net,2011-10-25,63514.79,False
Gilles Blin,yves17@example.org,2019-09-10,48457.02,True
Xavier Bertrand,oroche@example.net,1989-06-12,40715.72,True
Louise Dufour,bertinpauline@example.com,2007-07-28,37044.43,False
Bernadette Gallet-Bonneau,morvanisaac@example.com,1996-06-02,51377.97,False
Jacqueline Vallée,iherve@example.com,1998-02-15,40109.15,False
Jeannine-Margaux Carpentier,qmorel@example.net,2013-01-06,29444.54,False
Honoré Jourdan,robertgeorges@example.net,2020-12-17,21162.58,False
Raymond Guérin de la Auger,ibecker@example.com,2015-07-30,65014.74,False
Marcelle de la Bailly,lmasson@example.net,1998-04-23,78380.06,False
Hugues Gilles,hturpin@example.com,2000-01-04,54851.19,False
Amélie Giraud,ados-santos@example.com,2009-01-04,12925.23,True
Édith Dijoux-Barbe,lemaitrepaul@example.net,2020-09-27,25943.88,True
Adrienne de Antoine,raymondhernandez@example.net,2016-07-27,46184.72,False
Michelle Brun,benoit35@example.net,1971-01-12,68313.34,True
Zacharie Roche,emmanuellecourtois@example.org,1988-12-20,59880.6,False
Hortense Reynaud,benoit03@example.net,2011-03-02,73587.82,True
Marine Blin de la Gautier,mailletsuzanne@example.com,2016-04-04,17641.5,False
Guy Le Mercier,sdupuis@example.com,1988-02-04,18040.59,False
Pauline Bertin,isabellelambert@example.org,1990-10-26,52405.75,False
Dominique de la Martins,ramosadele@example.org,1977-05-08,24259.86,True
Marguerite Gilles,mauricedumont@example.net,1988-06-26,53859.36,False
Grégoire Colin,anastasiethomas@example.org,2005-04-21,65139.03,False
Susan Laine-Bazin,valentinecohen@example.org,1979-02-14,47918.04,True
Christelle Jourdan,matthieualexandre@example.net,2020-11-14,25853.94,False
Alex Joly,lleleu@example.org,1990-03-02,41663.44,True
Joséphine Marchal,jtanguy@example.com,2016-02-12,18277.6,True
Nicolas Leconte,eugenepetit@example.com,2003-02-03,27344.39,True
Maurice Guérin,genevieve84@example.org,2007-10-16,21605.37,False
Nicolas Nguyen,richardanouk@example.com,2022-07-01,76425.35,False
Alex Masson,mhardy@example.com,1981-09-22,76658.47,True
Benjamin Alexandre,stephaniechretien@example.net,1982-07-01,43776.42,True
Paul Bouchet,seguinconstance@example.net,1983-07-01,57433.33,True
Élodie Fabre,adrienne79@example.net,2010-09-09,14938.98,True
Denise-Laurence Bigot,noemi97@example.net,1990-04-09,63703.99,False
Gabriel Thomas,thierry50@example.org,1973-03-15,41708.99,False
Aimé-Aimé Léger,clemence44@example.org,2010-07-25,61670.58,True
Roger Briand,lhebert@example.com,1982-09-21,27733.14,True
Zacharie de Marques,laetitia35@example.org,2023-05-25,46491.25,False
Laurence Delannoy,kturpin@example.net,1996-11-19,33423.51,False
Denise Gérard,duboistherese@example.net,1997-07-28,13888.17,False
Augustin Mahe,alixlopez@example.com,2006-07-15,35636.36,False
Henriette-Margaux Leclercq,benoit89@example.org,1970-05-04,69272.13,False
Frédéric Barthelemy-Seguin,oceane32@example.com,2018-11-29,63104.18,True
Dominique Pineau,andreecordier@example.org,2012-07-11,56012.23,False
Corinne Klein,dpoulain@example.org,2025-04-18,79186.27,True
Aurore du Delaunay,nathleveque@example.org,2017-12-17,79460.17,True
Jules Charrier,lucpasquier@example.org,1992-11-21,71129.87,False
Isaac du Guilbert,henri63@example.net,1984-11-29,30072.09,True
Luce Gillet,mauricebailly@example.com,1999-05-29,74929.11,False
Zoé David,hoareaubenoit@example.org,1982-06-11,76793.23,True
Véronique Martineau du Roussel,fcharrier@example.org,2010-04-01,44907.99,False
Sylvie Rey,apruvost@example.org,2017-04-11,28155.56,True
Claudine Barre-François,audrey97@example.com,1975-02-06,79552.09,False
Roland Techer-Bonnin,zhubert@example.com,2010-12-26,36537.83,False
Antoinette Loiseau,gilletpenelope@example.com,2011-12-31,15919.27,False
Sébastien Vallée,leduchenri@example.net,2004-04-28,28487.57,True
Isaac Allard,jeanadam@example.com,1982-02-10,51873.89,True
Grégoire Chartier de Guillou,qleconte@example.org,1987-11-22,38623.61,False
Georges Peron du Perret,bouviermaggie@example.com,1988-03-22,28025.97,True
Margot Ferreira du Picard,clementlorraine@example.org,2007-04-17,19235.66,True
Aurélie Guérin,augusteteixeira@example.net,2023-04-17,59986.4,True
Michèle-Camille Germain,astridcordier@example.com,2020-05-24,64285.05,True
Élisabeth Caron Le Evrard,catherinegaillard@example.com,1974-03-19,31529.3,True
Michel Ramos,hardyedouard@example.com,2016-12-20,16923.97,False
Laurence Raymond de la Jacques,benjaminmartin@example.org,1993-09-29,50029.81,True
Christine-Susanne Michel,odette47@example.com,1987-07-11,29665.63,False
Thierry Perret,elodiecoste@example.org,1981-05-22,35463.06,False
Maggie Chauveau,martinjerome@example.net,2017-03-21,72356.6,False
Frédéric Rolland,deniseprevost@example.org,1970-01-29,26119.98,False
Marc Jean-Jean,lorraine89@example.com,1974-08-22,22231.27,False
Aimé Maillot,alainchartier@example.net,1984-08-09,44749.15,False
Gilbert Wagner,inescosta@example.org,2015-08-04,72831.01,False
Gabriel Nicolas,pclerc@example.com,1989-07-26,50763.75,False
Léon-Franck Lefèvre,vincenthardy@example.net,1981-10-26,32695.33,False
Nicolas-Julien Menard,hugues44@example.net,2011-09-19,56371.89,True
Julien Couturier,hpicard@example.com,2003-01-02,49158.14,False
Timothée-Victor Morel,blotalexandre@example.org,1993-08-28,39820.45,False
Martine Brunel,jeanbrun@example.com,1975-10-21,42638.73,False
Adélaïde Langlois,guerinsuzanne@example.com,1975-09-21,36290.93,True
Lorraine Pires du Blanc,noel52@example.com,1998-02-26,59441.92,True
Marine Aubert,hortensemorel@example.org,1996-09-29,35758.73,False
Anaïs Faure-Salmon,emilie18@example.net,1990-08-18,22549.62,False
Bernard Robin,rolandtraore@example.com,1973-01-13,55613.35,True
Lorraine Fournier,traorechristelle@example.net,1978-10-02,46120.26,True
Manon de Carlier,augustemercier@example.net,2020-10-02,10690.01,False
Christine Legrand,weissalice@example.com,2001-04-15,59754.79,False
Hélène Merle de Bonnin,riouwilliam@example.net,1987-12-09,29423.09,False
Juliette David,margaux87@example.com,2005-03-01,36745.31,True
Olivie Le Simon,stephane22@example.net,2008-09-28,69819.48,False
Henri Michel,vrolland@example.net,2016-05-17,51887.52,False
Agnès Leleu,bmarie@example.net,2006-05-26,74851.18,False
Patrick-Hugues Guyon,antoinette13@example.net,1972-10-10,31089.64,False
Laurent du Reynaud,rvidal@example.com,2013-04-13,43493.53,True
Roland Michaud-Lebreton,fontainecorinne@example.net,1977-12-01,24993.04,False
Olivier Dijoux,olopez@example.net,2016-04-29,22355.43,True
Louise Langlois,renaultsimone@example.org,1980-08-06,51434.19,True
André Morel-Ruiz,ibourdon@example.com,2022-05-22,60540.08,False
Marthe David,ddumont@example.org,2008-02-17,12254.15,True
Alfred Marty,arthur13@example.net,1982-06-17,46330.4,True
Thierry Ollivier-Berger,wtessier@example.net,2022-09-09,14464.97,True
Julien Camus,david39@example.com,1971-07-27,10529.13,False
Franck Boyer,delannoycatherine@example.com,1986-08-24,26063.1,False
Théophile Roussel,lmichaud@example.net,1996-01-23,12366.06,False
Juliette Charpentier,hauger@example.org,1991-03-16,42026.85,True
Océane Bigot,payethenri@example.com,2015-10-03,34886.51,True
Gilbert-Sébastien Rolland,yallard@example.org,1987-02-27,40182.93,False
Sophie Chartier,isaaclejeune@example.net,1977-12-13,42215.49,False
Sabine du Valentin,ferreirajules@example.net,1995-12-17,51650.33,True
Jules Legrand,aurore10@example.org,2015-03-02,69011.2,True
Julie Fournier,denisoceane@example.org,2006-03-04,15131.71,True
Maurice Dupuy,bourgeoisdiane@example.com,2014-05-09,33207.94,True
Julien-Roland Roy,astrid66@example.com,2007-02-12,64689.21,True
Margot Huet,tristan41@example.net,1971-08-25,32184.52,True
Marine Goncalves,nicolaslaunay@example.net,1984-08-17,65617.48,False
Théophile Cordier,lecomtemanon@example.org,1979-10-15,74599.63,False
Lucy-Andrée Weiss,llabbe@example.net,1991-09-13,35869.47,True
Hugues Prévost,cgaillard@example.net,2006-05-15,19974.77,True
Tristan-Noël Hervé,pauljacqueline@example.com,2025-04-02,79731.42,False
Émilie Marchand,dupuyraymond@example.net,2010-05-13,10712.24,False
Étienne Le Gall,pgimenez@example.org,1987-01-22,38835.38,False
Timothée Charrier,xolivier@example.org,2021-11-27,59514.99,False
Robert Joseph,potierbernadette@example.net,2000-05-29,10670.06,True
Sophie Lacombe,idiallo@example.com,1990-06-22,12098.78,True
Théophile-Joseph Lucas,richardtraore@example.com,1994-08-14,51393.37,True
Robert Charrier Le Rodriguez,weissgabrielle@example.net,2011-01-11,10024.73,True
Alain-Gilbert Camus,yfischer@example.org,1994-09-07,60806.2,True
Denis Didier,corinne25@example.com,2022-09-10,50566.99,False
Marguerite Camus-Ferreira,qtanguy@example.net,2018-12-18,17522.89,False
Louise Bertrand,bergermarthe@example.org,1981-03-12,14137.35,True
Monique Aubert,jeannine12@example.net,2023-09-28,52627.15,True
Louis Pruvost,qdupuy@example.com,2006-08-26,40556.14,False
Théophile Barthelemy,gosselinalain@example.com,2022-02-25,16756.6,False
Lorraine Mendès du Marques,henrigirard@example.com,2003-12-21,47670.0,True
Édith Fernandes,etienne88@example.org,1976-11-02,48076.17,True
Philippe Aubry,descampsfrederique@example.com,1986-05-07,15215.48,True
Alphonse Vallet de Laroche,aurelielopez@example.com,1981-04-23,75040.64,True
Antoine-Timothée Sauvage,dlejeune@example.com,1984-08-20,22499.8,False
Augustin Maury,roussetcatherine@example.com,2024-02-05,48502.21,False
Geneviève Dijoux,greniertristan@example.com,2013-07-28,11008.9,True
Paulette Dos Santos,cecileda-silva@example.org,2014-02-16,63477.35,False
Alphonse-Gabriel Michel,jacquetlucie@example.com,1998-03-14,28712.07,False
Gilbert Boucher,gabrielle14@example.net,2024-10-24,74956.5,False
Patricia Adam du Sauvage,loiseauoceane@example.net,2020-11-27,10960.52,False
Franck-Olivier Mace,sebastien40@example.org,2018-02-10,31818.64,False
Jules Besnard du Daniel,gilbertleroux@example.org,2017-03-21,47142.9,True
Émile Marion,amelie35@example.com,2005-02-26,46041.23,True
Philippe Michaud,le-rouxcharlotte@example.net,2001-08-08,11124.42,False
Timothée Girard,valeriepotier@example.org,1981-11-30,28712.25,False
Charles Clerc,lvalentin@example.org,1992-03-28,79289.76,True
Océane Boutin-Nicolas,acouturier@example.com,1972-05-01,24582.61,True
Suzanne Gilbert,paulmartin@example.net,2024-12-06,26757.6,False
Henri Briand,gabrielle77@example.net,1992-03-26,73043.48,False
Margaux Lebreton,christine84@example.com,1974-06-22,54556.05,False
Benoît Vasseur,jacquesgosselin@example.org,2018-04-16,34682.71,False
Inès-Simone Lelièvre,marthe73@example.net,2009-07-10,67736.13,True
Emmanuel Hernandez,aimeeimbert@example.net,1992-09-27,55528.72,True
Gabrielle Voisin-Fernandes,lauremeunier@example.com,1984-01-13,21754.26,True
François Bonnet,denisebegue@example.com,2001-04-20,50733.58,True
Susan Collin,camuschristine@example.org,1975-11-05,22675.46,True
Grégoire Menard,premy@example.com,1984-11-03,13322.81,False
Paul-Tristan Marchand,eboyer@example.net,1976-11-16,45809.27,True
Marthe Marion-Dupont,jules66@example.com,1997-07-02,72509.89,True
Robert Hoarau,brigitteaubry@example.com,2019-12-03,42258.75,False
Laure de la Delannoy,tcharrier@example.net,1980-02-03,43490.71,True
Christophe Techer,aberthelot@example.org,2023-06-12,79347.11,False
Benjamin Delaunay de Mary,alexandriasanchez@example.com,2007-04-13,11367.87,False
Gabriel Peron,ucarpentier@example.org,2015-07-23,19698.24,True
Joséphine Hervé,hoareauantoinette@example.net,1981-02-13,70220.29,False
Léon-Thomas Lefort,susanne09@example.com,1996-09-01,32048.31,True
Olivie Masse du Chrétien,franckcharles@example.com,2007-03-21,37623.25,False
Adrien Seguin,richard62@example.net,1987-07-13,47880.51,True
Benoît Seguin-Bouvet,ygomez@example.net,1997-07-14,11149.28,True
Nath Lenoir,mariesimon@example.com,2019-02-26,11352.75,True
Michel Rousset,julietterodriguez@example.com,1988-04-16,13580.15,True
Jérôme Gomez Le Thierry,zachariehoarau@example.net,1975-03-18,36303.15,False
Nicolas Wagner de Vallée,gerard89@example.org,1992-08-15,71742.32,False
Thierry Gros,valentineseguin@example.net,2000-03-23,26866.61,False
Emmanuel du Leblanc,vincent99@example.org,1984-04-10,74127.84,False
Laurence Rodriguez,madeleinedubois@example.org,2015-01-15,42851.76,True
Agnès Guillaume,allaindiane@example.org,1978-01-15,73064.97,False
Margaux de Dupuy,emmanuel75@example.com,1991-09-29,62485.65,True
Laure Thierry de la Ramos,khernandez@example.com,2006-01-25,48313.45,False
Maryse Leroy,ucarpentier@example.org,1974-09-25,46117.87,False
Louis Bruneau,annelebrun@example.com,2023-02-18,57105.58,True
Capucine Torres,adrienne10@example.net,2018-09-22,27848.53,True
Sabine Gaillard,luceroger@example.net,2017-08-08,67982.07,True
Michèle Mace,delannoyjuliette@example.net,1991-11-21,33500.44,True
Capucine Perrot,verdierhugues@example.net,1983-11-08,30155.11,True
Pierre Deschamps,dboutin@example.net,2015-10-06,65912.83,True
Michelle Loiseau,adrienne13@example.org,2011-08-22,62081.16,True
Aimée Huet,edouardpasquier@example.org,2014-04-06,31191.39,False
Raymond Daniel,stephanie49@example.org,1993-08-01,27039.56,True
Marine Da Costa,leonle-goff@example.com,1976-11-21,29944.86,False
François Giraud-François,smunoz@example.com,2009-03-27,31259.08,False
Rémy Fernandes,paulette87@example.net,1973-12-14,66401.59,False
Éric Chrétien-Arnaud,vincent13@example.com,1991-03-26,13550.16,True
Stéphanie Ollivier,sreynaud@example.org,1976-11-13,76015.98,False
Sabine de Laporte,amaillard@example.org,1998-07-29,51188.75,False
Éric Michaud,isaaclacroix@example.net,1989-03-22,37059.09,False
Marie Dubois,valentine86@example.com,1986-07-19,40848.5,True
Stéphane Lévêque-Blanchet,bonnetsusan@example.net,1996-05-26,50493.3,False
Honoré Richard de la Dos Santos,tbernard@example.net,2013-03-29,43702.99,True
Claude Chauvin,iolivier@example.net,1975-01-13,56222.23,False
Thibault Delorme,laurehoarau@example.net,2020-05-12,32792.57,True
Xavier Dubois,fneveu@example.com,1985-05-29,68733.21,False
Roger Lacombe-Bailly,gabriel43@example.org,1986-12-17,42577.88,False
Josette Lemoine,clercmartine@example.com,1994-09-17,29757.84,True
Pénélope Le Robin,eblot@example.net,2002-10-18,51973.91,True
Agathe Albert,albertlouise@example.net,1989-07-17,16424.59,False
Suzanne Besson,thibaultalain@example.net,1991-05-27,50547.6,False
Marine Marques de Verdier,emile43@example.net,1980-01-13,62914.47,True
Geneviève Aubert-Jacquot,gabriellemorel@example.org,2023-02-09,31213.95,False
Céline Rémy de David,anoukbouchet@example.com,1990-04-25,40294.66,False
Alexandre de Parent,gregoire73@example.org,1975-09-17,13414.23,True
Aimé Traore-Sauvage,henri05@example.com,1974-10-29,46754.58,False
Alix-Arnaude Mary,dominique40@example.org,2022-04-19,75522.44,False
Yves de la Hamon,nicolas63@example.com,2019-09-11,57352.24,False
Dorothée Moreau,lerouxmaggie@example.net,2001-03-11,19414.84,True
Catherine-Astrid Martinez,madeleineimbert@example.org,1983-01-12,46723.34,True
Julie Bazin,znguyen@example.net,1970-02-05,53138.56,False
Hortense Maréchal,ponsvictor@example.org,2014-02-23,29941.92,False
Charlotte Peron,patrick04@example.com,2022-02-02,63901.76,False
Valentine Lopez,ymarin@example.net,1997-08-02,10331.55,True
Nathalie Le Brunet,emenard@example.org,2003-06-15,46561.58,False
Hortense de la Guillot,vidalroger@example.com,1995-08-26,74442.66,True
Joseph Colin,ofaivre@example.com,1975-04-05,72560.61,True
Jacques Colas,joseph68@example.org,1998-04-26,66006.6,False
Auguste-Auguste Bertrand,marthe35@example.net,1992-09-06,36907.09,True
Alexandria Le Lefebvre,christophe16@example.com,1979-07-29,66930.06,False
Robert-Lucas Meunier,dianeseguin@example.net,2011-06-14,43882.68,False
Claudine-Marthe Guillot,jfrancois@example.com,2003-04-12,71975.03,False
Isaac Diaz-Lebrun,jacquelineverdier@example.net,1990-02-09,58274.43,True
Gérard Turpin,gfouquet@example.org,2010-09-13,75823.87,True
Auguste du Lévy,payetdavid@example.com,1982-09-27,58521.21,False
Lucie Gautier,lelievrecorinne@example.org,1980-03-31,66629.43,False
Jacques Le Goff,marcelle55@example.net,1995-02-20,56659.19,True
Léon Lejeune du Andre,gayaimee@example.org,2009-03-26,58300.81,True
Suzanne Philippe-Neveu,virginie95@example.net,1997-04-21,50620.31,False
Grégoire Launay,leroyolivie@example.net,2022-06-04,71518.7,True
Gilbert Roux,rgaudin@example.org,2011-01-17,14475.37,False
Laurence Jacquet,bouvetdenise@example.com,2014-03-30,46172.41,True
Valérie-Margaret Peltier,jeanninejacquot@example.net,1970-08-27,32618.5,False
Christelle Le Dupuy,jeannenormand@example.net,1992-06-10,35375.18,False
Anouk Baudry,dbenoit@example.com,1999-08-31,32634.08,True
Marine Wagner,gmorel@example.com,1984-04-14,53753.88,False
Zacharie-Xavier Cordier,nlucas@example.net,2020-05-03,37864.32,False
Émilie Robert,didierluce@example.org,1972-10-13,14057.22,False
Hélène Normand,emiliemaurice@example.com,2010-06-21,31567.23,True
Alexandre Lemaire,josette01@example.com,2006-07-22,22503.88,False
Éric Le Deschamps,alexandrie10@example.org,2020-07-10,71873.14,True
Élodie Gaudin,ericgosselin@example.net,2015-12-11,63576.1,True
Jacqueline Huet-Berger,uguibert@example.com,2010-03-11,47821.47,False
Astrid Traore,alixremy@example.net,2017-04-21,56926.6,False
Philippine Meyer,zrodrigues@example.com,2020-01-21,54047.44,False
Laurent Teixeira,kgiraud@example.net,1984-04-16,64965.43,False
Alix Fouquet,vcoulon@example.net,1979-12-07,60648.54,True
Michelle Meunier-Salmon,zle-gall@example.net,1994-10-03,78531.42,True
Léon Dupuy,benjamin98@example.org,2011-02-11,66906.36,False
Maurice Berthelot,brunhelene@example.com,1985-12-02,56218.17,False
Isabelle Duval-Chevallier,barontheodore@example.net,1973-10-04,46145.55,True
René de Pierre,ericgauthier@example.net,1970-09-19,46197.84,True
Lucas Richard,daniel43@example.com,1970-11-13,15227.85,False
Édouard du Lebon,antoineollivier@example.com,1988-12-11,49852.85,True
Laurent du Dos Santos,xlaunay@example.org,2021-01-04,77416.77,False
Patrick Ramos,delahayerenee@example.com,2003-09-25,49540.95,True
Michelle du Muller,nbreton@example.com,1974-06-05,40429.64,False
Valentine Perrot,victoire45@example.org,2017-08-31,64659.81,True
Alfred Lemonnier,samsonalix@example.org,1993-08-06,71955.1,False
Alexandre Hervé,durandfrancois@example.org,2020-02-15,19479.77,True
Noël Robin-Voisin,charlotteblin@example.net,1976-09-27,63282.56,True
Margaud Lesage,renaultmargot@example.com,1994-11-29,72829.84,False
Noémi Valette,carremichele@example.org,1991-09-05,18165.62,True
Nathalie Ramos,barbepenelope@example.com,2022-09-18,52731.2,False
Guy Payet,martheverdier@example.com,1990-06-21,41133.69,True
