name,email,date_recrut,salaire_annuel,salarie_active
Bertrand Pinto,lucasguibert@example.org,1978-01-06,-44507.37,True
Augustin Robin,victoire32@example.net,1986-10-24,-21654.01,False
Jules Foucher,leon38@example.com,1976-04-11,-40180.99,False
Édith Chevallier-Lambert,josephetienne@example.org,1976-11-06,-62988.72,True
Isaac-Philippe Carpentier,christianepotier@example.cfdefeom,1988-05-30,51807.51,True
François de Lombard,wroux@example.feforg,2009-07-21,13647.34,False
Nath de Chauveau,william19@example.org,1970-12-08,51378.25,True
Margot Lacombe,operon@example.comefef,2003-06-22,43488.95,True
Gabrielle de la David,adelaidede-oliveira@example.org,20022-12-25,22229.03,True
Théophile Alexandre de Jacquot,alix41@example.net,20127-04-14,79695.88,True
Louis-Gilles Chauvin,charlotte49@example.org,20092-08-15,65805.81,True
Marc Costa,helenebourdon@example.net,2010-08-30,27626.86,False
Louise de la Dupuis,brigitte53@example.org,2022-04-08,29014.21,True
Mathilde Loiseau-Guichard,nguyenamelie@example.com,2003-05-15,68735.71,False
Guillaume Maillot,clemence16@example.net,1985-11-16,20354.25,True
Thomas-Jacques Ledoux,faivrehenri@example.com,1973-03-15,17525.96,True
Virginie Delahaye,mleclerc@example.com,2024-09-07,56757.82,False
Pierre Joseph,antoine74@example.com,1981-12-27,16371.55,False
Julien du Maillard,odetteguichard@example.org,2019-06-22,27153.07,True
Christine Briand,raymondlaporte@example.org,2001-07-13,20493.76,True
Bertrand Pages de la Guichard,torreselise@example.com,2008-06-27,73419.8,True
Thibault Dupuy du Besson,michel46@example.net,1999-11-25,10499.49,True
William Bousquet,orossi@example.net,1996-03-08,38727.23,False
Benjamin Martinez,rthomas@example.net,2016-03-15,64901.81,True
Michelle de la Pruvost,descampsguy@example.org,1990-11-23,65348.43,True
Jean Gilbert,epoirier@example.org,2009-10-27,33676.6,False
Thomas de la Hamon,rioueugene@example.net,1981-02-02,56603.39,True
Benoît Laporte de la Léger,margotguillot@example.com,1999-12-30,50554.55,False
Éric Rodriguez,leclercqnicole@example.org,1991-05-30,66673.8,True
Antoine Fleury-François,oalves@example.net,2015-07-17,77441.09,True
Alexandria Le Techer,adriennepayet@example.com,2010-11-18,74778.22,False
Henri Foucher,martinezxavier@example.org,1977-05-06,23635.02,False
Adèle David Le Blot,capucinelopes@example.com,1981-11-02,57249.12,True
Émilie de Lopes,xaviervallet@example.net,2019-05-28,77953.52,False
Amélie de Blot,auroredescamps@example.net,1996-10-10,68337.7,False
Isaac Paul,poulainjacqueline@example.org,1984-03-04,71631.64,False
Hortense Bonneau de la Germain,berthelotlucas@example.net,1981-01-03,36598.17,True
Emmanuel Diallo,christine06@example.org,1973-03-21,53895.72,False
Dorothée Paris-Gay,utessier@example.com,1984-01-04,48325.23,True
Maggie du Boulay,bouchergilbert@example.net,2019-10-14,36464.59,True
Thérèse Breton,vnguyen@example.org,1978-09-13,79811.84,True
Guillaume Baron,roland92@example.com,1974-08-08,55069.92,False
Frédéric Jacques,suzannemoulin@example.net,1992-11-30,52606.34,True
Benjamin Bodin de Ferreira,camillepascal@example.com,1979-05-19,78016.24,True
Alix Dumont,margaud86@example.com,2011-06-07,28789.81,True
Martine Letellier,christiane35@example.org,1985-10-30,52636.2,False
Olivie Blondel,danielvasseur@example.org,1970-02-03,77216.95,True
Charles-Franck Didier,rodriguesluc@example.com,2006-09-04,58853.95,True
Caroline Jacquot de la Bodin,marcelle87@example.net,2005-03-13,65639.61,False
Emmanuel Carre,marchandlorraine@example.org,1992-11-30,19023.72,False
Laurence-Anne Perret,lemonniergilbert@example.net,1990-02-11,45323.85,True
Jean Brunel,edouardboutin@example.org,1998-06-21,32868.5,True
Margot-Colette Perez,ollivierbenjamin@example.net,1983-06-09,22053.68,False
Christiane Pottier,guyonedouard@example.net,2003-08-21,38737.91,True
Josette De Oliveira,bodinolivier@example.net,2019-03-27,31478.96,True
Emmanuel Blanchard,brigittemaurice@example.org,2000-11-24,22647.16,False
Brigitte Rossi,alex64@example.org,2007-01-06,13701.82,False
Isaac de la Bonnin,maryseleleu@example.org,2024-01-09,57301.92,False
Manon Toussaint,godardroland@example.net,2000-07-30,16332.29,True
David Lecoq,texierroger@example.net,1982-07-01,66913.81,True
Marcel Rey,remy82@example.com,1991-07-27,28476.13,True
Thérèse Maillard,edos-santos@example.com,2017-08-08,79416.19,False
Geneviève Lucas,patricia74@example.net,1981-05-28,72919.05,False
Anne du Hoarau,aurore14@example.net,1971-09-15,77366.34,False
Zacharie Roux,agnes31@example.com,1977-04-24,63714.24,True
Gérard Lelièvre,dlelievre@example.net,1986-12-01,65375.11,True
Auguste du Vidal,dos-santosmarcelle@example.org,2017-08-17,43104.92,True
Constance Fabre,patriciaklein@example.com,2024-01-10,57424.09,True
Caroline de la Vasseur,yves66@example.com,1975-01-21,56315.52,False
Mathilde Charles,nathalieroux@example.com,1984-03-03,47723.6,True
Aimée Lefort,gwagner@example.net,1977-12-02,50229.01,False
Hélène Bodin,hervegerard@example.org,2023-04-12,40755.04,False
Hugues de Chauvin,thierrymaurice@example.com,2019-09-22,24383.55,False
Christophe Hamon-Gaillard,ojoubert@example.com,2010-02-21,10602.9,True
Zacharie-Lucas Gillet,tjoseph@example.com,2012-05-17,14491.88,False
William Marion,xroger@example.com,1982-05-23,42954.9,False
Pierre-Éric Marin,leblancastrid@example.net,2013-12-10,17434.12,True
Jacques-Jacques Leleu,alexlacombe@example.com,2011-03-23,21306.06,True
Lucy Dupré de Lucas,nathpasquier@example.org,1980-07-29,46172.13,True
Émile Fouquet,laurencehumbert@example.net,1976-09-27,73057.14,True
Manon du Delaunay,lacombeadele@example.org,2020-12-10,50893.17,True
Célina de Bigot,frederic26@example.org,2006-10-27,33162.91,False
Margaud Coste,idos-santos@example.org,1972-07-12,67420.79,False
Claude Jacquet,bherve@example.org,2001-05-09,22451.56,True
Louis Grégoire,tchevalier@example.org,2007-05-20,18322.36,False
Frédérique Costa,vaillantvalerie@example.org,1973-12-29,52664.18,True
Agathe Munoz-Carlier,emary@example.com,2003-07-24,19372.57,True
Stéphanie Philippe-Maillot,jeannine80@example.org,2005-09-19,66880.78,True
Françoise Goncalves,jacquesjosette@example.org,1971-07-04,20894.34,False
Mathilde Arnaud,charlotte75@example.com,2014-11-28,65707.94,False
Tristan Valentin,paulettecarre@example.com,1994-11-20,44270.92,True
Benoît de la Pasquier,morelfrederique@example.org,1975-06-27,47306.92,False
André Denis,colinemmanuelle@example.org,2002-11-27,16445.23,True
Yves Hebert du Guillou,laetitia53@example.com,2005-02-10,17744.49,True
Sébastien Cohen,gonzalezlucas@example.com,2002-05-12,65445.06,True
Guy Blanc,oceane61@example.org,1975-10-06,21829.49,False
Sylvie Delmas,dominiquesamson@example.org,2011-11-16,77864.89,False
Théodore du Giraud,julietteblondel@example.net,1984-11-28,19877.59,False
Danielle Klein du Da Costa,rolandhubert@example.com,1978-11-20,71867.21,True
Célina du Guilbert,bgarnier@example.com,2004-03-31,10078.91,True
Patrick-Maurice Guérin,ilambert@example.org,1981-03-11,23975.88,False
Christiane Blin,bhoarau@example.com,2000-05-08,35139.05,True
André de Bonneau,denisefernandez@example.net,2023-06-13,38926.08,True
Joseph Potier Le Maillard,francoiscordier@example.com,1991-07-31,68993.89,True
Thibaut-Joseph Bernard,martincaron@example.com,1979-09-29,77340.37,False
Adèle Boucher,isabellelambert@example.org,1987-11-26,45682.31,True
Paul Georges,umathieu@example.org,2001-04-26,67932.78,False
Raymond Toussaint,wfabre@example.com,1988-11-21,45692.28,True
Colette-Julie Gilbert,zachariecoulon@example.com,1976-10-28,61215.47,False
Emmanuelle de Dijoux,paulbouvet@example.org,1971-07-07,60321.14,False
Juliette Boucher,christophe00@example.org,1996-05-15,63691.29,False
Émile Moreno,remy28@example.com,2002-02-15,55056.55,True
Luc de la Le Gall,xcolas@example.net,1970-11-26,26104.01,True
Aurore Morel,emmanuelleroy@example.com,2023-02-24,77387.31,False
Denise Bailly,qdupre@example.org,2008-08-13,33976.12,False
Suzanne Evrard-Parent,marcpetit@example.com,1977-10-21,35697.32,True
Maurice Blin,tristanetienne@example.org,1999-02-27,27660.95,True
Jacques Marin,christelleschneider@example.net,1970-12-31,55599.85,False
Susan du Valentin,chevalierolivie@example.com,1979-09-08,15578.33,False
Gabrielle du Bousquet,arthurchevallier@example.net,1970-12-15,11922.27,True
Franck de la Toussaint,teixeiratristan@example.com,2019-01-06,40016.47,False
Geneviève Raymond Le Bousquet,constance44@example.org,2010-09-04,67101.99,False
Antoine Carlier,duvalstephane@example.com,2008-12-28,67965.7,True
Yves Delmas,boulangermarcel@example.net,1996-08-01,18960.38,False
Marguerite du Bousquet,victoire17@example.net,2003-07-19,50628.16,False
Nicole Renault,philippinesalmon@example.com,2003-06-10,66537.22,False
Alexandria-Suzanne Valette,sanchezalexandrie@example.org,1989-02-11,19137.58,True
Adrienne Boyer,bernardchantal@example.net,2005-08-07,72022.54,True
Marine Huet,alexandriaandre@example.org,2017-09-05,70961.08,False
Josette-Christine Hamel,thibaultlamy@example.com,2007-09-30,52518.93,False
Hortense-Élodie Poirier,adelaide77@example.org,1986-04-26,41846.36,True
Patricia Gilles,bouchermarthe@example.com,2017-12-17,49245.73,True
Sabine Parent,oklein@example.org,2005-09-07,60694.75,True
Jean du David,jeromeberger@example.com,2025-05-10,57648.04,False
Diane Aubry-Gaillard,jeanlaetitia@example.com,1983-08-04,23354.69,True
Marc Dijoux-Moulin,rcamus@example.org,2008-12-04,74436.35,False
Isabelle Morvan,obrun@example.com,1976-05-14,30942.15,False
Susan Bigot,lesageroger@example.org,1985-04-26,26955.31,True
Valérie Collet,qpineau@example.net,2012-07-16,13865.16,False
Diane Bodin,oseguin@example.com,1983-04-04,18664.84,False
Raymond Lemaître,nath09@example.com,1993-03-19,76779.43,False
Claudine Chevallier,roger32@example.com,1999-11-20,40255.21,True
Thierry Renaud,josettefournier@example.net,1998-03-14,60293.69,True
Noël Delattre-Bousquet,thomasgilbert@example.net,1992-08-06,38753.15,False
Claude Clerc,anavarro@example.com,1997-12-28,68212.69,False
Marthe-Marcelle Gay,laetitiamorin@example.com,2019-05-15,30399.19,False
Édouard de la Jacques,ferreiraroger@example.org,1990-08-18,55368.57,False
William Maillot,efrancois@example.net,2005-12-02,79337.04,True
Nath Leconte,vruiz@example.com,1982-04-20,40179.68,True
Susan Maillot-Garcia,mevrard@example.com,2021-04-13,40986.79,True
Rémy Bruneau,bcouturier@example.com,1985-02-26,74161.83,True
André-Roger Moreno,martinhugues@example.com,1998-03-23,45853.91,True
Suzanne Pascal,julie16@example.com,2021-07-15,22070.02,False
Anouk Buisson,rogerpons@example.org,1972-08-16,16769.04,True
Alphonse-Jérôme Charrier,georges07@example.org,1991-09-28,79328.51,False
Élisabeth Chrétien,anouk74@example.org,2012-05-08,64187.77,False
André Le Bourgeois,timothee91@example.org,1975-07-25,10664.12,True
Luc Jean-Hamon,jeannefouquet@example.net,2019-08-24,43883.24,False
Charlotte-Diane Allard,fdenis@example.net,1975-06-23,71804.04,False
Grégoire Duval,edith95@example.net,2021-02-22,62968.98,False
Lucie Klein de la Le Gall,francoisvirginie@example.net,2015-06-16,27431.75,False
Gérard Le Raynaud,cseguin@example.org,2014-09-20,58282.44,True
Matthieu De Oliveira,thibaut76@example.com,1993-09-13,57220.21,False
Guy-Benoît Rolland,yvescohen@example.net,2021-06-06,32882.3,True
Virginie Boucher,monique03@example.org,2005-05-30,42716.71,False
Frédéric Bodin,adelaide47@example.com,2023-06-28,27726.76,False
Pénélope Grondin,sylvie76@example.net,2005-12-05,65102.17,False
Astrid-Zoé Bonnin,arnaudeweiss@example.org,1996-11-17,33266.98,False
Léon-Thomas Lesage,imberthelene@example.com,1998-10-16,49084.92,True
Marc Mallet,isabelle90@example.org,1980-11-20,72116.88,True
Hortense Le Le Goff,victoireleduc@example.net,1981-02-21,32088.65,True
Madeleine Allain,lorrainelucas@example.com,1981-04-29,66437.24,False
Isabelle Dupuis,benoitdupuis@example.net,1974-12-31,63501.76,False
Marcelle Mary Le Lebon,lucie31@example.com,2019-10-08,23178.64,False
Benoît Parent,jeanmercier@example.com,1998-04-04,77854.3,False
Denis Mathieu,colette40@example.com,1994-01-31,13370.76,False
Amélie de la Leduc,rtorres@example.net,1971-07-27,46560.22,True
Sabine Blin Le Perret,margaretboulay@example.com,2016-05-16,63361.35,True
Catherine Tanguy,hjacques@example.com,1997-07-26,14943.41,True
Stéphane de la Brun,vbaron@example.net,2006-12-28,18753.5,False
Camille Weber Le Legros,zpascal@example.org,1980-01-18,50376.51,False
Robert Faivre,marcel61@example.net,1995-02-23,38263.3,False
Richard Riou,celinerenault@example.org,1982-10-12,57879.85,False
Corinne Pages,pauline82@example.net,1993-05-15,24695.03,True
Arnaude de Thibault,carolinelemoine@example.net,1975-12-25,50977.62,False
Louis-Benjamin Peltier,meyermarcel@example.net,2021-08-12,73528.65,True
Alain Charles,lacombenathalie@example.com,2014-06-22,57271.19,False
Matthieu Caron,agnes19@example.net,1998-11-21,59791.88,False
Augustin Pruvost,giraudalfred@example.com,2019-08-02,55036.7,True
Brigitte Leclercq,kloiseau@example.com,1985-10-16,24882.13,False
Véronique Lenoir-Bonnet,laurence24@example.org,1986-02-02,62519.21,False
Olivier David,renee59@example.org,1989-01-10,28782.36,True
Anne Dupuis,mailletmatthieu@example.org,2003-07-19,73876.03,True
Étienne Laurent,salmonfrederic@example.com,1987-09-06,19029.06,True
Thierry-Victor Delorme,tristan56@example.net,1998-05-13,38816.66,True
Martin Da Silva,guichardsuzanne@example.com,1974-08-03,60091.3,False
Diane Gros,schneiderelise@example.com,2006-04-15,49346.31,True
Stéphane Auger,christophe22@example.net,2012-03-06,24024.07,False
Geneviève Leduc,qjacob@example.com,2011-10-10,52971.69,True
Matthieu Le Chrétien,rsanchez@example.net,2024-12-20,21545.75,True
Jean Benoit,patricia51@example.net,1973-04-05,68166.07,False
Théodore Jacquet de Fouquet,corinnegeorges@example.org,2022-10-02,15969.28,False
Robert Renaud,qvoisin@example.org,1971-12-24,47909.38,False
Henri Guyot,stephane35@example.net,2023-05-14,53564.83,True
Denis Bertin,mathildebouchet@example.net,2010-12-02,54032.41,False
Célina Rémy,paul40@example.net,1983-06-09,43637.82,False
Adrien Georges,jules80@example.com,2016-03-23,32029.67,True
Constance Becker de la Verdier,manon53@example.org,1988-11-03,62861.42,False
Paulette-Sabine Huet,luce27@example.org,2000-08-07,24782.54,False
Anastasie du Marchand,bernard45@example.com,2009-04-06,26180.53,True
Mathilde-Antoinette Bouvier,carolinebazin@example.org,1970-08-15,63281.42,False
Benjamin Leblanc,guilloutheophile@example.net,1978-03-12,37042.22,False
Adrienne Monnier,stephaniegarcia@example.net,1973-06-12,23759.79,False
David-Alain Hubert,luce66@example.net,1971-11-16,58696.65,False
Adrien-Aimé Besson,csalmon@example.com,2024-08-16,30636.11,False
Robert-Gilles Pinto,arthurhuet@example.com,1996-01-03,68842.8,True
Sylvie de Raymond,nathalie72@example.net,1976-05-16,15934.8,False
Amélie-Henriette Lenoir,vbarthelemy@example.org,2018-10-15,76344.08,True
André Gérard,patricia65@example.org,1996-11-02,73908.05,True
Lucas Marques,laure86@example.com,2014-03-27,59416.8,False
Sébastien Marion,emilemaillot@example.com,1972-01-29,28044.25,False
Hélène Parent,juliejean@example.org,1972-02-03,56530.26,False
Margaux Garnier-Mathieu,christineperon@example.org,2004-03-24,74856.68,False
Célina Lecomte du Faivre,dtecher@example.com,2023-06-28,60328.46,True
Franck Salmon,cguerin@example.org,2007-11-07,57145.46,False
Maurice Delaunay,xthierry@example.net,1986-10-11,31342.23,False
Bernard Munoz Le Fischer,merleandree@example.org,1970-12-29,48089.69,True
Jean Gérard du Lecomte,thibaultolivier@example.net,1979-09-17,17964.64,False
Denis Carpentier,juliebouchet@example.com,2019-03-01,67704.66,False
Aimé Martinez,salmoncaroline@example.net,1974-11-09,68854.06,False
Denis Guichard,clairemarchand@example.net,1989-02-09,28476.71,False
Alix Legrand,pauline30@example.com,2021-06-23,17560.76,False
Lucas Vallée,robertmaggie@example.com,1992-07-07,77915.88,False
Virginie Martinez,ajulien@example.org,2015-08-31,69037.87,True
Simone Imbert,ineslebon@example.com,2019-04-06,34023.94,True
Anastasie Guérin,huetmarie@example.org,1989-06-03,21662.04,False
Édouard Samson,parentchristelle@example.com,1995-05-17,34482.8,False
Gabriel de la Fabre,marcelle67@example.org,2005-01-11,21816.01,False
David François,ines64@example.net,2009-07-10,52283.94,False
Chantal de Schneider,christine92@example.org,2002-01-16,70851.27,False
Laetitia Pires,cecile83@example.org,1979-08-27,31239.78,False
Thibaut Paul,kle-gall@example.org,1997-04-15,11990.72,False
Aurore-Patricia Roy,levequececile@example.com,1988-05-26,74018.16,True
Sébastien Le Garcia,edouard00@example.org,1998-09-04,48332.66,False
Marie-Marcelle Bousquet,morinalice@example.org,2004-12-28,77095.86,True
Denise-Élodie Clerc,leclerchugues@example.org,1991-05-19,30364.08,False
Grégoire De Oliveira,stephanie33@example.com,2019-02-16,51084.29,True
Théophile Leroy,gregoirepelletier@example.org,1974-08-28,69651.82,True
Jacques Dupont-Robert,reynaudeleonore@example.org,1999-04-27,16468.08,True
Marthe Guillet,blotsusanne@example.net,2005-04-20,53886.08,True
Alexandre Lefèvre,christiane49@example.com,2006-01-24,72650.05,False
François du Alves,aimee34@example.com,1989-11-22,75816.99,True
Margot Étienne de la Regnier,khumbert@example.org,2003-08-28,60871.48,True
Anouk Charrier,louise27@example.com,1987-07-21,66203.09,True
Éric Chrétien,lebrundavid@example.com,2016-02-29,29932.13,False
Franck Carlier de la Verdier,ngarcia@example.net,2017-04-07,11654.03,True
Suzanne Munoz,theresegregoire@example.com,2022-07-20,11583.11,True
Colette Lefebvre Le Lenoir,xaubert@example.org,2005-01-11,35307.97,False
Christiane Meunier,claudine69@example.org,1971-05-05,58169.07,False
Jean de Gomez,henrilouis@example.net,2004-07-02,56408.71,True
Margaux Fabre,ude-oliveira@example.com,1996-11-24,20860.63,False
Aimée Faure-Benoit,tdufour@example.net,2005-03-22,55973.19,False
Marc Raynaud,brundaniel@example.net,1983-01-04,10305.71,False
Lorraine Hamel Le Sanchez,leon18@example.com,2001-01-02,25224.61,True
Zoé Regnier,oceane68@example.net,2010-06-25,19944.02,True
Grégoire Laine,alexandrieduhamel@example.org,1976-12-24,31891.85,False
Andrée Bertrand,ccoste@example.com,2005-03-27,31893.44,False
Alphonse Schmitt,julienjoseph@example.net,2007-05-06,19792.51,False
Marthe Mathieu-Roger,odumas@example.net,2002-04-17,77998.68,False
Théophile Roger de Descamps,anne55@example.net,2006-12-13,17519.91,True
Raymond-Yves Gilbert,icohen@example.net,2024-05-23,65547.46,True
Catherine-Cécile Deschamps,laetitiaperrot@example.com,2015-05-30,19398.26,False
Lucas Garcia,zachariedaniel@example.org,1999-04-16,36052.31,True
Céline-Josette Rocher,marysecollin@example.com,1987-10-30,30367.96,True
Grégoire Legrand,amenard@example.org,1991-09-16,72761.43,False
Claude-Jeannine Georges,lperret@example.net,2020-09-15,12140.32,False
Sébastien Le Poirier,yfabre@example.org,2000-05-13,11041.7,True
Aurélie Le Meyer,veronique88@example.net,1982-07-17,42112.5,False
Suzanne Peron,nguillot@example.com,1989-12-07,37530.65,True
Léon Gaillard Le Arnaud,adelaide73@example.net,2004-02-16,31460.45,False
Clémence Lamy,jean89@example.org,1983-05-05,45214.0,True
Yves Guillet,sleger@example.com,1995-02-28,28148.23,True
Hugues Dias,navarrothomas@example.org,2016-02-09,35146.85,False
Éléonore Perret,thibaut05@example.com,1991-09-10,28067.93,False
Olivier Gomez,vidalmargot@example.com,2008-02-03,21296.46,False
Margot Munoz,parisaurelie@example.org,2023-07-30,45519.65,False
Lucas Maurice,dvasseur@example.net,2006-10-25,64711.86,False
Antoinette Turpin,astrid67@example.net,2011-06-22,72294.73,True
René Boutin Le Lemaire,vasseureric@example.net,2024-09-07,73866.01,False
Julie-Constance Dias,augusteweber@example.com,1986-12-02,45946.78,True
Claire Raymond,fischerauguste@example.net,1974-04-03,33773.92,True
Élise Lucas,arthur63@example.org,1977-06-09,62227.58,True
Eugène Faivre,kperrin@example.net,2002-08-05,66292.59,False
Bertrand Lebreton,kcolas@example.net,2019-03-09,17925.41,True
Jérôme Gautier,louise05@example.org,1995-09-30,15411.04,False
Margaud Guyon,gabriellemartineau@example.com,2021-07-19,14520.09,False
Isaac Brunel,lucedelorme@example.org,1986-07-24,11793.56,True
Jules Peltier,virginie96@example.com,2007-01-09,27371.36,True
Martin de Vincent,noemischneider@example.net,1975-12-01,37698.53,False
Andrée de la Millet,thomaspasquier@example.net,1970-06-18,48061.43,True
Laurent Besnard,richard09@example.org,1998-01-19,37660.91,False
Diane Renault-Langlois,utexier@example.com,2007-11-15,53478.56,False
Océane de la Baudry,martineaumarine@example.net,1992-09-26,77638.31,False
Emmanuel Martinez-David,christine66@example.net,1977-04-28,20936.3,False
Xavier Bouchet,galletcapucine@example.org,2010-03-14,13715.91,True
Denise Foucher,kdidier@example.net,1982-12-17,46570.29,False
Matthieu Alexandre Le Rodrigues,dufourvirginie@example.net,1982-03-31,61652.29,True
Jean Lelièvre du Chevallier,margaretgimenez@example.org,2015-09-01,49258.29,True
Anaïs Nicolas,jourdanzacharie@example.org,1971-04-30,61827.58,False
William Schmitt,christinecoste@example.net,2023-12-17,33532.84,False
Françoise Allain,abarthelemy@example.net,1990-08-07,10194.7,True
Marc Muller,jacquelinefrancois@example.org,1976-06-09,51657.05,False
Emmanuel Le Jean,fmarin@example.net,1970-01-25,71316.53,True
Aurore Traore,denis94@example.com,2005-01-25,33842.66,True
Sylvie Blanchard,josetteantoine@example.com,2022-05-02,62699.99,False
Diane Le Roux de la Rocher,ines94@example.org,1980-09-05,51740.55,True
Margaud-Nicole Couturier,da-silvaluc@example.org,2018-12-20,61869.15,True
Frédérique Collin-Rossi,rossijerome@example.net,1981-04-29,32296.21,True
Tristan Benard,valerieschneider@example.com,1989-12-17,57977.83,True
Hugues Lopez,lemoinemargot@example.org,1997-09-12,13192.31,False
Arthur Aubert,georgesfischer@example.net,1994-02-01,62912.45,True
Alexandre Benard,henrietteperrin@example.net,1982-05-04,75677.34,False
Théodore Diallo,michelelacombe@example.com,2005-01-25,33689.35,False
Élisabeth Benard,gdubois@example.org,2017-06-18,74428.7,False
Thierry Le Nguyen,gaudinsuzanne@example.com,1997-05-29,63966.12,False
Laurent-Marc Faure,ogallet@example.com,1973-02-09,63750.37,False
Élodie-Alex Ferreira,yves26@example.com,1989-08-12,20523.74,False
Laetitia Renard-Laporte,leon15@example.com,1987-02-20,77078.56,False
Inès Brunet-Grenier,mariegillet@example.com,2009-02-18,19325.74,False
Étienne Pinto,eleonore72@example.org,1978-02-26,55445.71,True
Élodie Rodriguez,jeannineroux@example.com,1997-01-06,50985.85,True
Emmanuelle Da Silva-Aubert,adrienne33@example.com,1973-04-21,31427.01,False
Thibault Leleu du Vidal,danielbrigitte@example.net,1993-04-24,47635.42,False
Henri Bernier,charpentiersuzanne@example.org,1981-07-05,44558.35,True
Lucy Robert,nath90@example.net,1978-05-23,62522.25,True
Christiane-Agnès Perrot,gautiersusan@example.org,1996-06-17,79781.91,True
Michel Pichon,boutinpierre@example.net,1992-06-16,62824.36,True
Grégoire Ramos,chevallierdavid@example.org,1974-09-01,43319.74,True
Adèle Fouquet du Moulin,davidmaillot@example.net,1990-03-26,18455.44,True
Marthe Lefèvre,wlucas@example.org,1970-09-26,72336.87,False
Marcel Godard,wdupont@example.net,2011-09-06,12140.3,False
Céline Bonnin,etiennelejeune@example.com,2018-03-23,73645.85,False
Aurélie Ramos du Renault,webercorinne@example.com,2018-02-02,26698.51,True
Augustin Pruvost du Coulon,antoine39@example.com,1979-11-26,32298.39,False
Henri Dupuy,gfouquet@example.org,1971-05-03,56807.69,True
Dominique Diallo-Robert,riviereadelaide@example.net,2012-08-14,49420.43,True
Zoé Torres,sylviepons@example.net,2008-09-30,67484.97,False
Éléonore Gillet,hubertfrederique@example.org,1970-05-15,36893.73,False
Georges Couturier,jeannine98@example.net,1976-04-04,27023.66,True
Dorothée Collin-Laroche,maggie65@example.net,2001-01-25,46648.04,False
Claude Louis de la Normand,kmorel@example.com,2005-06-20,73429.96,False
Odette Humbert,da-silvamadeleine@example.org,1982-08-26,60058.52,False
Émile Martin,arthur12@example.org,1986-09-28,11670.83,False
Christophe Arnaud,bblondel@example.org,2002-02-07,20426.03,False
Honoré Morel,remy83@example.net,2007-10-29,25279.26,False
Adrienne Lacombe,jeanne64@example.org,2004-05-05,46284.99,True
Aurélie Grondin du Raymond,cguillou@example.net,1998-08-03,49507.21,False
Jérôme Gaillard,dianedupuy@example.net,1977-03-14,36284.29,True
Claudine Gonzalez,qreynaud@example.org,2001-09-01,48629.05,True
Véronique Masse,ltexier@example.com,2015-11-25,71128.48,True
Tristan-Paul Marques,bsamson@example.com,1974-10-09,51522.05,True
François Albert,pierre11@example.net,2005-06-30,69627.03,False
Diane Fernandez,guerinalain@example.org,1993-10-16,14074.95,True
Pauline Fontaine-Bourgeois,gilberteric@example.org,1998-01-25,10728.2,True
Clémence du Klein,fpelletier@example.org,1974-08-08,15758.45,False
Arthur Dumont,mendesnathalie@example.net,1985-03-28,77069.24,True
Frédéric de Colin,chauvetamelie@example.net,1991-04-18,74905.35,False
Laurent Rey,michelleblin@example.com,1977-08-31,13412.2,True
Nicolas Dufour,eleonore27@example.net,2004-02-20,29473.28,True
Zoé Voisin,vrossi@example.net,1979-04-01,65568.52,True
Luce Meunier,maurice48@example.com,1976-04-27,67188.26,False
Joseph Denis-Rousseau,jeannine15@example.org,1997-04-30,40119.79,True
Thierry Bernard,brigittebenoit@example.net,2009-07-30,21586.72,False
Victor Delorme,adelelecomte@example.com,1994-01-16,60398.47,True
Constance Lelièvre,nbourdon@example.net,2002-04-24,68474.34,True
Valentine de Collin,lorraine10@example.net,1986-10-02,51837.97,False
Frédérique-Cécile Monnier,nicolasalexandre@example.com,1979-03-03,29159.22,True
Jacques Bouchet,nbesnard@example.com,1970-09-17,42944.31,False
Arnaude-Noémi Marchand,denisemarie@example.com,2021-07-15,46397.22,False
Nathalie Menard-Collet,nathaliesamson@example.net,2002-05-29,49458.76,True
Marcel Le Barthelemy,qhumbert@example.com,2012-11-15,59780.57,False
Thomas Jacquot-Clément,aliceriviere@example.org,2010-03-04,12277.59,True
Gérard de Tessier,patrick66@example.org,2024-09-15,49525.48,False
Andrée Martinez,lucy41@example.net,1991-12-22,21851.93,False
Manon de la Faivre,emile67@example.org,2016-09-11,12675.61,False
Suzanne Marin,veroniquedeschamps@example.org,1976-07-30,48255.84,False
Martin Bertin,alfred94@example.net,2024-08-03,79903.83,True
François Navarro,vbarbier@example.net,1983-08-19,26178.32,False
Denise Bonneau,levyjules@example.com,1999-04-30,34036.93,False
Élodie Bruneau,laure55@example.net,1970-09-22,73044.19,True
Thibaut Gaillard,philippine10@example.net,1991-10-28,22263.58,False
Capucine Étienne,ida-costa@example.org,1984-04-06,37133.62,True
Guillaume Berthelot du Maillard,ulucas@example.com,1999-02-08,18918.28,False
Lucas Tanguy,eleonore64@example.net,1995-09-02,42508.33,False
Matthieu-Nicolas Boutin,anne55@example.org,2020-02-18,33805.17,True
William Bourdon,eleonorecordier@example.com,2019-01-04,70793.45,False
Augustin Meyer du Bertin,michel03@example.org,2013-01-18,40178.26,False
Marine Delannoy,agathe75@example.com,2016-03-21,75588.87,True
Étienne Fernandes,nathalie20@example.org,1991-01-25,36954.83,True
Lucie Le Pelletier,aimeeleclercq@example.org,1987-08-09,51132.79,False
Rémy Lopes,renaultpatricia@example.org,2001-12-16,12690.59,False
Thomas Leclerc,renaulthonore@example.org,1973-03-01,34679.23,False
Édith Marion de la Petitjean,mpascal@example.net,2003-09-05,53582.55,False
Sabine Lévêque,lesagecharlotte@example.com,1992-06-23,39859.66,True
Roland Roux,jvidal@example.org,2002-02-13,31676.53,False
Émile Barbier,tbourgeois@example.net,2011-08-24,37233.17,False
Marcel Mendès,levequeandre@example.net,1975-09-22,61741.05,True
Astrid Barbier,zacharie12@example.org,1994-12-08,37807.03,True
Christine Dos Santos,andregabrielle@example.com,2012-06-05,47782.45,True
Anaïs Breton-Paris,le-goffaurore@example.net,1978-07-15,50661.17,True
Gérard Bègue,fischeranastasie@example.net,1978-05-23,72797.46,True
Margaux du Gomes,guichardleon@example.org,2017-10-23,28331.39,True
Pauline-Alexandrie Mendès,pauletteteixeira@example.net,2002-03-14,68403.42,False
Adélaïde Lesage-Duval,gregoire29@example.com,1988-09-24,42325.99,True
Tristan Renaud Le Guichard,bouvierthomas@example.com,2004-10-04,19811.89,False
Sébastien Thierry,rreynaud@example.org,2021-08-29,75227.97,True
Claude Vidal du Rodriguez,bouvetnath@example.org,2022-07-24,30586.6,False
Inès Rey,coulonsylvie@example.net,1997-03-25,36159.66,False
Gilbert Meunier,renardtherese@example.net,1990-01-20,12033.8,False
Geneviève-Christine Techer,nathaliemace@example.net,1981-02-24,39009.17,True
Julie Marchand,gaudinalexandria@example.net,1993-07-20,15395.78,False
Hortense Morel,klefevre@example.com,1972-03-03,43915.8,True
Manon Duhamel,honore27@example.com,2007-05-10,68403.82,True
Andrée Chartier,honorelacombe@example.com,2006-06-15,12117.42,True
Auguste de Monnier,arthur25@example.net,2023-06-09,47515.82,False
Aurélie Chauvin de la Millet,ifabre@example.org,2014-09-03,65883.1,True
Jacques Fernandes,pirespatricia@example.org,2003-08-30,79818.85,True
Nicole Weiss,helene97@example.com,2002-12-14,57925.79,False
Michel Ramos du Duhamel,victordevaux@example.net,2012-06-25,79163.5,False
Sophie Chevallier du Berthelot,joseph25@example.com,1979-03-26,69025.93,False
Michèle Le Goncalves,rene64@example.net,2001-03-26,40046.32,False
Alex Gay-Maurice,plefort@example.net,2007-02-04,72887.51,True
Christophe Paris-Lombard,blotolivie@example.net,2010-05-21,23804.13,True
Martin Joly Le Deschamps,xmarion@example.org,1990-06-21,63777.34,True
Anastasie Guyon Le Delorme,juliettejourdan@example.net,2021-08-28,63393.42,False
Michel Faivre,clercphilippine@example.org,1993-12-25,72120.73,False
Claire Georges,michellelejeune@example.com,1986-06-12,25237.97,False
Antoine Allain,francoise46@example.com,1985-11-26,73511.78,True
Isabelle Pires,margotfaure@example.org,2011-11-21,24198.12,False
Patrick Denis-Paul,weissaimee@example.com,1990-09-14,63323.69,False
Alfred Pineau,faureelisabeth@example.net,1985-01-30,63655.11,False
Matthieu François,ferrandtristan@example.com,1993-09-27,75429.05,True
Théodore Hernandez du Maillot,morelcelina@example.com,1979-11-05,44052.56,True
Yves Legros,nathaliepineau@example.org,1990-11-09,73029.1,True
Laetitia Roussel,margot22@example.org,1982-09-27,73791.68,True
Julien Barbe,josephinebourgeois@example.org,1975-09-07,78788.23,True
Pierre Renard,philippeleclercq@example.org,1977-01-17,47494.95,False
Vincent Lopez,mariondenis@example.com,1971-09-30,78900.71,False
Rémy Charrier,pthierry@example.org,1976-09-11,46421.44,True
Charles Guillaume,jroyer@example.org,1993-05-04,33734.18,False
Henri Le Bouchet,roger51@example.com,2005-11-23,23620.03,True
Stéphane Durand de Gérard,olivie74@example.net,1986-03-24,74519.74,False
Nicolas Laroche,vcollet@example.org,2025-02-22,14662.54,False
Élise Bousquet du Seguin,bouchetjeanne@example.net,1988-08-22,48453.56,False
Martine Renard du Auger,xberthelot@example.net,2007-04-29,22696.1,True
Chantal Gosselin,maryse46@example.org,1981-08-25,32449.09,False
Timothée Sauvage,xpoulain@example.net,2015-11-16,59306.06,True
Adélaïde du Deschamps,carlierwilliam@example.net,1970-04-10,67689.03,False
Madeleine Rossi,richardfaivre@example.com,1983-02-18,21707.97,True
Aimée Gillet,frederique29@example.com,2021-09-05,62075.56,True
Stéphane Delmas du Alves,blinvictor@example.com,1976-09-08,57116.3,True
Daniel-Xavier Bourgeois,igarnier@example.com,2010-03-05,76291.43,False
Corinne Jacquot,rogermarchal@example.net,2016-10-08,32292.94,False
Simone-Paulette Rémy,charles89@example.net,2018-01-06,30689.29,False
William Michaud,jules48@example.com,2003-02-07,33451.95,True
Anaïs Vaillant,hbertrand@example.org,1974-07-30,38660.18,False
Michel Gaudin,christelle62@example.net,1971-01-20,62765.17,True
Gilles Wagner,henriette14@example.com,2006-01-16,26512.15,False
Maurice Gros,thomasrobert@example.com,1998-06-27,36647.88,True
Margaret Fontaine,cchauvet@example.net,1984-03-01,68415.7,False
Bertrand Mendès,jklein@example.com,2002-10-25,17126.84,True
Élise Lebreton,rlouis@example.com,1974-12-15,28681.22,True
Jean de la Courtois,de-sousaanne@example.net,2002-08-26,17880.02,True
Odette Roux,georgesbruneau@example.com,1995-08-28,21872.67,True
Jules Langlois-Torres,marchandzacharie@example.com,1979-05-14,18701.24,False
Bertrand Tessier,alexandrecorinne@example.net,1976-09-14,51512.99,False
Maurice-Noël Langlois,opereira@example.net,1999-01-01,78049.91,False
Gérard Becker,paulbouchet@example.org,1991-04-07,11027.66,False
Valentine Becker,fcoste@example.com,1977-08-13,48525.03,False
Virginie Pages,augustinpoirier@example.com,2016-07-10,47964.45,False
Thérèse Legros,denisefrancois@example.net,2000-10-04,44442.41,True
Robert Marques,paulettefontaine@example.net,2019-10-02,40025.05,True
Lorraine Martin-Morin,hgauthier@example.net,2021-06-03,43390.5,True
Nicole-Emmanuelle Dufour,colasadele@example.net,1974-08-27,15273.5,True
Dorothée de Roussel,psamson@example.org,1996-04-22,48187.88,False
Célina Renard de la Lemoine,glombard@example.net,2018-02-28,52141.27,True
Hortense Rey,margot25@example.org,2014-12-19,25305.32,True
Agnès Léger,arthur12@example.com,2009-04-28,75679.66,False
Vincent Dupuis,anouk71@example.net,1979-05-25,46650.34,True
Édouard Poirier,humbertnathalie@example.com,2022-06-12,56298.3,False
Agnès-Alexandria Clément,proussel@example.org,1987-06-12,38652.01,True
Margaret Martel,isabelletanguy@example.com,2002-11-11,56754.39,False
Thomas Guichard,martinezagnes@example.com,2023-03-25,19182.66,True
Inès Le Goff,lefebvrecamille@example.net,1992-08-20,67825.11,False
Théodore Laurent,josette84@example.net,1992-02-18,73816.4,True
Claire Boyer,kfontaine@example.net,2020-04-15,10939.13,True
Susan Ledoux,tgrondin@example.net,1971-08-04,77010.33,False
Yves Buisson,gaycelina@example.net,2005-12-26,74174.25,False
Louis Julien,cousinjuliette@example.net,2010-10-22,17776.21,False
Roland de Martin,cnicolas@example.org,2012-11-14,71751.77,True
Brigitte Briand,diazolivier@example.com,2000-11-23,36070.69,False
Jeannine Guérin,gilles31@example.org,2009-11-13,37875.75,True
Chantal Prévost,iperrier@example.org,1987-09-13,53079.78,False
Audrey Vallet du Laporte,didierphilippine@example.com,1996-09-26,27512.29,False
Geneviève-Anouk Bouvet,goncalvesodette@example.com,1973-02-01,25965.99,True
Christiane-Amélie Merle,christelle89@example.com,1978-07-22,20069.43,False
Zacharie-Frédéric Dumas,bmorvan@example.com,2019-06-08,48407.3,True
Jacques Ruiz,ptessier@example.net,2019-03-13,78646.81,False
Geneviève Gérard,kweiss@example.org,1984-07-18,10399.82,True
Yves Pasquier du Jacquet,louisbrun@example.org,1981-03-19,35161.07,False
Alix Gaillard,cecile74@example.org,2002-02-10,22890.3,True
Alphonse Munoz,regnierchantal@example.org,2005-01-21,30365.7,True
Alexandria Pineau Le Lamy,remyfaivre@example.net,1984-05-04,11903.86,True
Marthe Barbe,agatheriou@example.org,1976-10-12,42898.1,True
Guillaume Alexandre,zmasson@example.com,2014-04-01,42940.66,False
Andrée Raynaud,zgilles@example.org,1973-03-09,63712.89,False
David de Rémy,sylviehamon@example.org,2023-04-19,32904.38,True
Françoise Legendre,costeelisabeth@example.com,1986-04-09,26713.92,False
Valérie Rousseau-Barthelemy,kvalentin@example.com,1976-06-12,54718.61,True
Marc Chrétien,llaroche@example.com,1998-03-07,19847.66,False
Michelle Vallée,idumont@example.org,1971-02-07,41755.8,False
David Thierry,roger92@example.com,1986-06-12,76736.15,False
Alexandria Dias,qbertrand@example.org,2007-10-19,12067.29,False
Susanne-Maggie Gomes,raynaudclaude@example.net,1984-02-17,42096.8,True
Nathalie Jacob,bdevaux@example.org,1974-10-10,57030.23,False
Maggie-Valérie Samson,alexandre04@example.net,1974-09-28,67622.29,False
Georges Gomes-Pages,martine14@example.org,1988-08-27,30049.91,False
Vincent Dubois,faivreandree@example.net,1992-08-07,69183.43,False
Marthe Lebon du Renaud,qdelahaye@example.org,2000-05-17,24013.21,False
Margot Delmas,meyerjosephine@example.com,2012-04-07,30938.09,True
Pierre Gillet,margotcoste@example.net,1973-08-30,39178.87,False
Zoé Carre,thibautpruvost@example.org,2002-09-07,34876.3,False
Patrick Devaux Le Lucas,jacquelineperrin@example.com,2012-12-14,71488.94,True
Emmanuelle Le Berthelot,mblot@example.net,1992-08-01,46331.46,False
Sébastien du Mathieu,ablin@example.net,1972-02-21,23360.56,True
Monique Rémy,odette82@example.com,1980-12-16,67094.89,False
René Baron,adelaidecosta@example.net,1976-12-11,22551.97,True
Alexandre Tanguy,amallet@example.net,1982-06-08,51530.77,False
Suzanne du Laroche,laurencejulien@example.com,1994-08-26,65086.68,True
Bertrand Bègue,mullerjoseph@example.com,1987-10-29,18395.37,False
Clémence Millet,sophielacroix@example.org,2000-04-20,17483.26,False
Jacques Wagner,valeriegerard@example.org,1990-11-22,53447.19,False
Édouard Martineau,nathaliecamus@example.org,2013-12-27,18996.24,True
Véronique Leleu,colletlucas@example.org,1998-03-22,57464.46,True
François Blanchet,neveuelodie@example.com,1995-09-05,76690.71,False
Paulette Benoit de Clerc,thomas79@example.org,1986-02-19,32121.43,False
Christiane du Albert,paulettegilles@example.net,2011-01-01,19785.24,True
Grégoire Fernandez,hle-gall@example.net,2021-02-13,62184.35,False
Patrick Delmas-Hernandez,juliediaz@example.net,2017-02-25,65707.66,False
Thibault Maréchal,baillyzacharie@example.org,1987-02-21,34193.32,False
Alice Colas-Dijoux,bigotalix@example.net,1992-02-29,40216.2,False
William Guérin,fourniercatherine@example.net,2004-06-24,16793.52,False
Victor Chauvet,alacroix@example.org,2021-10-18,30709.78,True
Colette-Juliette Bertrand,kbouvet@example.com,1981-07-29,22281.08,True
Thérèse Torres,hervegregoire@example.net,1979-05-12,12277.72,False
Amélie Lacroix,shoareau@example.net,1970-07-25,21423.09,False
François Lebrun,ehernandez@example.net,2005-11-29,55144.35,True
Denise Roy,williamregnier@example.com,1990-08-05,58518.49,False
Guy-Luc Sauvage,agnesdescamps@example.net,2010-11-10,76829.14,False
Joséphine Durand du Moulin,paulettegirard@example.org,1986-05-23,40350.84,True
Georges Boucher,zcharles@example.org,1998-01-07,64446.77,True
Noël-Roland Riou,perrotaurore@example.com,2002-03-02,45796.95,True
Thibault Dumont,umartins@example.org,2000-11-01,63649.04,False
Margot Pineau,laurent95@example.org,2010-06-27,43865.58,True
William du Bruneau,drousseau@example.net,1973-11-17,37829.27,True
Antoine Allard,lucasrenault@example.org,2005-12-26,29246.48,True
Adèle Baron,bonnetedouard@example.net,2023-03-05,17682.04,False
Eugène Raymond de la David,mauricelouise@example.org,2007-12-02,71567.64,False
Marcel Gallet,gerard45@example.org,1973-10-07,12771.18,True
Juliette Le Roux,francois01@example.net,1989-02-12,70199.34,True
Dominique Morvan,eugenecolin@example.org,2016-04-11,33543.5,True
Andrée Guillot,marcelleperrot@example.org,1991-06-06,49552.2,True
Valentine Brun-Bourgeois,alphonse12@example.com,2017-09-05,14425.97,True
Philippe Gillet de Aubry,sabine15@example.net,1987-06-25,51660.7,True
Susan Petit,dalves@example.com,1983-01-27,47854.71,False
Matthieu Lebreton-Reynaud,zcouturier@example.com,2021-11-23,58199.25,False
Guillaume Boyer,amelie00@example.net,2013-03-22,36968.31,True
Aurélie Diaz,agathe85@example.org,1974-06-22,39392.41,False
Colette Godard,dupuypaulette@example.net,2013-04-17,52691.67,True
Gérard de la Bodin,royceline@example.org,1988-09-27,79604.29,False
Aimée Faure,pparis@example.org,2012-11-13,23690.48,False
Sylvie Charpentier,denisgaudin@example.net,1989-03-18,62956.23,True
André Le Lemaître,fernandeschristine@example.org,1981-12-29,58331.52,False
Laetitia Laine,annepages@example.com,1991-07-13,47107.31,False
Richard Le Dufour,klucas@example.com,1985-03-09,41032.12,True
Nicole Le Langlois,bertrand62@example.com,2025-02-23,47244.59,False
Alfred Lucas,paul78@example.net,2022-12-01,35175.22,False
Corinne Pascal-Legendre,perretconstance@example.net,1994-08-28,32865.55,False
Frédérique Cordier,andreetienne@example.com,2018-08-28,17631.62,False
Robert Dubois,corinnemathieu@example.org,2018-11-05,18921.52,True
Véronique Fouquet,margaretbonnin@example.org,1985-10-23,78904.33,False
Claudine Normand de la Rey,guillotbrigitte@example.net,1975-05-08,41931.13,False
Victor Rodrigues,marinelefevre@example.com,1980-11-09,32370.96,False
Marc Daniel,delormefrancoise@example.org,1996-11-27,22726.43,True
Inès Allard,leblancjuliette@example.com,2008-12-17,22037.08,False
Louis Perez,nathalie33@example.com,1982-07-08,10168.5,True
Adélaïde Lévy,honore01@example.net,1978-07-27,75831.14,False
Guillaume Bonneau de la Alexandre,guillaumeregnier@example.com,1974-07-13,24964.14,True
Caroline Lefort,marianneleblanc@example.org,2005-08-01,16155.82,True
Théodore Gomes,gerard06@example.net,1992-12-31,43134.02,True
Guillaume Poirier,virginie97@example.com,1982-04-13,59513.8,True
Dorothée Legendre-Loiseau,louisberthelot@example.org,1977-06-11,62075.53,False
Lorraine de la Coulon,nathalie93@example.com,2000-12-09,53631.88,True
Aurore Julien,cferreira@example.net,2015-07-23,56274.32,True
Célina Lelièvre,virginievallee@example.org,1974-01-10,10265.95,False
Simone-Michelle Guillon,rdiaz@example.com,1997-11-07,33341.65,False
Lucie Launay-Lefebvre,jfoucher@example.net,1988-04-19,31400.98,True
Pauline Costa,odias@example.com,2019-08-14,72969.32,True
Claude Duhamel,zauger@example.net,2006-01-29,52189.01,False
Aurore Barre,gayhenriette@example.com,1999-05-05,12062.71,True
Charles Hebert,christine86@example.com,2019-06-23,67918.26,False
Célina Pages-Richard,gilles26@example.org,2006-07-03,18433.35,False
Victoire Laporte,dupuysuzanne@example.com,2005-09-02,46130.71,False
Antoine Julien,josephinedelannoy@example.com,2025-02-21,26918.83,True
Audrey Lemoine,julien34@example.net,1987-09-26,50608.82,False
Nath-Manon Maury,royguy@example.org,1993-11-19,75019.28,False
François Gauthier-Morel,folivier@example.com,1987-12-11,76403.03,False
Agathe Jacob,bleclerc@example.net,2012-04-25,51936.79,False
William Colas,pichonmarcel@example.org,1973-07-26,50138.63,False
Sylvie de la Thierry,perriermargaret@example.org,2008-01-08,76832.6,True
Patrick Paris,guyotmargaux@example.org,2012-05-04,36311.12,False
Robert Brunet,ple-goff@example.com,1989-09-12,70638.31,True
Margaux Masse-Diaz,agimenez@example.com,1971-10-24,67284.45,True
Franck Lebreton,alexandriathibault@example.net,2001-06-22,47103.92,False
Alfred Carre de la Bourdon,le-rouxchristophe@example.net,2023-05-13,70975.08,False
Inès Carre,mbriand@example.org,1999-01-23,21256.02,True
Aimée Leduc,baillyolivie@example.com,1985-02-13,27716.22,True
Jeannine-Véronique Pascal,guillaumeantoine@example.com,2017-10-21,79514.22,True
Jérôme Normand,charpentierdaniel@example.com,2017-11-15,68290.05,False
Philippe Lacombe,matthieuraymond@example.com,2002-01-05,18912.26,False
Daniel Chevalier de Grenier,blancarnaude@example.com,2003-11-17,61086.03,True
Paul Garnier-Lemonnier,emilie77@example.net,1970-07-24,51803.62,False
Noël Auger,moreaulucas@example.com,2015-06-07,53687.31,True
Augustin Arnaud,christelleandre@example.com,2006-04-25,13353.43,True
Louise-Susanne Labbé,theophile66@example.org,1984-12-30,36002.98,False
Michelle Raynaud,dhoarau@example.org,2002-11-12,33715.09,True
Édouard Vallée-Bailly,allainstephanie@example.net,2002-10-22,72262.43,True
Léon Le Durand,hortense24@example.com,1997-09-06,45931.17,False
Maurice Marin,maurice69@example.net,2022-07-08,49373.14,True
Jeannine du Traore,bouvetthibaut@example.net,1976-05-19,33019.02,False
Élisabeth Garnier,martinezadelaide@example.com,2013-03-15,60597.08,True
Marine Riou,drenard@example.org,2017-02-07,56904.64,True
Thomas Lebreton-Maury,auguste95@example.org,1995-10-30,25055.97,True
Jean Morvan-Albert,potierpaulette@example.com,1993-07-17,60481.4,True
Jean Didier,augerzoe@example.org,2013-04-17,75522.23,True
Roland du Lambert,sophieboucher@example.com,2014-10-23,60009.37,True
Henriette Grégoire,camille38@example.net,1974-12-25,50331.52,False
Zacharie Duval,lucas25@example.net,2004-09-23,53333.94,False
Louis Girard-Dijoux,xleveque@example.net,2006-10-26,56982.76,True
Lorraine Le Gilbert,ines60@example.org,1994-07-12,63035.27,False
Marguerite Wagner,beguechristiane@example.org,1977-08-15,39475.21,True
Jules Hamel,suzannelaunay@example.com,2005-02-14,76075.52,False
Stéphane-Zacharie Peron,elodieroche@example.net,1984-02-10,36228.67,False
Gilles-Étienne Bourdon,cgerard@example.net,1977-06-19,39292.07,True
Hugues Bailly,zoeperrier@example.com,1993-10-07,68953.23,True
Alain Martin-Arnaud,xperez@example.org,2006-06-22,79780.77,False
Thierry Maillet,nbazin@example.org,2024-05-06,24873.15,False
Frédéric Pascal,joubertsimone@example.net,1982-11-09,38957.08,True
Adrien-Émile Perrot,rrenard@example.org,2007-10-30,33501.88,False
Constance de la Voisin,julienaurore@example.net,1977-10-28,60663.7,False
Bertrand Le Leconte,poulainrichard@example.com,1988-07-05,15985.11,False
Auguste du Gillet,merlevincent@example.org,2017-01-22,21088.38,True
Michèle Étienne,arthur14@example.net,1988-10-27,67003.55,False
Édouard Merle,arodriguez@example.org,2024-06-09,41781.75,True
Aimé Loiseau,richardhebert@example.com,2020-02-19,56595.35,False
Alice Le Michaud,hbreton@example.com,1973-04-05,29960.2,False
Pierre Morvan,leon32@example.com,1999-07-07,21260.75,True
Dominique Sauvage de Barbier,fouquetsusanne@example.com,1998-11-11,64651.35,True
Hélène Le Ollivier,pauldos-santos@example.org,2012-01-25,20747.94,False
Véronique Pruvost,davidfrancoise@example.com,1991-06-17,42690.67,False
Tristan Georges Le Lebreton,raymond35@example.com,1978-12-23,77875.42,False
Alfred de Mercier,roussetdenis@example.com,2023-03-07,32074.59,False
Gilbert Gallet,oleconte@example.net,2006-08-16,59251.41,False
Franck Hoareau,patrick78@example.org,2001-06-10,45981.83,True
Camille Poulain,marthe46@example.com,2009-02-27,58449.66,False
Émilie Besnard,nath99@example.net,2003-03-06,66790.86,False
Isabelle Alexandre Le Roche,laurentklein@example.net,2004-10-05,26106.67,False
Caroline Lévy,dorothee57@example.net,2005-04-20,11045.85,False
Philippine Lesage,loiseauaimee@example.org,1990-05-01,67978.44,True
Émilie Durand,thierry15@example.com,2013-05-04,68139.58,False
Océane Le Mace,simone27@example.net,1984-09-10,17854.15,False
Margaud Paul,vpayet@example.org,2019-03-05,30380.58,True
Roland Fontaine,timothee91@example.com,2010-07-24,16003.91,True
Bernadette Andre,bonnetnicolas@example.org,1988-03-28,14154.17,False
Théodore Michaud du Gomez,christinegarcia@example.com,1972-09-30,67776.21,False
Océane Delorme,helene53@example.com,1977-05-30,59143.96,False
Suzanne Hebert,kgregoire@example.net,1987-07-19,54382.95,False
Margot Faure de Daniel,epeltier@example.net,1971-05-11,46230.11,False
Anastasie Faivre Le Rossi,bchartier@example.org,1991-12-17,10983.75,False
Alix Allard,augustin26@example.net,1974-09-28,24646.11,True
Paulette du Delannoy,llucas@example.org,2016-09-02,77319.45,True
Marianne-Isabelle Aubry,ile-roux@example.org,2023-03-04,14597.88,False
Grégoire Hardy,hamelmanon@example.net,2001-07-28,10785.78,True
Antoine-Benoît Colas,fleurysebastien@example.com,1970-03-26,38247.48,False
Yves-Jean Thomas,marincharles@example.net,1994-09-30,15178.02,True
Marguerite Meunier,adrienne11@example.com,2023-11-25,76880.5,False
Hortense Dupuy,philippe08@example.com,2008-10-20,61342.41,True
Charles Pelletier,olivierfrancois@example.net,1984-05-15,78517.35,True
Joséphine Lamy-Merle,navarrocecile@example.org,2018-12-02,48039.53,True
Agnès Navarro,jeanjacques@example.net,1981-11-16,71096.45,False
Alexandre Poirier,suzanne86@example.org,1988-12-11,21960.99,False
Pierre Da Silva-Mallet,rpelletier@example.net,2009-05-10,77363.54,False
Georges du Bruneau,adele42@example.org,1988-07-26,31708.21,True
Victor de Moulin,besnardcatherine@example.com,2010-09-03,32762.39,True
Christiane Laurent,jeancoulon@example.com,2021-12-19,41967.27,True
Augustin Le Letellier,cmonnier@example.net,1984-09-29,28478.33,True
Richard Rivière,matthieubertrand@example.org,2008-06-12,52499.73,False
Pierre Hebert,remybodin@example.net,1989-09-06,25818.1,False
Richard Michel-Teixeira,yvesteixeira@example.org,1978-05-29,14625.55,False
Christelle Andre,emiliepoulain@example.net,2008-04-04,35437.99,False
Emmanuel Le Adam,adelaideauger@example.net,2017-02-06,51623.44,True
Franck-Daniel Lebreton,emmanuel05@example.net,2000-12-06,59523.97,True
Eugène Moulin,corinne28@example.org,1992-10-10,11638.87,True
Aurélie de la Verdier,manon75@example.net,2009-03-28,18297.63,False
Daniel-Émile Pereira,wletellier@example.com,1974-10-27,31939.83,True
Noémi Brunel de la Renault,kimbert@example.net,1987-07-15,44314.64,True
Dorothée Vidal de Gonzalez,josephine81@example.org,1992-01-21,40869.7,False
Joséphine Seguin,madeleineneveu@example.com,2023-11-30,43436.69,False
Aimée Le Goff Le Bertrand,wleger@example.com,1983-04-09,16397.54,True
Noémi Toussaint du Berthelot,fle-goff@example.net,2009-09-29,43091.61,False
Alphonse Meunier,andree27@example.org,1986-01-25,38654.18,True
Christelle Turpin,monniermargaux@example.org,1983-11-01,67075.33,True
Vincent Rolland,massonclaudine@example.net,2015-07-23,22282.87,True
Frédérique Klein de Lombard,ogay@example.net,1978-08-04,37468.93,True
Claire Neveu,alexandrie32@example.com,2007-07-11,29614.18,False
Louise Lebrun-Perret,stephanechauvet@example.org,1999-12-05,68892.58,True
Pierre de la Torres,andre80@example.com,1990-03-23,48787.12,True
Antoine Diallo,xaviergimenez@example.com,1979-10-12,41752.43,True
Frédérique Legendre,dleleu@example.com,1971-06-01,74543.73,True
Thérèse Bertrand,victoirenoel@example.org,1981-08-05,26647.26,True
Mathilde Laine,ugoncalves@example.org,2007-08-28,55434.7,True
Gérard-Gabriel Le Roux,dmaillot@example.com,1987-04-20,40767.1,True
Claudine Dijoux,danielle16@example.org,1987-02-08,31943.63,False
Aurélie Gimenez-Schneider,brigitte41@example.com,1988-09-03,26751.6,False
Hortense-Sabine Pascal,pierreluc@example.com,1990-04-22,78898.49,False
Philippe Samson,timotheelaroche@example.net,1996-03-17,61002.03,False
Laurent Huet,aubrymaurice@example.net,1996-06-29,74796.87,True
Charles Potier-Guillaume,nbreton@example.com,2009-01-03,47945.37,False
Lucas Pichon,victoire29@example.net,2002-10-16,71884.31,False
Alex-Véronique Guilbert,emmanuelle50@example.org,1975-10-09,42224.16,True
Louis Legros,sremy@example.org,2016-11-13,51675.97,True
Noël de la Guibert,edouard63@example.com,1973-03-23,13510.19,True
Claude Roux-Breton,humbertnathalie@example.net,2005-07-23,53659.5,False
Nathalie Lebreton,mgomez@example.com,2003-02-09,42678.81,False
Isaac Pelletier,bernadettemaillard@example.com,1974-07-21,31418.04,True
Antoinette Guichard,zbrunel@example.net,2020-07-03,25956.7,False
Théophile Hoareau,alix83@example.com,1993-12-01,46176.84,True
Philippine du Simon,joseph53@example.org,1984-11-18,23029.56,True
Robert Riou,thibaultcamille@example.net,2014-11-18,55703.8,True
Margaud-Henriette Delaunay,frederique42@example.org,1978-09-06,60932.21,True
Rémy Paul,simone06@example.org,2010-03-20,72354.19,True
Manon Masse,devrard@example.net,2023-11-06,64626.32,True
Aurélie Morel,vbuisson@example.com,2003-10-26,24088.52,False
Victor Besnard,emmanuel80@example.com,1974-03-08,36042.87,False
Timothée Launay,caroline96@example.org,1972-09-05,23152.72,True
Mathilde Parent,leblancraymond@example.com,1981-07-29,61212.63,False
Tristan Arnaud,blotauguste@example.org,2016-01-13,22223.97,False
Camille Le Hubert,zoelaunay@example.net,2021-12-26,58059.12,True
Céline Vallée-Boulay,vrey@example.com,1991-02-01,46756.06,True
Adèle Monnier,zoe23@example.org,2023-12-15,43814.19,True
William de Allard,lbazin@example.com,2018-09-07,76059.14,False
Antoine Bonneau-Blondel,legrosrene@example.com,1984-02-04,45252.39,True
Jacques de Arnaud,theresefaure@example.com,2010-10-26,65423.45,False
Roger Vallée du Leroy,chauvingenevieve@example.org,2003-10-28,18327.9,False
Gilbert Dupuis,adelaide20@example.org,2003-03-23,23554.9,True
Hugues Dupré,ramosmarine@example.net,1975-09-03,77740.67,False
Geneviève Lombard Le Millet,martinremy@example.net,2000-04-25,40815.14,False
Zoé Fleury de Mace,paulchartier@example.com,1979-10-02,37015.74,True
Josette Lévêque,gilletchristine@example.net,1997-09-10,47636.15,False
Thibaut Pires-Weiss,benoit00@example.org,2024-10-25,46603.69,False
Benjamin Albert de Pichon,monnierines@example.net,2006-02-26,60462.07,False
Aurore Riou,margotgomes@example.net,1976-05-19,69985.74,False
Chantal Godard-Clément,francoise23@example.com,2018-08-04,71391.08,False
Amélie Pereira,elaurent@example.org,1986-01-05,21236.13,False
René Lambert du Dubois,theophile06@example.org,2003-11-14,39824.27,True
Thibaut de Guillaume,auroreleclerc@example.com,1991-08-16,70875.73,False
Thierry Voisin,blemaire@example.com,1983-06-06,76691.43,False
Simone Bodin,juliebaron@example.com,2011-08-02,41588.96,False
Louise Mathieu,arnaude03@example.org,2017-06-23,46269.74,False
Gilles Le Guérin,lorraine77@example.org,1987-12-11,49862.26,True
Éléonore Foucher,cclement@example.net,1981-10-04,77420.31,True
Martin Brunel,maillardmaryse@example.org,1974-02-27,50403.84,False
Auguste-Stéphane Daniel,patrickvidal@example.com,1970-05-06,41234.47,False
Aimé Leclerc,aubertmichele@example.org,1980-01-09,70878.39,True
Noël Robert,sregnier@example.com,1992-07-04,63261.88,True
Benoît Garcia du Lucas,valletfranck@example.org,2008-09-04,27360.95,False
Henri de Le Gall,zacharierobin@example.net,2018-01-27,39599.04,False
Édouard Traore,francoistimothee@example.net,2020-06-26,48813.31,True
Diane Gillet,veronique64@example.com,1975-07-02,74517.93,True
Édith Duval,alexandrie94@example.com,1981-06-05,79225.72,False
Franck Lévy,colettegarcia@example.org,2013-04-25,12431.32,True
Jérôme Navarro,emmanuel68@example.com,1972-08-31,56565.77,False
Capucine-Denise Cousin,kgomez@example.com,2011-02-28,39169.69,True
Victoire Collin,bernardphilippe@example.net,1997-06-03,46530.95,False
Thomas Pierre,gabriel39@example.net,1975-04-10,24317.18,False
Jeanne Auger-Reynaud,victoire12@example.com,1974-03-16,35015.76,True
Stéphane-Alain Monnier,caroline96@example.org,1981-12-23,73565.41,True
Vincent-Léon Fournier,ibernier@example.org,2010-04-29,35982.21,False
Nathalie Da Silva,oguillou@example.net,2002-02-08,53746.64,True
Jacques de la Lombard,stephaniepineau@example.org,1975-06-06,26943.34,False
Alexandria-Constance Gérard,roland37@example.com,1970-09-18,68428.77,False
Emmanuelle Charles,christiane97@example.net,2021-06-14,36554.93,False
Célina-Antoinette Morel,tristan62@example.org,2018-11-13,38679.26,False
Patrick Traore,perretnoemi@example.org,2010-09-07,27107.2,True
Rémy-Thibaut Guyot,remyceline@example.com,2009-09-20,70230.14,True
Christophe Faure,eliseetienne@example.org,1983-04-27,23669.33,False
Arthur Legendre,patrick57@example.com,1996-04-19,66394.58,False
Franck Dupré-Fontaine,aurorechauveau@example.org,1994-03-09,73088.57,True
Bernard de Faivre,paulette80@example.org,1989-01-01,52023.1,True
Grégoire Pineau,guillaumeboulanger@example.com,2022-08-29,26371.33,True
Noël Petit,michelle87@example.com,1982-09-03,42181.0,True
Gabriel Leduc-Pruvost,stephaneweber@example.com,1997-10-10,50128.76,False
Timothée Texier,xpicard@example.net,1994-02-10,77306.95,True
Christelle-Jeannine Hebert,sdos-santos@example.org,2002-07-18,71382.2,True
Georges Ledoux,diane67@example.net,2014-04-03,75904.09,False
Julie Fouquet,jclement@example.net,1985-11-07,11715.39,True
Benjamin de la Richard,chevalierjacques@example.net,1987-12-16,34555.0,True
Marthe Caron-Ruiz,riouhenri@example.com,2011-08-02,23977.56,True
Roger Gillet-Hebert,gprevost@example.net,2012-06-09,55359.85,True
Denis Hamon,veroniquedijoux@example.net,1997-04-01,56144.53,False
Lucas Adam,yfischer@example.com,2000-08-13,47469.73,False
Luce Salmon,anais81@example.com,1980-05-21,69053.04,False
Margaud Moreau-Besnard,vincent69@example.org,1978-05-12,51081.86,True
Matthieu Sauvage,amelie20@example.net,1986-10-15,49041.65,False
Maggie Léger,sophie21@example.com,2006-08-30,75297.63,True
Sabine Vincent,beguephilippe@example.com,2021-06-23,12450.91,False
Jules du Blin,alfred67@example.net,1994-11-04,69262.08,False
Christophe Turpin,emmanuelchevallier@example.net,2005-08-09,78391.43,False
Marcelle Fabre-Raynaud,cecile41@example.com,2021-07-16,23533.98,True
Stéphane Dos Santos du Gaillard,henriettechartier@example.org,2020-01-09,43690.25,True
Marguerite-Patricia Dupuy,inormand@example.com,1982-07-27,12877.67,True
Denis Normand,margotdubois@example.org,2018-02-15,34521.98,False
Robert Daniel-Bailly,bernard92@example.com,1984-09-21,44856.66,True
Isabelle Bailly,marineguillon@example.com,1982-02-21,48435.41,False
Alain Vallée-Bernier,amelie12@example.net,1979-07-19,34095.12,False
Inès Charles,mathilde56@example.org,1984-03-20,24291.61,True
Zoé-Capucine Wagner,christineroussel@example.net,2000-01-15,71241.91,True
Charles Bouchet,manonpires@example.net,1993-07-25,34649.1,True
Nathalie Besnard,huetcolette@example.net,2023-10-18,64221.35,False
Pierre Marchal-Rousset,fabremarie@example.com,2022-11-24,63250.99,False
Capucine Robin,thierry54@example.net,1993-01-21,34409.52,False
Alain Duhamel,jacqueslaetitia@example.net,2005-01-07,14500.47,False
Georges Laurent,martin74@example.org,1980-03-29,61083.56,True
Tristan de la Paul,benjamincollet@example.org,2012-10-13,18258.88,True
Bertrand Leconte,dianegerard@example.net,2002-02-05,33106.78,False
Thibault Faure,raymondduhamel@example.org,1977-06-19,18485.82,False
Louis Leclercq,oberthelot@example.org,2013-02-16,52954.98,False
Gilles Peron,laetitia60@example.net,1980-03-18,67863.27,True
Suzanne Boulanger,jdevaux@example.org,2015-05-01,62979.45,False
Michel Ollivier-Mercier,xavier02@example.net,1999-12-03,52184.95,False
Margaud du Carlier,emile43@example.org,1980-04-18,23983.66,False
Diane Le Hubert,francoisebesnard@example.com,1994-06-13,13188.88,True
William Lemonnier-Grenier,augerjuliette@example.net,2001-01-10,70316.04,True
Thierry Leleu,elise30@example.org,1974-10-27,50595.01,True
Hugues Cohen,gabriel38@example.net,1977-07-12,17505.99,False
Honoré Perrin-Couturier,martheturpin@example.com,1992-08-22,58231.85,True
Lucas Michel,michelsimon@example.com,1971-04-06,12349.79,False
Aurore du Leleu,vmunoz@example.org,2022-10-01,51848.47,False
Jeanne Chartier-Texier,denis46@example.net,1988-10-26,25339.36,True
Agathe Albert,levequeelodie@example.org,1989-08-08,44986.03,True
François Cohen,djacob@example.net,1974-07-11,39465.65,True
Nathalie Benoit,pierre20@example.org,1995-01-26,54883.07,True
Gabriel Marchand,arthurperrot@example.net,2005-11-26,12115.06,True
Gérard Marion,guyonsabine@example.net,1993-01-06,72215.18,False
Patrick Dos Santos,menardchantal@example.com,2014-09-26,65035.91,False
Édith Turpin,hoaraupauline@example.net,2002-06-21,61827.8,True
Guy-Robert Coulon,eugenehuet@example.com,1994-09-05,67957.28,False
Adèle Guibert,alain60@example.org,1983-03-22,21909.84,False
Henriette Léger,veronique76@example.net,1978-09-22,30041.34,False
Martine de Cordier,georges16@example.org,2015-06-21,57449.75,True
Grégoire Le Marie,monique82@example.net,1996-12-11,64150.72,False
Capucine Masse du Antoine,lemaitrelucie@example.org,1989-11-18,22900.33,True
Alexandre du Lombard,denis72@example.com,1998-06-15,19791.57,False
Adrienne Dijoux,davidmarguerite@example.com,1988-12-13,31436.92,True
Alexandrie Chevallier,jda-costa@example.com,2009-10-06,52158.68,True
Zacharie Poirier,thomaspaul@example.net,2000-02-27,62004.25,False
Henri de Germain,elisabethguichard@example.org,2012-08-20,64766.9,True
Christiane Noël-Leroy,sabinerey@example.net,1973-12-17,32180.83,False
Joseph Samson,dijouxjules@example.com,2019-10-03,50227.8,False
Alain Raymond,lopezcolette@example.com,2021-01-05,11266.63,True
William Verdier,jcollet@example.net,2012-10-25,46744.68,True
Benoît Leclercq,jeannemarechal@example.net,2002-07-10,48556.68,True
Raymond du Becker,victorblot@example.net,2012-08-06,53868.89,False
Margaux Arnaud,laurence41@example.net,1998-09-20,39530.08,False
Jean-Julien Poulain,jolylucie@example.org,1997-11-07,32083.93,False
Véronique François,fschneider@example.org,1997-11-03,71961.58,True
Thérèse Schmitt Le Schmitt,seguinjulie@example.org,1985-04-18,23908.47,False
Charles Neveu,emmanuelle27@example.org,1987-05-11,76729.33,False
Brigitte de la Masse,audrey61@example.org,2023-10-07,35380.52,True
Guillaume Potier,marchandmarc@example.net,1984-03-24,43633.18,True
Claire-Suzanne Samson,mvalentin@example.net,2006-09-25,51922.48,True
Constance Lamy Le Chartier,mrousseau@example.net,1997-01-29,28929.27,True
Suzanne Leconte,jerome88@example.net,1975-12-25,55689.6,True
Jacqueline Evrard,davidda-silva@example.net,2012-10-30,77009.02,True
Antoine Martel,veronique89@example.com,2016-10-02,60729.7,True
Nathalie Guillaume-Peron,theophile15@example.com,1982-08-01,20962.5,True
Antoinette Guillet de Loiseau,mendesstephane@example.org,1983-11-14,29217.35,False
Franck Philippe,marianne52@example.com,1998-09-22,79480.08,False
Zoé Hoareau,qmallet@example.org,1982-05-17,35880.83,True
Denis Diaz-Lebreton,roland27@example.com,1999-02-18,12324.31,False
Capucine Navarro du Morin,gnormand@example.net,2005-07-06,11394.69,True
Daniel Chevallier,christiane49@example.com,1973-07-06,62857.4,False
Christine Dijoux,adelaidelaporte@example.org,1977-02-21,14389.72,True
Roland Besnard,joubertcharles@example.net,1982-11-14,67949.24,False
Isabelle Mathieu,huguesgilbert@example.com,2002-06-23,68586.71,True
Andrée Valentin,blanchetbenoit@example.com,2000-08-03,24753.81,False
Emmanuel Alexandre,didieralexandre@example.org,1971-04-13,39649.84,True
David Chauvin-Couturier,georges90@example.org,1984-09-11,60483.71,False
Guillaume Turpin,bourgeoissusan@example.net,2004-09-25,69468.0,True
Anouk Jacob de Julien,blanchardstephanie@example.com,2020-10-29,36528.23,True
Denis Texier,chantalpotier@example.com,2020-07-01,32068.36,False
Gilbert Garnier,xmartel@example.com,1970-11-01,44990.68,False
Céline Julien,luc13@example.org,1995-06-04,33295.04,True
Xavier Imbert,delannoylaure@example.org,1995-01-10,42859.65,True
Arnaude du Bonneau,kparent@example.com,1970-03-31,24212.57,False
Grégoire Lefort-Launay,zoe21@example.com,2015-12-01,71148.03,True
Noémi Gaudin,adelaide63@example.com,2008-07-26,17291.54,False
Maggie Tessier de Gimenez,perrinalix@example.net,1982-06-15,54227.73,False
Valentine Lombard,isabelle10@example.com,1972-02-24,29783.56,True
Roger Bigot,legrosanastasie@example.com,1970-11-07,18440.09,False
Nath Léger Le Guillou,olivierbailly@example.net,2009-11-15,75163.57,False
Jules Perret,emillet@example.org,2009-11-02,25774.3,True
Stéphanie Meunier-Devaux,noellabbe@example.com,2021-06-16,49275.4,False
Gabriel de la Legros,alfred36@example.net,1994-03-23,40861.53,False
Jérôme David,elodie74@example.com,1991-05-31,47327.58,True
Gilbert de la Delattre,luce15@example.org,2009-05-03,47155.03,False
Frédéric-Stéphane Jacob,delattrealice@example.com,1980-04-05,52869.18,True
René Mallet-Dos Santos,victoire32@example.net,1975-03-31,75024.41,False
Benoît Lamy de Valette,julietteweber@example.org,1972-02-21,20506.37,True
Robert de Leclerc,legendreemmanuel@example.org,2024-05-20,73538.7,False
Olivier Vincent,obernier@example.com,2013-04-14,70627.63,False
Eugène Weber-Moulin,le-goffetienne@example.com,1980-03-25,70597.86,False
Catherine Lefort Le Bourdon,urichard@example.org,1971-02-18,72092.69,True
Frédérique-Emmanuelle Guibert,margauxparent@example.com,1981-03-19,49592.84,False
Bertrand Teixeira-Dufour,andreelaurent@example.net,1975-04-21,47660.96,True
Maurice Jacques,arnaudecosta@example.org,1975-07-25,35165.25,True
Maurice Guyot,beckertherese@example.com,1973-05-23,45663.74,True
Stéphanie de Benoit,lacombeastrid@example.org,2007-09-16,15702.07,True
Henri Delmas,moulintristan@example.com,2002-08-17,13550.75,False
Rémy Caron,isaacnguyen@example.org,2010-08-30,46937.99,True
Adrien Lacombe du Lévy,qnguyen@example.org,1970-06-24,24562.3,False
Maurice Maury,chauvincaroline@example.net,2016-05-20,77506.1,False
Victor Gay,vcollin@example.net,2003-04-22,27472.1,False
Nicolas Vincent-Couturier,btraore@example.com,2001-08-25,11522.66,False
Richard du Le Goff,camille79@example.com,2006-10-14,79612.48,False
Colette David,reneebreton@example.net,1975-07-12,36817.74,False
Adélaïde Delaunay de la Grégoire,suzannelamy@example.net,1996-01-31,63969.93,False
Georges Delmas,bernardremy@example.org,1981-11-21,34493.26,True
Emmanuel Dos Santos,theophilereynaud@example.com,2016-01-09,27271.81,False
Henri Jean,lopezhortense@example.com,1980-06-25,65771.97,True
Josette Hubert,toussaintzacharie@example.net,2022-05-14,20986.59,False
Nicolas Gilles de la Blanchard,isaac47@example.org,2012-01-06,40565.35,True
Denis Chauvet,icollet@example.net,1984-11-01,58628.48,False
Caroline Maréchal,rda-silva@example.com,1990-01-10,46238.39,True
Margaux Bègue,aureliehardy@example.org,1970-06-24,61793.06,False
Robert Schmitt,alfredboulay@example.net,1975-06-26,47210.34,True
Grégoire Lévêque,arnaudroland@example.com,1981-02-19,42792.65,True
Laurent-Zacharie Pascal,qcordier@example.com,1986-03-17,20063.24,False
Timothée de la Durand,vbarbier@example.org,2011-08-13,21589.6,True
Clémence-Capucine Martin,augerremy@example.com,1982-08-19,26536.33,True
Hortense Blot de la Raymond,blopes@example.org,2017-03-08,63474.77,False
Zoé Bernard,alix60@example.org,1991-04-08,36770.25,True
Monique Tessier de la Mathieu,framos@example.com,1986-04-15,22715.31,True
Daniel Rodriguez,colascaroline@example.net,2017-02-05,66795.16,True
Constance Verdier,lucasleclerc@example.net,1994-08-19,73275.67,True
Joseph Colin,da-silvaremy@example.net,1983-03-19,45528.09,False
Alphonse-Vincent Roussel,ecouturier@example.org,2004-11-03,68618.75,False
Anaïs Lacombe de Techer,aime74@example.net,2023-02-19,56323.67,False
Vincent Maury du Gros,alix12@example.org,1998-06-05,36827.52,True
Olivier Bernier,martin62@example.net,2022-04-23,35764.15,True
Georges Baudry,dijouxgerard@example.org,1970-12-15,37622.91,False
Philippe Gomez du Potier,sarnaud@example.org,1997-08-01,26704.45,True
Monique Gomez-Thierry,ruizmargaux@example.com,1972-09-12,28902.47,True
Zacharie Parent,marcellegautier@example.org,1997-06-11,37445.17,True
Julien Maréchal,rodriguesphilippe@example.com,2010-07-14,31020.15,False
Pierre Barbier,benoitbarbe@example.net,2021-07-28,51400.2,False
Léon Lacombe,ubesnard@example.com,2000-12-04,55849.72,True
Marcelle Lambert-Bègue,wroussel@example.org,2024-11-19,78121.29,False
Margot Gallet,valletmonique@example.org,2002-02-15,72599.31,True
Joseph Le Payet,massenicolas@example.net,1970-05-29,54793.3,False
Dorothée-Élisabeth Blanc,raymondhonore@example.org,1982-01-26,39587.45,True
Guy Rodriguez,julesherve@example.net,2014-12-22,40903.28,False
Laurent Lebreton-Daniel,mathildebreton@example.com,2016-01-03,32367.34,True
Philippine Gaillard,nbrun@example.net,1987-04-29,71671.23,True
Paul Le Robert,schmittbertrand@example.com,1999-08-21,78033.89,False
Jacqueline Marion-Gauthier,luciemichel@example.org,1979-12-21,31629.64,False
Marie Le Masse,anne26@example.net,1982-02-17,64011.41,True
Marc Normand,zachariesalmon@example.com,2004-04-28,12429.93,False
Paul Le Navarro,moreausuzanne@example.com,1998-02-02,41689.51,False
Élise Legros du Fournier,jeanlaurence@example.org,2008-10-19,48281.39,False
Thomas Rocher,xguillou@example.com,2018-01-15,71902.32,True
Antoine Bruneau-Carre,couturiertristan@example.com,2011-09-07,14087.39,False
Laurence-Marine Besnard,adrienne24@example.org,2018-07-27,65908.46,False
Michel Marie-Brunel,guichardjeanne@example.org,1991-02-01,17910.11,True
Michelle Carre,kbernier@example.com,1999-02-19,18721.57,False
Lorraine Costa-Brunet,patrick30@example.net,1996-07-29,31723.31,True
Arthur-William Vallée,margaux68@example.net,2001-11-07,34202.2,True
Aimée Leclercq,ugilles@example.org,1970-08-03,34109.82,False
Alfred-Éric Delorme,margauxdenis@example.org,1977-07-01,53735.8,False
Margaret Laporte-Guyot,mailletauguste@example.org,1983-03-19,57045.73,False
