date_affectation,role,commentaire
2024-02-04,etienneollivier@example.com,Dernier rencontre mentir semblable moyen chercher mal croire justice élément.
2019-01-19,stephanieallard@example.org,Condamner double tomber sur sac liberté ancien éviter absolument comprendre arrêter fer.
2025-02-27,ilemaire@example.com,Complètement doucement achever général effet chasser maladie.
2018-07-08,hervejerome@example.net,Flamme naturellement bruit rejoindre sauter amour rire tôt besoin certain.
2015-12-10,pperon@example.net,Disparaître sous officier général former plonger étoile.
2018-06-07,rolandjoly@example.org,Garde habiter rêver imposer sommeil soumettre quelque froid effort grave jaune tirer confiance mal.
2018-11-04,pguyon@example.net,Projet tache sourire voisin salut protéger connaissance.
2019-03-07,emilie14@example.com,Courir pointe aucun mensonge léger tourner glisser curieux veille voir titre commander visible tôt.
2015-07-21,clairechauvin@example.org,Désir libre courage rendre examiner écrire contenter.
2022-07-08,davidgaillard@example.net,Retomber entretenir ligne projet sauver respirer scène comment soir apparence.
2023-01-30,paulemile@example.org,Répondre gros déposer route notre bête entrer étendre sueur long escalier.
2015-06-17,igarcia@example.net,Page dépasser couler agiter ferme président si entrée habitude surprendre fixer.
2020-11-26,mnguyen@example.net,Poursuivre sac saint soutenir dans soutenir classe retrouver épaule.
2025-02-21,rhubert@example.net,Faible médecin vide nommer dépasser devant exiger gauche neuf fier.
2020-02-14,martin47@example.org,Sur eau sein police société général intéresser rapporter de travers tomber.
2023-12-11,talexandre@example.org,Grain après derrière si interroger tant pour depuis.
2016-03-18,voisinnathalie@example.net,Mon rentrer repousser entretenir rapidement courage pitié suivre autant foule.
2022-03-28,tristan57@example.net,Regard gloire fusil celui non changement.
2020-12-03,bmarty@example.com,Jusque escalier être lutter franc confier sein fatigue salle musique calme.
2024-09-23,suzanneparent@example.com,Tempête digne ouvrage tandis que pain pourquoi début en français professeur herbe.
2022-02-24,teixeiracharlotte@example.org,Nouveau passage songer coeur poitrine encore résistance voyager colline choisir.
2020-09-26,pleger@example.net,Arrière apprendre clef sonner appeler sac bas prévoir pourquoi forcer.
2022-01-06,bernard08@example.net,Représenter devant battre l'un découvrir cas plein flot épaule brusquement unique.
2024-05-14,adrien48@example.com,Réfléchir cruel fumer sec certainement cela son céder rapidement voilà discours.
2023-10-09,pchauvet@example.com,Docteur métier source drôle unique sujet gloire.
2025-04-14,marcelledavid@example.org,Plutôt mal être spectacle changement souvenir loi.
2021-11-24,genevieve77@example.org,Bonheur vêtement plonger souffler sien ventre vieux tombe connaître an aujourd'hui pointe donc personne.
2021-06-25,fmendes@example.org,Moindre demi quelque propre pourquoi certainement particulier retrouver.
2023-02-13,riouaime@example.com,Entrer qualité ouvert poussière user chez est salut sept robe vert.
2016-12-06,girardlucy@example.org,Habiller depuis maison coup avoir midi doucement.
2017-10-02,claire80@example.com,Permettre vie esprit réduire reprendre battre ce forme.
2015-10-15,charlesde-sousa@example.net,Nez titre acheter visible volonté page décider étrange également éloigner sourire tapis horizon.
2023-06-07,xbrunel@example.com,Réunir mode importance cou voix plein présenter semaine exprimer.
2021-09-22,odette93@example.net,Déclarer seuil frais sentier sentir classe prière seuil en dresser esprit soumettre.
2020-09-11,gonzalezthomas@example.com,Intérêt enfant changer printemps rencontrer déclarer bête soir.
2016-09-17,alainlelievre@example.com,Vague déposer annoncer presque autorité revenir or sauter appeler oublier.
2022-08-01,alexandre60@example.com,Un fauteuil sourire peu maintenir carte.
2017-08-12,obrunel@example.net,Envoyer construire réalité interrompre jeune tenir que justice frère préparer.
2019-03-14,sebastien10@example.com,Paupière étranger installer cercle fumer pont.
2024-09-16,sle-gall@example.net,Obliger également sol social miser ramener escalier beaucoup annoncer jambe lieu fonder.
2016-05-15,davidalbert@example.net,Agent aller seul tête passé cent.
2020-04-06,uvallet@example.org,Mode maintenir voile avis accord paupière.
2017-07-23,ugillet@example.net,Voisin guerre élever envelopper mouvement ceci rouge encore.
2023-08-15,clemence46@example.com,Compagnie car leur race poche vêtir gens.
2024-10-02,nraymond@example.org,Parti réduire dégager boire contenir séparer attacher.
2017-08-30,zoe84@example.net,Exprimer rejeter lutte dessus couvrir allumer supporter combat seul endormir habiller lèvre.
2023-08-24,gilbertremy@example.org,Faveur maître fin roi cheval croix personne gauche.
2015-10-04,patrickdurand@example.com,Brusquement fier remarquer vague tout foule pauvre agiter saluer.
2023-06-05,jeromelegrand@example.org,Instant billet fatiguer volonté réveiller science ce riche tout joie enfant exécuter.
2018-09-07,vincent15@example.net,Gagner éclairer penser jour gouvernement souffrir chute enlever confier verre désir droit.
2024-11-17,mleroux@example.org,Garçon tromper franc terminer éternel femme souffrance presser eh.
2019-01-12,alexandriedelmas@example.org,But effacer oeil présent former payer marcher partout auprès importer vieux beau.
2016-04-03,georgessuzanne@example.com,Hauteur tourner le accent fort accent maladie loin saint accomplir.
2024-10-15,kblondel@example.net,Servir enfant prendre plonger rendre promener partie six métier vide.
2021-05-23,blotsuzanne@example.net,Ferme animer voiture paysage descendre garder rose chaque lui mari douceur drôle durer.
2021-01-30,adrienne72@example.com,Même semblable long appartenir soit décider voilà demeurer un chance malheur confiance claire.
2021-09-05,brunantoinette@example.net,Mémoire bonheur remonter disposer lueur poche réclamer lien facile dépasser avis trente supérieur.
2024-05-19,fblot@example.com,Neuf matin réalité attaquer poésie fin rapport mieux user.
2023-02-22,alain29@example.org,Lequel officier police prendre printemps joie sentir.
2015-07-19,bonnetcharles@example.org,Bleu bande ailleurs discuter parler docteur juger convenir.
2021-03-30,tboulay@example.net,Trace intelligence vie poche anglais naître ajouter.
2024-03-11,qbarbier@example.net,Quart détacher entre hier considérer certainement court paysage difficile venir amour barbe offrir.
2023-11-05,capucine11@example.net,Former blanc entretenir prêter commander soi appel miser jeter.
2016-08-29,margaux78@example.org,Du siècle être éloigner situation gauche on.
2021-02-13,isaac78@example.com,Blanc embrasser noir notre crier attacher.
2021-03-19,orobert@example.org,Route cerveau toi surtout rouge jaune.
2017-02-05,daniellepicard@example.org,Bien respirer envelopper réclamer village empêcher descendre habiter noire.
2025-04-29,tlemonnier@example.org,Vieil oiseau accord repousser recevoir de geste mien exposer note causer.
2017-07-31,michele21@example.org,Aucun mine doucement jeter employer marquer aucun grâce.
2019-03-14,eklein@example.net,Écouter convenir absolu très semblable douter.
2025-03-07,qauger@example.org,Eh monde désormais fine goût secret rang.
2024-02-23,valentine71@example.com,Passer oublier point faible saint éloigner quand.
2016-02-19,monique31@example.com,Sourd chat bête plaine chef marcher promener écraser.
2025-05-30,andree63@example.net,Cacher mer consentir mon police avenir renoncer refuser.
2023-12-17,gaudinleon@example.org,Docteur usage animal jouer île soldat plaire mêler.
2017-02-28,julien43@example.net,Soir métier rassurer ami idée angoisse femme emporter rang couper.
2016-10-05,leblancdorothee@example.org,Glace après car même tirer marché chiffre toujours plaindre humide votre préférer.
2017-10-04,poulainanais@example.net,Étrange bureau sept arrière lire secrétaire objet prouver effacer salut angoisse.
2019-12-25,sabine31@example.net,Payer herbe militaire fin loi force roman précieux imposer puisque fidèle fusil interrompre reprendre.
2017-05-17,andreluce@example.org,Beau distinguer attention rassurer ça mêler.
2016-08-02,emmanuelle11@example.net,Tenter public hôtel simplement tuer million monsieur chef sentir violent effet.
2017-04-18,mauriceroger@example.org,Forme fruit raison course engager feu.
2017-01-17,nbertin@example.net,Expliquer secours tant bruit article descendre dent.
2015-11-21,xlanglois@example.com,Roche abri planche mariage personne courant lourd choix fête.
2017-02-02,elisabeth05@example.net,Matin écrire ministre important couche vite certain meilleur jouer yeux calmer.
2023-03-05,lemairemichel@example.com,Joue haut rassurer religion ami sang sueur exprimer.
2022-04-08,therese23@example.org,Réflexion remonter songer essayer adresser intéresser.
2023-08-02,nbertrand@example.com,Chien sommet hôtel baisser ramener chercher cabinet debout.
2016-09-20,brunelchristelle@example.net,Renoncer faire frapper autant exiger éclater tombe cheval voyager désespoir attendre effort.
2024-04-15,alphonsejacob@example.org,Dent tapis discuter naturel remettre entraîner effet propos enfant malade salle tranquille.
2016-06-12,francoisdescamps@example.org,Prendre problème ciel agent neuf croiser apercevoir mariage liberté répondre français violence marquer.
2022-10-16,guillonelisabeth@example.net,Digne foule rapporter delà espérer amour.
2022-02-26,ineschartier@example.com,Lien curieux propos effacer dessus dresser revoir fixe réunir rêver.
2017-05-02,martin97@example.com,Allumer fils source plein égal notre.
2023-03-21,penelope78@example.com,Court retourner mien compte moi nuit presque visible spectacle.
2021-11-09,stephaniejoubert@example.net,Or briller ramasser renverser pénétrer lire lit aspect eh monde.
2018-07-27,louisroland@example.com,Homme intérieur essayer différent bête plutôt seuil foi inquiéter.
2023-01-27,victorlegrand@example.net,Miser beaux tête risquer direction peser éclat prévoir.
2022-01-22,margot13@example.org,Goût baisser peau rideau fier lever politique douceur combien lier distinguer plante inspirer.
2016-06-13,jacqueline17@example.org,Nation obtenir son papa votre songer retourner voir pitié pierre.
2016-06-17,anneseguin@example.net,Loup appuyer soit chanter suivre examiner position.
2017-07-08,aimecolin@example.com,Travail affaire secrétaire folie bleu nu fumer remarquer facile plein observer parcourir cela.
2016-06-08,ggodard@example.com,Chez traverser qui à être peuple cela éclat.
2024-01-20,rcamus@example.org,Herbe effacer colline rappeler militaire coeur douze trace souvenir rapport.
2021-10-10,christelletanguy@example.com,Suffire franchir faible lettre figurer militaire taille rappeler effort endormir plein.
2024-10-13,alfredlegrand@example.net,Immobile entretenir construire appel un poésie trace défendre servir chute regretter liberté.
2019-06-24,neveuedouard@example.org,Lier cruel image pied sol trésor ah entrée vague construire.
2025-02-02,edidier@example.net,Rapport fait manger pays tôt joindre vaste intention confiance.
2017-01-11,bblin@example.org,Pitié flamme femme manier accomplir inutile propre vague animal disposer plutôt vide exposer.
2022-08-28,maggiemahe@example.net,Expérience semaine suffire complètement pouvoir preuve ni garde riche.
2019-02-27,audreyphilippe@example.net,Riche apercevoir calmer bras entrée te presque glisser inutile décrire.
2018-12-27,elise91@example.org,Vaincre aile tard yeux race plaindre charge ligne chance.
2017-11-15,martine67@example.org,Crier chacun état retomber vie près fort abattre hôtel.
2018-02-06,suzannedumas@example.org,Veille bon poitrine suivre défendre caractère acheter trou.
2017-08-15,julien24@example.org,Autre souffrir coin demi durer page morceau moment lueur secret.
2024-05-08,driviere@example.org,Pencher enfance avis dos vif affirmer apporter pas lourd conversation fine suivant.
2024-04-05,uraymond@example.net,Rire prince or âme règle goutte quel entourer lequel exemple.
2020-07-15,fpires@example.net,Faim tranquille maison rien garçon occuper malgré oeil choix goût certes intéresser finir.
2021-02-23,matthieu52@example.com,Intérêt moment acte haut prêt dur tenter distance ignorer faible.
2023-03-22,blondelmarthe@example.org,Condamner allumer autre rond deviner lentement nommer soleil forcer nombreux former question parfaitement.
2017-02-10,fdiaz@example.com,Semblable garde garçon plan secours silencieux consentir habiter pour.
2021-01-23,lamyemmanuelle@example.com,Leur remonter divers paysan nul jambe huit minute hiver papier.
2020-08-25,anastasiebouvet@example.com,Droit oh croire par pointe rester sauvage encore.
2024-06-01,nicolelaurent@example.com,Social monsieur sonner deux roman reprendre simple intelligence cesser.
2020-09-09,etiennegiraud@example.org,Conduire soirée voisin matière certainement répéter en joindre silencieux encore saisir trente chasse.
2024-02-11,alexandriemathieu@example.com,Votre ensuite avancer diriger livre brûler.
2020-12-06,josephblanc@example.org,Miser tomber situation souffrir froid conseil.
2021-05-23,fchretien@example.com,Campagne mémoire tu art lors résoudre naissance tracer pouvoir regretter comment seigneur suivant.
2017-03-19,benarddenise@example.com,Tout examiner noir commencement dieu remonter lune épaule temps seuil juge.
2019-06-10,vdelaunay@example.com,Second plaisir fixer présent en doigt obéir profondément vieux poésie autant.
2016-09-03,dumasalexandria@example.org,Hiver réponse craindre rentrer paysage souffler.
2023-11-27,louis44@example.org,Goutte doucement éclairer reposer noire passion frère beau éloigner dieu empire ligne ordre.
2018-05-06,manon13@example.org,Dernier fumée étranger deux reste humain plusieurs honte terminer mince naturel écouter.
2023-05-15,rlemaire@example.org,Ça souffler violence personnage préférer de traîner.
2015-07-06,chauvetlaure@example.org,Moyen objet clef expression avec côte comment.
2023-10-19,hortense24@example.net,Plonger là île renoncer tellement prier naturel objet placer fusil pour beauté.
2019-09-02,bruneauadrienne@example.net,Franc religion décider séparer travailler cacher surtout vert fort présence étendre général.
2017-04-16,gerard26@example.net,Retourner sans assurer salle étonner bon avec absolument.
2021-09-11,cmartinez@example.com,Emmener suite accord assurer départ effet jour juger fonction nez.
2023-11-20,merlebernadette@example.net,Poursuivre trop libre révéler taille titre.
2019-07-08,hmace@example.com,Cause plaindre puisque sous chacun semaine dans semblable.
2017-06-27,edithbertin@example.com,Réalité certain pur celui paysage tout prononcer nerveux avance jeter désigner.
2016-08-04,oceaneparis@example.org,En histoire peine fatigue jaune perdre rouler feu roman rang drôle.
2019-07-30,yvesnoel@example.com,Moitié quant à tout rompre dos oser désir auprès durer craindre français songer marché.
2024-07-29,srichard@example.com,Fleur père eau souhaiter achever lendemain éloigner éternel.
2018-12-22,susan59@example.net,Courir cheveu silence prononcer cinquante pour.
2023-06-26,pierrebegue@example.com,Descendre me oeil environ près songer repas perdu chance saint article.
2017-10-03,benoitmadeleine@example.net,Art également aussitôt général enfermer d'abord peau autre.
2018-10-05,gerard48@example.com,Preuve société revoir paysan lieu énorme quarante mot rocher.
2021-02-21,garciastephane@example.net,Voyage agent élément sonner avancer doigt sentir même.
2018-07-24,martin28@example.com,Chance en fort riche mourir comme sueur françois celui briser.
2024-11-17,meuniergeorges@example.org,Poussière objet ramener où travail homme appeler.
2018-09-04,simonsuzanne@example.net,Pour cher fait question douleur continuer.
2020-09-17,dteixeira@example.net,Cuisine rôle mot prier raconter calmer troisième apparence gauche rapide compagnon valeur part.
2023-04-24,celina15@example.com,Moitié personne seuil quelque sur sentir tempête goût vin couleur traiter terreur.
2016-02-19,lefebvrevictor@example.com,Rejoindre pourtant travail comment chose personne lourd inventer diriger accorder goût exécuter.
2018-06-11,capucine21@example.com,Surprendre goutte désespoir journée moyen quatre réponse exposer trouver société sauter doucement maître.
2017-01-06,gimenezmarcelle@example.org,Peur hiver vif prononcer ligne courir.
2019-09-09,alemonnier@example.net,Haïr éternel crise silence classe avis oncle.
2024-09-20,benjamin52@example.org,Discours poitrine enfant douleur saint soin violent rocher rapide droite oiseau pluie.
2015-08-16,sabine45@example.com,Mince votre yeux garder obliger forcer vague doigt avant lien briller rang accent.
2025-03-10,znavarro@example.net,Rejoindre ensemble important rêver depuis religion oreille espérer admettre élément premier réclamer.
2018-04-20,micheleaubry@example.net,Prendre courir rue abandonner pointe projet désormais saluer.
2024-09-13,morenoyves@example.net,Voilà lutter odeur sentir attention dès assurer mine au paupière entendre trente.
2020-10-28,marcel81@example.com,Consulter présent ton personnage chute semaine ce supporter delà principe sauver.
2024-11-18,acordier@example.net,Eaux étranger nombreux saisir instinct bataille.
2016-09-03,dmaillet@example.com,Nature jeunesse parent chaise parvenir plan faux pierre sombre.
2023-05-09,oceaneramos@example.net,Avec émotion à violent chat port refuser connaissance voici changer craindre fil là agiter.
2025-05-26,blanchetmarie@example.com,Le cours delà sentiment monsieur écraser soulever condition prince peser étaler.
2024-03-05,noelrobert@example.net,Prévenir oncle quitter huit esprit avis vers vieil charge discours lueur empêcher.
2024-02-09,mpayet@example.com,Enfermer père prendre fauteuil sauter rue.
2020-10-19,tgros@example.org,Essayer souvenir foule en quarante hauteur beaux brûler bande monter même user bruit.
2022-06-30,bouvierfrederic@example.net,Vrai court refuser tracer parti déclarer.
2022-08-06,lejeunedavid@example.org,Sein fil dos raconter relation voici profond.
2021-01-14,meunieremmanuelle@example.com,Éclat justice mince monsieur rencontrer politique.
2024-08-17,tboulanger@example.org,Comme soudain nu depuis plaire découvrir commun exemple prix jambe surprendre d'autres.
2022-03-31,marguerite32@example.com,Guère lever tracer garder briller espèce beau prétendre nom champ condamner.
2024-07-09,aurelierobert@example.org,Maître entourer guère honte fort supporter parti.
2020-05-20,weissroger@example.com,Respecter cours toi honneur demande système.
2024-06-01,paulbrun@example.com,Regard paysage anglais chanter caresser français gris songer se fin terrain ceci.
2021-01-07,tseguin@example.net,Bien trois autre taire remonter vieux.
2016-12-05,amelie22@example.com,Chat rêve montrer jusque nous accuser continuer valoir lien couper sombre simplement service.
2023-01-09,susannegallet@example.org,Rêve plan paysage fonction souffler jour même.
2024-06-30,dianepasquier@example.org,Ici abandonner arme larme ressembler douter courir passé secret dessus.
2025-02-12,renerodrigues@example.com,Énorme général inspirer sable hiver escalier ligne or ciel règle corps aucun rayon.
2024-07-23,christiane94@example.org,Poids vieillard aspect sembler celui cercle bientôt terme demain militaire pourquoi de.
2024-07-13,xle-roux@example.com,Son françois français étude ton élever.
2016-03-03,lleconte@example.net,Troisième soi occasion trop jamais devenir marier.
2023-08-26,legrandtheodore@example.org,Fauteuil malgré livre rapide discuter rendre croiser enfermer.
2018-03-24,stephane44@example.com,Occuper neuf énorme détacher angoisse habiller état heure briser plan.
2023-06-22,levylaetitia@example.com,Fermer en toi davantage rond semaine instant se dur blanc reposer digne faible.
2020-02-12,pauline75@example.net,Mesure souvent diriger réponse de former rire pousser.
2019-04-03,laure83@example.com,Manier finir éprouver encore pleurer danser pluie apporter mener inquiétude.
2019-09-04,rolandbenard@example.com,Vite nation aider réduire leur rare feu remonter étranger confondre.
2018-10-25,adrienne28@example.net,Semblable profondément satisfaire premier juger pur jamais chant tel crier ami.
2023-06-23,lecoqedouard@example.net,Malade pauvre as défaut bleu passé importance respecter court calme drôle.
2021-05-20,francoiseroy@example.org,Serrer réunir pauvre franchir endormir lorsque changer paupière visite trésor.
2017-01-17,elebon@example.com,Français officier moins moins joindre mourir.
2017-12-26,massoncamille@example.com,Tard achever sens capable sien absolument habitude souvenir.
2015-10-20,toussaintantoinette@example.net,Souvent en discours rose apporter succès fumer parent fois.
2019-06-24,petitjuliette@example.org,An riche tant chaîne travailler entier long paraître demande mériter place expliquer réflexion.
2025-05-16,andrerichard@example.com,Coeur voix pierre secret que plein garçon fier raconter lourd.
2016-05-04,diascapucine@example.net,Respect arrivée perte intérieur cabinet dans couvrir repousser aussi lueur attendre succès y.
2022-03-08,elisecourtois@example.net,Toute objet matin amour charger cruel chant gens cheval nuage vieillard.
2015-06-05,olivierfrancoise@example.com,Respecter leur prouver arrivée mort drame fonder.
2021-08-01,richard27@example.com,Espèce précéder dehors étoile plonger tourner dresser y demi course.
2023-10-13,lombardbrigitte@example.net,Rêve place mal courant fumer nouveau quand triste habitude.
2018-05-27,huetsabine@example.net,Côte reste demeurer cheval dont oiseau presser protéger.
2017-08-20,frederiquepicard@example.com,Effort offrir doux blanc courir user.
2016-10-11,chauveaumarie@example.net,Impression remplir enfance ressembler endroit feu inquiéter ventre etc environ.
2016-05-04,stephanie17@example.com,Chat demain dont serrer faveur épaule remplir réveiller.
2020-06-01,margarettraore@example.org,Mois tourner relation quelque dont épais poche aucun bord où signifier bande attitude calme.
2017-11-25,adelebarbier@example.org,Essuyer joie militaire surtout voir plaindre alors joue barbe personne regretter midi.
2023-01-23,prey@example.com,Tache principe retomber roi autre foi compter maintenant juge maintenir dehors.
2025-05-26,guilbertedith@example.net,Montrer coucher règle page libre loi gauche.
2019-05-21,lucaslaunay@example.com,Naître dégager robe désert troisième séparer traîner fleur.
2022-09-10,suzannegomes@example.com,Pareil prix pitié ton bout alors neuf endroit saluer trois.
2019-10-31,morvanaimee@example.org,Passage écarter fer faire pénétrer avancer ciel rompre affaire créer libre.
2020-01-16,jduval@example.com,Dominer allumer dame foi vague douter bientôt mari règle vrai.
2018-10-17,andreerey@example.net,Front croiser soit employer trait derrière présent situation content sens.
2018-06-05,jollivier@example.net,Élément dos avance même accent manquer.
2021-09-11,laetitia49@example.com,D'Abord intéresser saluer clef prince lumière discours précéder tenter usage folie nord quart.
2022-08-06,evrardceline@example.net,Devant autre souffrance rocher blond chair.
2022-12-19,marcelbegue@example.com,Long musique ouvrage certes bas noir milieu théâtre compagnie combien détail avoir en.
2016-11-19,thierry55@example.net,Lien demander but chef désespoir attaquer présenter vendre placer obtenir odeur pas.
2025-01-02,gomezgregoire@example.net,Maintenir il chance proposer effacer éprouver également diriger tempête de ne plein occasion.
2023-06-04,jeanneperret@example.com,Contenter champ difficile paix aile offrir secret rue.
2023-12-28,hadam@example.com,Digne environ fier détacher ailleurs commencement occasion force sauter général garde lequel tellement.
2024-01-11,eugenelefort@example.net,Résistance habitude naturel unique rêve fer rassurer répéter allumer acheter puis année calmer.
2016-05-24,nclerc@example.net,Hôtel réclamer accrocher connaître commencer enfoncer observer marier sommeil.
2024-06-28,henriette36@example.org,Me accomplir beau savoir argent inspirer ouvrage désert quart ciel chanter.
2019-02-25,colinemmanuelle@example.com,Te tendre rentrer chambre prêt source religion roman recommencer remarquer courir nord.
2016-09-26,anastasielaurent@example.org,Habitant passé frapper toujours pays an foi classe.
2018-06-19,patricia88@example.net,Confiance véritable verser ça foi croix.
2023-11-10,jtecher@example.net,Me repas occuper souhaiter mort falloir respecter installer donc bande oh pauvre.
2015-08-28,paul86@example.com,Fer cependant trembler bout marquer mine lien million chemin espérer.
2022-06-17,bertinthomas@example.com,Inutile oui éclairer sourd son faveur avouer passion voyager.
2017-08-28,anaisleclerc@example.net,Admettre journée lui voix joli ressembler fois pareil descendre.
2015-12-23,agathe14@example.com,Établir petit passé soumettre retenir preuve trou cri million.
2019-12-13,alix16@example.com,Intelligence certainement pousser mieux contre cause.
2020-01-12,mguillou@example.org,Abandonner accrocher vendre moins jaune même quel existence marquer prétendre secrétaire accrocher.
2017-03-08,juliedufour@example.com,Promener résistance sein neuf réunir froid signer naturellement scène.
2023-03-12,traoreconstance@example.com,Travers seul plaindre ni jeune meilleur étoile blanc vieil moyen temps.
2019-07-03,henriguillaume@example.org,Trait silencieux grand sombre adresser debout emporter quartier mériter.
2015-07-05,charriercecile@example.net,Mine toi avance ton malheur résoudre point point que assez cour reconnaître.
2021-04-23,levequemarguerite@example.com,Diriger parler oser enlever oncle quinze.
2022-01-03,adele92@example.org,Question rencontrer considérer carte silence million changer soudain apprendre façon profond retirer officier.
2018-11-28,clementmichelle@example.net,Bleu branche chercher dégager nécessaire effet maintenir franc.
2021-10-24,wjoubert@example.org,Front oui problème combien aujourd'hui combat circonstance construire soudain sembler relation.
2022-04-12,morelolivie@example.net,Tandis Que poésie satisfaire attacher oeil simple importer crainte mari angoisse règle.
2022-09-06,edith28@example.net,Frère rêve sept fuir sentier souffrance découvrir pouvoir valeur.
2025-03-08,schneiderdenis@example.org,Fleur appel parmi système mériter conseil froid colline recherche caractère douleur commencement.
2022-12-13,gillesremy@example.com,Ton ensemble capable cour animer compter seconde appel journal gagner doucement après.
2021-02-05,nmartins@example.org,Eaux direction sourire classe aujourd'hui trou travailler chaîne as matière connaître grain debout.
2017-03-07,sebastienroussel@example.org,Toile poitrine semaine en ferme naturel image oh garder accomplir fil.
2017-07-22,nathaliesauvage@example.org,Mesure causer matière plutôt ce l'un roman force ignorer rond.
2020-09-15,claudine27@example.org,Attention garder ennemi cela l'une existence composer avant d'autres absolu personnage.
2024-11-05,davidperrier@example.com,Journal moindre goutte temps asseoir soin parvenir user.
2023-11-11,josephine12@example.com,Suite couper désigner repousser envie avis passion.
2017-09-11,anouk06@example.com,Certain rouge rare comment direction coûter que importance art accorder.
2024-04-11,ruizmadeleine@example.com,Plaine entre écouter vingt rire souvenir.
2023-12-03,yfischer@example.org,Président prix détacher hasard permettre guère souffrir connaître.
2017-03-14,kleinisaac@example.net,Joue arme discuter accepter prix avance malade ciel bas.
2025-01-14,crenaud@example.net,Image nom arrivée durant appeler avancer hasard regard.
2024-03-17,juliendias@example.com,Autorité rayon gagner vie malgré encore écraser aujourd'hui.
2017-08-02,normandpierre@example.org,Fortune question son pierre loi miser juge personne possible.
2018-08-29,krolland@example.com,Veille mensonge membre six beau inviter.
2023-06-24,rferrand@example.org,Voilà prouver avoir couvrir lutter siège avant aujourd'hui coucher fleur disparaître auquel circonstance.
2022-05-07,valentine65@example.net,Qualité dans dehors espérer verre odeur quelque métier espoir titre moindre.
2024-05-19,fle-goff@example.org,Doigt garçon capable adresser soirée goutte rêve moins accompagner essayer quand dessus.
2018-08-23,valentinefaure@example.org,Nature dehors durer preuve table soit entre parcourir dame cinquante vaincre.
2025-01-04,vincent29@example.org,Dessus construire conseil occasion rapide lune établir coûter neuf an.
2021-11-04,marthe70@example.net,D'Autres liberté semaine permettre cesse avance renverser vérité exiger vague compagnie immense disparaître.
2017-10-23,remy96@example.org,Suite blanc renoncer comment devant fumée lutte baisser.
2018-08-19,rollanddiane@example.org,Chercher bord muet voilà ci haut phrase ordre principe masse second nation porte.
2023-10-18,isabellemaillet@example.net,Oser ressembler demeurer sentier poésie feu plus imaginer écouter lever table.
2020-07-18,lorraine78@example.com,Plaine manquer sommet ce hésiter hésiter toute bas souvenir en battre.
2025-01-13,salmonmarcel@example.org,Demain enfance quarante éternel bois ligne neuf ainsi trouver eh.
2023-03-21,lombardarthur@example.org,Remplir choisir vêtir groupe plutôt projet oeuvre hôtel centre ceci partout.
2015-06-14,lorraineguillot@example.org,Obliger apparaître nouveau discussion professeur aucun tuer frapper dépasser dimanche leur.
2019-04-04,roussetfrancoise@example.com,Gauche nourrir exister milieu en mal intéresser unique capable.
2017-01-10,perrotmargaret@example.com,Entrée secret rose autrefois demander désigner noir.
2024-08-26,adelepoirier@example.com,Recueillir cours amour saint crainte moyen goutte depuis arrêter prendre.
2017-02-19,laurentbreton@example.com,Faux vendre terrible présenter âme contraire quelque ça douter commander désespoir.
2019-01-29,lvoisin@example.net,Travail prison pied partout système imaginer habitant visite.
2021-06-21,wchretien@example.net,Apercevoir jeter affaire livre contenter couche.
2018-11-20,christianejourdan@example.com,Renverser accorder après paquet effet figure curieux lèvre neuf ligne sortir inventer empire.
2019-10-04,yves01@example.org,Éloigner secrétaire poids sol mieux mien frais tôt trait.
2015-07-28,barrethibault@example.org,Dégager avec capable employer fort longtemps rapidement loin naissance rose voiture commun.
2020-02-28,bodinarthur@example.net,Découvrir rayon arracher or porte mille épaule obéir nécessaire tâche écrire père.
2025-05-23,philippe22@example.com,Leur tuer possible compagnon vers tache qui but.
2016-11-14,dianecoulon@example.com,Ici clef en livre partie d'autres poitrine suivant courant y.
2023-05-29,carolinemartinez@example.com,Immobile intention paysage loin grandir noire moyen désespoir carte.
2017-12-29,bouchercaroline@example.org,Signer roman souhaiter ton miser mariage.
2023-11-12,marcellegay@example.org,Phrase penser mal ouvrage debout se peur note lettre voir exemple politique.
2016-01-22,francois96@example.org,Parti terminer subir éclater soutenir certainement oreille jaune.
2018-02-28,simonegonzalez@example.org,Fenêtre regard commander madame répondre son garder honte plein fier aventure bureau.
2019-04-27,clemence70@example.net,Être préférer particulier là ton état.
2016-10-09,neveumaggie@example.com,Soin détacher force prêt précis presque rêver froid ce source mode colline.
2019-01-28,agnes82@example.net,Connaître marquer ouvert écrire vraiment rose loin sortir oublier sourire quartier fatiguer ce.
2022-03-14,henri38@example.net,Rire inspirer distinguer rentrer vêtement dormir pour quartier jeune justice.
2023-02-11,stephane96@example.net,Sept passé fenêtre mauvais étoile accuser titre puisque parler capable supposer.
2023-07-02,ferrandauguste@example.com,Armer élever madame brûler commander printemps jeu.
2023-08-25,marioncecile@example.com,Accuser professeur rendre effort savoir justice retirer fait répandre passion découvrir.
2022-11-17,tdiaz@example.com,Mot soldat présence cabinet milieu sueur permettre.
2024-04-05,delattrepenelope@example.com,Payer épaule rang lier siège diriger fidèle pour besoin mille.
2017-05-22,auguste44@example.com,Tracer complet toucher considérer instinct bras étaler possible.
2015-11-27,roland23@example.net,Le profondément force étroit terrible permettre sang paysage propre nez toi honneur.
2015-10-28,capucineblanc@example.org,Écraser relation mériter réfléchir ligne madame repousser.
2016-11-10,nicolebonneau@example.org,Court joindre d'autres nom neuf travail voiture.
2018-09-07,luclegendre@example.org,Demi dehors trait il perdre valoir rire.
2023-05-04,nicolas28@example.com,Fermer fruit sous celui douceur sérieux mettre jeter.
2023-01-06,ines15@example.com,Salle lier engager soit succès toujours haut geste reconnaître esprit sûr complètement.
2022-09-25,martyamelie@example.net,Bataille santé peser apparaître monter tombe répandre animer problème petit grain songer chanter.
2022-07-12,launayoceane@example.org,De maître coup crier face espace peine ruine.
2015-09-23,julien85@example.com,Même nouveau chambre race lourd soulever discuter autre demeurer souffrance flot.
2018-01-15,nicolaslucas@example.net,Rêve musique comprendre soutenir étudier comme supposer peser endroit.
2023-10-29,theodorebruneau@example.com,Long tu point ciel trois durant.
2017-03-01,gaillardlaetitia@example.org,Pointe choix naturellement lutter selon jambe rocher quelque élément.
2025-02-14,lucguillou@example.net,Doucement air dent sourd chaise appartenir.
2021-10-03,jeromeleduc@example.net,Eau conclure répandre petit pendre élever permettre suffire en paupière caractère docteur.
2015-07-22,ida-silva@example.org,Certes près désespoir rapide moindre vouloir.
2016-09-27,gsauvage@example.com,Lettre réduire large projet souvenir sec.
2016-04-03,rbarbier@example.com,Courir obtenir moi avenir penser ligne importer visage.
2018-12-11,frederiqueverdier@example.org,Relation oublier intérieur afin de étranger verre usage mentir renoncer but.
2018-05-15,laurent31@example.net,Que devoir baisser victime conclure quinze douze port agir charge monter exister recueillir.
2020-02-19,robertmanon@example.org,Fine profondément envelopper jambe rideau de autant chien père pensée prétendre.
2019-06-21,manonblondel@example.org,Acte essayer entrée mince français toi forêt rompre douceur établir désir contraire trembler.
2018-11-01,susan76@example.com,Gouvernement douleur nuit approcher ainsi quatre voir pendant coeur quarante été respecter oh.
2019-12-17,francoiseguyot@example.org,Cour venir garde lutter quoi ajouter ni parler herbe.
2020-04-29,chauvetelodie@example.org,Inquiétude trace pourquoi plaindre apparence cela endroit calmer famille recevoir visible malheur.
2020-03-11,zetienne@example.net,Jouer quant à livrer pont médecin humide planche.
2017-09-23,robertlopez@example.org,En suivant billet essuyer apparence chez.
2019-10-27,laurence06@example.org,Secret comme vous moyen regarder terminer.
2020-07-18,emmanuelle56@example.com,Maladie profiter consulter douter ouvrage si fonction quoi lune.
2020-12-26,michelledumas@example.net,Traiter personnage tuer désormais profond imaginer coeur.
2017-04-18,pmuller@example.org,Coin voile réserver oeuvre immobile intéresser prévoir.
2024-05-09,veronique90@example.net,Signifier atteindre prison menacer croiser indiquer ancien est.
2022-10-13,alexandriepichon@example.org,Main travail réduire plein grâce même travailler sou raconter rose.
2022-05-01,leclercqfrancois@example.net,Siège cacher mode fait jeune quitter garder vague imaginer.
2016-08-12,nicolasrodriguez@example.com,Commun maintenir rencontre répandre aide article.
2024-12-14,jules56@example.net,Fin marcher éloigner lien honte delà risquer etc remercier connaître nommer.
2024-03-31,josette72@example.org,Cabinet prière étroit sourire autre venir puissant attitude fatigue.
2024-04-09,pbruneau@example.org,Presque calmer avis cause divers chaleur comprendre.
2018-08-16,laineagathe@example.com,Fenêtre bras obéir asseoir beaux écraser minute quarante ensuite.
2021-08-27,ecohen@example.com,Journal saint enlever lien comme charger preuve agiter réalité main d'abord.
2021-11-28,gerardadrienne@example.com,Bonheur aventure rouge céder fonction glisser queue abandonner éloigner avec or aussitôt.
2022-02-09,sophielabbe@example.com,Étage seulement du étranger discours épaule.
2021-07-31,zhardy@example.com,Accorder répondre oeil prouver soutenir traîner sonner recueillir lever.
2024-03-12,arnaude47@example.org,Exister part voix rien problème temps.
2018-01-15,tleclercq@example.org,Étude oeuvre jeu françois dimanche en porte semaine.
2022-11-02,baronguillaume@example.org,Pouvoir sien abattre sol aventure grand me même.
2024-05-08,celinamartin@example.org,Retour présence autant compte intérieur difficile remplir dehors mal genre lors plein passion.
2019-03-20,victorcohen@example.net,Meilleur dont pencher signe trop main.
2024-12-13,antoineparis@example.net,Certainement flot demain divers impression source.
2022-10-18,olebreton@example.org,Retrouver obtenir fruit raison presque salut découvrir sac société.
2022-06-10,julie51@example.com,Gris préparer esprit il suite travail rester.
2019-12-14,royeralexandre@example.net,Préférer jeter joue lien important sur instant terminer.
2023-08-29,gcharpentier@example.com,Tendre seul signer succès simple grand musique voyage drame image.
2024-12-31,duprehenri@example.com,Blanc point présent nous trait larme joli calme tout mort supposer guère.
2022-03-04,xlacroix@example.org,Battre présenter ramasser sac spectacle secrétaire neuf mur propos hôtel type disparaître qui.
2017-09-08,chartierolivier@example.org,Matin travers pont coûter titre as siècle poche.
2020-10-06,lucie32@example.net,Libre recevoir renoncer naître exprimer drame accuser usage pitié existence ainsi.
2017-04-23,gomezaugustin@example.com,Mal oh désormais jour prison essayer beaucoup ordre reprendre page.
2016-07-19,ulejeune@example.net,Événement combat mort midi un pauvre l'une herbe.
2022-02-09,duboisjulien@example.com,Phrase lune trente y allumer fauteuil coeur fonder souffrance.
2019-05-09,christelleberger@example.com,Composer offrir jardin autrefois préférer anglais vivre naturellement quand serrer rendre prier étranger.
2016-06-04,patricialacroix@example.org,Prononcer combat inquiéter solitude campagne porte chef descendre métier même sourd obéir.
2017-12-26,lamymarcelle@example.org,Lit aujourd'hui instant il annoncer huit admettre.
2016-05-30,margotgomez@example.net,Présence inutile fortune un sec respect ministre.
2024-11-10,hgilles@example.org,François intéresser demain malheur éprouver poursuivre fond cela intention danger problème asseoir éclater.
2017-07-12,boutinnoel@example.net,Énorme quartier pauvre fruit le cabinet violence aucun question reculer toile aspect long ramener.
2019-02-17,honorebenard@example.org,Tombe auteur toute quarante ferme trace épais discuter paquet oreille deux situation préférer.
2015-12-29,maryseroux@example.org,Sauvage salle quant à armer forêt scène promettre lui très approcher justice port.
2019-06-23,qdiaz@example.org,Fidèle ouvert lentement voisin depuis village asseoir en résoudre.
2015-06-29,blinveronique@example.org,Offrir vieux cabinet ligne loin titre note tu voix passé entendre verre dent.
2020-04-24,benjamin62@example.net,Midi sur deux pied paraître accuser habiller loi.
2020-09-18,normandelisabeth@example.net,Élever plutôt fusil ou taille repousser mer herbe.
2021-12-30,wraynaud@example.com,Volonté naturel exprimer retour troisième exposer avenir.
2023-06-22,zhoarau@example.net,Moyen considérer banc encore papa quelque remplacer révolution pointe grand vol.
2017-03-20,ghardy@example.org,Oncle chasse scène arriver rue jamais alors colère.
2021-08-01,kdelorme@example.com,Vision feuille dominer article abandonner juge pont beaucoup.
2021-12-24,rochercaroline@example.net,Vaincre d'autres dix environ chose l'un chat.
2017-05-23,rcoste@example.net,Leur souvent loup danser dangereux payer jeter retourner choisir droit propos protéger.
2021-06-28,adelaide62@example.org,Étudier mesure cruel corde certainement debout lien côté protéger françois.
2019-04-01,gillesluc@example.net,Ami ah réduire événement extraordinaire fortune soleil.
2022-04-27,hamonthomas@example.com,Permettre passion feu courant elle art sentier certainement poésie creuser seuil.
2018-09-26,francoise32@example.org,Cinquante valoir emporter jeunesse membre résultat réalité.
2019-05-14,isaac73@example.org,Loin fait essuyer traiter hier camarade unique nouveau d'autres.
2023-01-05,moniquepruvost@example.com,Éclairer delà différent voisin faute entretenir ensemble école ne.
2019-06-02,pereiradaniel@example.net,Lier si comme miser possible même désespoir printemps dernier fumée.
2019-09-03,nathaliedelmas@example.net,Dégager faux officier impossible d'autres chute cou.
2022-02-17,olaurent@example.org,Joue vision lune dehors violent bleu monsieur existence bientôt crier composer.
2016-12-09,julie62@example.com,Folie ainsi appartenir résister avec souvenir tête.
2019-12-15,dlambert@example.com,Quitter centre tête retirer couleur chasser prouver.
2019-04-13,eugene98@example.net,Rang distinguer échapper désespoir cerveau en cela mouvement plaire habiller lumière appeler éprouver.
2020-07-21,williamboulay@example.org,Jeter environ politique complet presque si noir précieux cercle journée sommet apparaître.
2022-08-08,capucinepetit@example.net,Marché changer palais amuser obliger non transformer affaire.
2021-04-03,margaudrenard@example.net,Chercher soi sec tout épais point trouver rose glace je.
2019-11-04,legrosvirginie@example.com,Oiseau proposer réfléchir condition terminer comprendre fauteuil.
2021-07-05,lopesmarthe@example.org,Douter troisième aile regarder endroit poids printemps absence violent.
2024-02-10,baronstephane@example.com,Prévenir se maladie pied repousser manier loup recevoir bonheur suivre problème retirer.
2018-10-11,josephine49@example.com,Durant mot bientôt apprendre continuer autant offrir gens fort réunir.
2015-06-30,laurecoste@example.org,Écrire cause terme sûr arrière dangereux agir.
2021-02-01,patricia23@example.com,Lien confier professeur système jeter mine long cou assister vieillard devoir même ouvert.
2021-12-22,patriciabenard@example.org,Patron bataille sac appartement confier fenêtre croix trois brusquement règle colon.
2019-06-26,xlombard@example.net,Ensuite gauche dépasser étranger magnifique professeur lueur mois quart parvenir beau signe rassurer.
2022-05-24,vblin@example.org,Village noir juste eh rose froid recherche calmer six.
2021-11-01,weissvalentine@example.net,Tel rouge soutenir envie franchir lueur bien masse importer sourire santé toi.
2016-06-06,matthieunguyen@example.com,Rêve d'autres apparaître foule descendre vieux devant épaule semblable chef obtenir dame.
2017-04-14,francoisemarion@example.com,Cacher somme fort est personnage papa lieu colon neuf.
2017-10-09,tcordier@example.net,Puis durant religion lumière honte élever cheveu discours prouver fait difficile.
2024-12-13,amorel@example.com,Note verre roche soutenir chair lumière accomplir flot.
2015-12-06,lcoulon@example.net,Important unique simple famille inquiétude soir relever liberté garde.
2016-11-22,alexandre88@example.com,Désormais pièce sens métier désormais lentement effet arrivée projet.
2025-04-03,bmercier@example.com,Riche avant avance quinze commencer dès élever étonner an fuir décider.
2018-06-21,arousseau@example.net,Succès siège propos flamme odeur bruit ennemi exécuter oreille demeurer dominer afin de.
2018-12-29,glegrand@example.com,François humain front frère feu rôle an.
2022-06-10,lambertjulie@example.org,Porter confondre naissance attirer passé engager condition simplement.
2022-10-16,michellecamus@example.org,Ce me phrase précipiter chef éternel juste.
2023-03-20,martinbreton@example.org,Épaule parcourir existence effort sens goutte.
2024-07-24,manon30@example.org,Eaux île vide volonté discussion trace horizon.
2015-06-23,allainadele@example.org,Là événement pouvoir étranger gris pousser pendant.
2019-11-22,rodriguezgregoire@example.net,Société tôt fauteuil conversation avant chercher vendre cou qui vin naître retourner digne.
2020-11-23,gfleury@example.com,Attacher avance perdu mer où aimer ici.
2019-04-11,marie98@example.org,Égal consentir conseil état animal à réfléchir lieu confondre.
2021-09-05,duprezacharie@example.net,Violence pareil trace mari rêver porter fleur chef marcher mort français commencer.
2020-12-20,charles80@example.com,Yeux saint peau terrible seconde votre étranger.
2018-09-19,thibaultelise@example.org,Marier joie trop fait toit risquer vieillard amener plein dos fil ici traverser.
2024-12-12,renaultchristelle@example.org,Résister diriger réclamer présent quartier école fusil affaire officier sentiment.
2017-03-22,martineaulouise@example.com,Prochain endroit respect réflexion voisin leur cher honneur construire sentier vieil soleil pouvoir.
2016-12-27,arthurbernard@example.net,Pays regretter autour dernier recueillir poitrine facile dehors poésie renoncer.
2019-12-29,arnaude81@example.net,Auteur relever regretter cheval vent position impression deux malheur soudain.
2018-02-14,wlabbe@example.org,Vieux ventre réussir droit passage classe.
2020-05-17,maurice48@example.org,Étendre carte terminer droit reposer prix soutenir promener chaleur mener minute enfance.
2021-12-01,ponsantoine@example.com,Eau allumer quel manger rendre poste impossible inquiéter comment camarade.
2016-10-30,foucherdanielle@example.com,Expérience soit étudier rencontre sang longtemps dehors l'un rouge affirmer politique d'abord.
2023-06-16,jeanneweber@example.com,Sou sou rue fin rapide verre répéter jaune valoir état amour cause.
2023-09-03,rparis@example.org,Bureau naturellement annoncer unique âgé empêcher enfermer sérieux l'une.
2018-07-15,remy60@example.net,Parcourir tenter dernier venir discussion léger sûr nécessaire fatigue rouge papier plante riche.
2023-08-30,xruiz@example.net,Ferme dans mort lier odeur sauver peu désespoir couvrir frapper.
2019-10-30,jeanne70@example.org,Paysan aspect fumer lire sortir signe précis fenêtre.
2016-11-19,philippelucas@example.com,Calme auteur vaincre grandir taire comme parent fille signe or rester chemise.
2024-03-31,qmartinez@example.com,Respirer voisin vers mer exposer classe devant servir grâce veiller.
2023-04-13,josephrey@example.org,Qualité vue trésor haute bon chasser pauvre.
2024-05-15,daniel25@example.com,Soir auprès jour poste rentrer cela nuage vide travers effacer.
2022-09-15,bigotmathilde@example.org,Crise portier lorsque accuser chasse fusil fil machine avis saisir semblable fatiguer haut.
2016-07-16,charrierlaurent@example.org,Porter rencontrer fortune comme fille printemps second.
2015-11-18,lorraine16@example.net,Marcher travers sien mal preuve ouvrir minute.
2024-05-05,jules26@example.net,Examiner ou partout mouvement poids tempête gauche.
2020-03-12,mahenoemi@example.com,Jouer repas apercevoir souffrir divers détail planche dernier en prière soldat.
2016-08-04,weberdaniel@example.net,Haut dès expliquer tourner année nuage sorte.
2018-12-11,astrid84@example.net,Haïr madame poussière causer regretter sérieux fauteuil briser vrai saison attendre avenir.
2021-05-13,olivie90@example.org,Masse violent cinquante dent bon parfaitement autrefois passion journal.
2021-09-28,bcharrier@example.org,Votre dieu pont tomber soit exprimer préparer tombe été.
2020-02-26,srobert@example.com,Étouffer anglais escalier servir avouer travers gens sens compter arrière.
2021-02-26,dorotheeduval@example.com,Garde mot curiosité écarter fumée sûr.
2023-11-06,nicolas76@example.com,Distinguer vie juger manquer troisième couper général rapport triste mari danger commencer cacher.
2019-09-21,launaystephane@example.org,Geste déposer fermer votre plein chiffre quant à.
2025-04-06,alfreddelannoy@example.org,Remplacer seulement depuis soutenir côté village remercier.
2022-07-21,tmaillard@example.org,Accepter être ou étroit fine qualité.
2022-08-23,btexier@example.org,Répéter cercle nu joie hôtel accuser entourer vide cent séparer briser caractère.
2024-06-27,zpayet@example.com,Élever âgé éclat roman sou fumée colon.
2020-07-16,aroyer@example.org,Retomber raconter entourer rouge haut esprit absolument an auprès minute genre anglais fonction.
2024-03-25,martinechauvet@example.com,L'Un doucement brusquement sable siège aile plus.
2018-09-21,lrossi@example.com,Camarade de semaine placer mot printemps un port.
2019-11-05,aubertpauline@example.org,Falloir empire malgré intérieur regarder mince vif deviner répéter non âme peau.
2020-07-13,agomez@example.com,Verre rocher confier nombre silence juger commun.
2019-11-05,cecile91@example.org,Tôt oreille chef nez prévenir défaut me prince engager français revoir inspirer enlever.
2022-05-30,alexandria88@example.net,Charger lendemain eaux pied impossible banc.
2015-08-25,aubertpaulette@example.com,Étudier toit anglais fauteuil sauvage pouvoir chercher signer risquer malheur répondre empêcher.
2017-08-07,blotadelaide@example.net,Dieu paix frapper feuille gloire amuser étranger pour fleur reculer situation.
2019-10-21,dblondel@example.com,Rayon écraser fin terme auprès sommet capable.
2021-08-29,anoukmorel@example.com,Prix troisième puisque rue cerveau fer.
2021-12-20,eliseschneider@example.net,Escalier recherche sec chaise larme employer frère quelque respirer.
2016-02-29,ccoulon@example.org,Minute inconnu veiller ville moins âgé apporter ce article.
2015-09-08,thibault88@example.net,Mal posséder effort sujet huit réduire avant.
2020-01-13,lucybaudry@example.org,Digne penser immobile dessiner poids perte second signer étude coin afin de condamner.
2018-10-20,bousquetbernard@example.com,Mal maison ombre renverser autrement terminer général paupière ennemi autrefois.
2025-01-01,eleonore10@example.com,Meilleur qualité justice cheval avance dans.
2015-09-29,adelahaye@example.com,Supposer juste tantôt discuter billet envie anglais chute engager ouvrage poésie lisser.
2023-12-21,emile88@example.com,Comprendre vague lune souffrance mener réussir ville révéler pierre ce groupe.
2024-07-03,thibautmartin@example.net,Endroit appuyer suivant devenir au absence même payer riche.
2016-03-11,agnes70@example.org,Cercle nu bureau chiffre chair haute disposer bouche réveiller construire.
2021-11-29,gillesvallee@example.com,Dimanche école prière premier briser pluie colon lui etc rentrer durer franc jardin champ.
2021-03-01,joseph52@example.net,Accent assez colon pencher remarquer obliger besoin prétendre silencieux fil connaissance justice.
2016-01-10,brigitte41@example.net,D'Autres davantage ni réveiller compagnon saison arme rentrer mari servir plante violent.
2024-04-12,gillescapucine@example.org,Sauvage raison représenter fatigue secret dépasser cour manier pas inspirer.
2021-09-22,michellemarchal@example.org,Nous dimanche etc palais dormir vêtement charge faveur côte quand amuser se âme.
2022-12-19,ppetitjean@example.com,Genre but porte diriger ressembler voilà rire former visible commander froid.
2022-09-29,thardy@example.org,Perte trace leur fatigue lendemain contre perdre drôle.
2017-07-18,cecilereynaud@example.com,Chemin montrer mener garder loin vivre dame.
2023-05-21,reynaudjulien@example.com,Quartier demeurer résistance regretter blanc regretter permettre bientôt.
2023-11-09,allardchristine@example.com,Or enfoncer aspect éteindre double nuage cheveu seuil peur clair.
2023-04-12,diane87@example.com,Souffrance abandonner mince rêver combat habiller prochain puis retirer esprit histoire.
2022-10-03,matthieutanguy@example.net,Rouge problème aucun approcher habitant goût tête présent ah intérêt.
2023-06-28,pbonnin@example.org,Désespoir fin suite naître entrée forme rang convenir intérêt pluie.
2022-04-19,martinedelattre@example.net,Souffrir faute valeur seigneur recevoir étude violent côté.
2018-04-24,veroniquejoly@example.net,D'Autres veille peau réclamer souvent trop souvenir leur.
2017-08-04,lebonlucas@example.net,Espèce ajouter ensemble vêtir avancer position oublier bleu extraordinaire approcher six est.
