NomClient,EmailContact,DateInscription,Commentaire,Region
Pauline Coulon,lacroixalfred@example.com,2022-11-17,Âgé rejoindre plonger sol imaginer tempête quartier.,Cayman (Îles)
Diane Gaillard,jrocher@example.com,2021-11-23,Enfin politique blanc entrer phrase tombe suivant bon propos énorme.,Libye
William Bernier,sauvagesuzanne@example.net,2025-03-07,Même milieu cesser dormir lier sembler naturel passé paysage déclarer.,Trinité et Tobago
Nicolas Le Roux,dominique75@example.org,2023-11-18,Nuage tu paix immobile ombre entrer milieu objet naturel.,Danemark
Stéphanie Fouquet de la Fischer,michele91@example.org,2019-08-16,Sentiment éternel égal courage inutile consulter nuage comme aile.,Guadeloupe
Dominique Le Becker,lneveu@example.com,2019-08-02,Devant montrer fauteuil réfléchir éclat rouler plaindre interroger chaleur rêve armée.,Corée du Nord
Élodie Blanc-Delmas,cecile22@example.org,2016-08-11,Rire employer suite mille de particulier couler.,Mariannes du Nord (Îles)
Julien Perret,denisehoarau@example.org,2020-09-29,Décider sept remarquer humain couche joindre également qualité recueillir ni.,Djibouti
Étienne Voisin de la Rivière,piresanne@example.net,2021-08-20,Hier dehors lien rare françois demande connaître soldat deux.,Groenland
Madeleine Sauvage de la Chauvet,jprevost@example.com,2018-09-03,Problème inutile changement de rendre étendre souhaiter avis traîner temps public.,Estonie
Paul Wagner,dominique35@example.net,2024-02-25,Contraire moyen admettre fête argent anglais genre seuil verser.,France
Suzanne Lévy,bbaron@example.com,2025-02-26,Précipiter branche oeil aujourd'hui patron classe marche.,Polynésie française
Daniel-Guy Boulanger,xavier53@example.com,2022-06-22,Poche ignorer discussion mouvement rapport tempête.,Vanuatu
Thibault Le Goff-Morel,ferreiraaudrey@example.net,2023-02-16,Huit traverser pareil comment rideau votre terme religion nourrir tout quand faute.,Cameroun
Margaux Ollivier,margothenry@example.com,2021-05-08,Entraîner exprimer confier heureux sérieux côté oiseau que boire.,Bahamas
Léon Poulain,claireblanc@example.com,2021-06-24,Voix droit ceci yeux certainement folie ah vieillard village douleur train blanc.,Cocos (Îles)
Victor Perez,wpaul@example.org,2017-12-09,Feu installer chef arracher possible bête fleur.,Estonie
Laurence-Nath Paris,jeanboutin@example.org,2020-07-14,Voisin siège rose examiner révéler chant hôtel céder forêt passer agir.,Estonie
Christiane de la Briand,hubertphilippine@example.org,2015-08-02,Rire rayon pouvoir petit quant à deux profiter distinguer position réel.,Arabie saoudite
Alain Aubert du Pascal,omahe@example.net,2015-09-15,Pas chien fruit complètement le prochain bras emmener branche.,Émirats arabes unis
Alain Chevallier du Robert,andreepinto@example.org,2024-05-09,Compte croire moitié sauvage fort propre ensuite peine façon titre content toit.,Cayman (Îles)
Honoré Paul,margueriterodrigues@example.net,2020-01-30,Volonté bientôt dernier présent obtenir doucement regretter dur apprendre forcer fil silence vêtement.,Togo
Pierre Henry,wda-costa@example.org,2022-08-02,Ramasser enfance prince réclamer repas partager pauvre mer.,Sénégal
Susanne du Meyer,stephane67@example.net,2020-08-25,Avoir inconnu chaise reposer règle dessus ou juger impossible scène seulement visage entendre.,Zaïre
Lucy Brunel,barbieryves@example.org,2019-07-06,Subir entrée ligne prière vaincre éviter cent deux regretter d'abord occasion autant journée.,Biélorussie
Alfred Leclerc,cbecker@example.com,2021-09-26,Delà choix plaine art printemps raconter.,Zimbabwe
William Vidal,cpinto@example.com,2023-04-17,Commencement dire mêler souvenir mot jusque tracer peine.,Soudan
Isaac Martin,gbonnin@example.org,2020-07-13,Creuser minute prouver cela noir secours droite partie malgré violent large tendre regarder.,Vietnam
Denis Jacob Le Jacob,juleslamy@example.org,2021-12-11,Davantage personnage défaut avis corde poste.,Sainte Lucie
Alphonse de Bouvet,bvoisin@example.net,2015-07-17,Rocher violence marier valoir dont miser demeurer paix rejeter discours.,Thailande
Inès Pascal,lagardeanne@example.org,2019-04-03,Campagne condamner résistance affaire tel politique intérieur fatiguer cesser marchand fils.,Mozambique
Audrey-Jeannine Leduc,marc96@example.net,2022-07-30,Veille dernier retour profiter simple marché sens tirer accomplir espèce secret fou mer.,Nouvelle Calédonie
Sylvie Maillot,alicelefevre@example.org,2020-08-30,Tendre espace tellement pleurer crainte alors annoncer travailler présenter secours saint.,République Dominicaine
Raymond du Lacombe,remycecile@example.com,2017-03-10,Où mauvais combat président leur autrefois temps rien.,Sénégal
François Bertin,ylaunay@example.com,2020-02-22,Bon lèvre aujourd'hui vin discours général juger poésie mince.,Sainte Hélène
Léon Pons,thierryleconte@example.net,2021-10-23,Façon personne saison épaule renoncer envie plante aide nouveau combien étrange.,La Barbad
Charles-Thierry Chartier,lecoqgabriel@example.net,2018-09-02,Calmer remonter savoir fonction projet égal dégager autant fou vingt paraître.,Hongrie
Stéphane Nicolas,audreyguichard@example.org,2024-02-02,Million tout toute même sable est ajouter joli article regretter commencement.,Mexique
Emmanuel Jacques-Bigot,thomasbertrand@example.com,2017-10-09,Course étude combat permettre demain impossible rapidement aide lumière jaune observer oh cruel.,Suriname
Guillaume Bailly,hlabbe@example.org,2023-06-20,Ça ami projet tenter palais lourd je haut unique dame prouver.,Burkina Faso
Margaret Lecoq,anouk24@example.net,2017-02-14,Baisser affirmer certain trait secret hiver voici briller arrêter pousser voisin réfléchir foi vêtement.,Moldavie
Antoinette Chauvet,macemarie@example.com,2018-05-15,Maître vieil défaut retomber printemps lire forme coup salut.,Tokelau
Renée Pruvost,de-oliveiraroger@example.com,2019-12-31,Prière gros vérité désert bon rejeter anglais.,Hong Kong
Maggie Lagarde,fernandesmargot@example.org,2022-01-24,Retirer relation personnage accent choix douter circonstance instinct mieux possible chute.,Fidji (République des)
Sébastien Allard-Arnaud,blanchetvalerie@example.org,2020-06-05,Bouche parfois lourd espoir tendre rocher glace vêtement lettre reprendre coup parler.,Allemagne
Alexandrie Olivier,laetitiabonnin@example.com,2021-02-24,Mer partie nommer naturellement calme devoir.,Portugal
Suzanne Aubry Le Pages,mmeyer@example.com,2023-05-17,Fort cabinet servir deviner lune pourtant en lendemain accrocher valoir.,Croatie
Adrienne Seguin,ynguyen@example.com,2019-05-22,Trace siècle fatiguer vol passer ci tache crainte avis faim bon espoir cou.,Danemark
Étienne Richard,arthur37@example.com,2021-04-23,Affirmer surtout claire silencieux quartier choix passé respect nous robe joie sec imposer.,Suriname
Thibault Gimenez,alphonsethibault@example.com,2018-08-18,Animal rouler danser peine désir entraîner absolument payer déclarer poste cuisine rouler reconnaître public.,Réunion (La)
Zacharie Charles-Grégoire,lemoineisaac@example.net,2016-01-07,Sauter situation huit village sentiment tellement au moyen tirer céder.,Nepal
Charles Pichon,augustin58@example.org,2018-01-24,Matin leur inquiétude angoisse bataille habitude matière représenter complètement voile lueur payer cabinet.,Roumanie
Anne Hardy,henriettetexier@example.org,2020-04-15,Tromper exiger vague colère muet descendre prévenir heure place membre voie.,Panama
Célina Le Perrot,guilletrenee@example.org,2021-05-09,Emmener esprit semaine mode cent accorder chant.,Irak
Matthieu Lebreton Le Gillet,sabinegonzalez@example.com,2020-05-03,Hiver étage apprendre cause pas conversation.,France
Jacqueline Le Roux,seguinstephanie@example.com,2021-09-14,Confondre spectacle planche faire rapide pays trois.,Guam
Hortense Gillet-Maury,pvoisin@example.org,2022-01-26,Presser police devenir arriver trente mériter supérieur honte avant votre rang.,Kazakhstan
Joseph Legendre-Mary,duboisdorothee@example.org,2022-05-21,Crier écrire confier conscience affaire saint sentiment.,Réunion (La)
Louis du Maury,thomas76@example.com,2021-06-30,Guère désespoir réfléchir lune année y.,Gabon
Édouard Reynaud-Chauveau,pallard@example.com,2019-10-24,Réduire mon ouvrage gloire miser coucher argent taire ressembler gloire erreur âme.,Kirghizistan
Hélène Bousquet,julienchartier@example.org,2021-03-09,Million verre direction être gros discussion long morceau jeune conscience trait religion seul.,Svalbard et Jan Mayen (Îles)
Roger Poirier,valentinebriand@example.com,2023-10-09,Femme l'un puis encore partager moyen effet large rare éclater erreur.,Cameroun
Josette Renard-Turpin,mathilde60@example.org,2025-02-15,Centre monde condamner premier après marche poursuivre reculer davantage pas.,Philippines
Grégoire Lemaire Le Besson,costejules@example.net,2024-03-07,Journal connaître peser chef bon comme sentiment difficile.,Soudan
Hortense David,theodoremary@example.net,2017-10-08,Loin prêt douze plan ordre donner coup franc revenir seulement colère vêtir.,Norvège
Cécile Coulon du Henry,anaisgallet@example.org,2022-10-29,Terminer genou mort endroit reposer mois léger convenir que règle tromper main.,Croatie
Philippine Poirier,stexier@example.net,2023-10-03,Entendre en ciel cause humain rose auteur naturellement répondre personne sac connaître monsieur.,Croatie
Frédéric Launay-Pascal,lebrunmargot@example.com,2018-07-02,Avance songer acheter subir combien devoir.,Guam
Margot Allain,capucinerenaud@example.com,2019-09-26,Plaire heure sueur vieux moitié pénétrer à fer.,Heard et McDonald (Îles)
Suzanne Hervé,ccourtois@example.com,2020-01-21,Reculer bouche ordre imaginer accent bureau père.,Saint-Marin (Rép. de)
Clémence Launay,jean22@example.org,2021-12-25,Vif distinguer défaut montagne vieux religion larme.,Bangladesh
Adélaïde Courtois,callain@example.org,2015-06-07,Quelqu'Un mon secret et train aide.,Suriname
Zacharie Da Costa-Léger,gauger@example.com,2015-06-13,Toute hier espèce perdu désormais rose nature mien religion plutôt emmener amour respecter.,Égypte
Agathe Godard,valerie73@example.com,2025-03-01,Être prendre écouter emporter confier dehors erreur espérer rassurer voix service demain tandis que.,Guinée Equatoriale
Grégoire Briand,denis62@example.net,2024-07-28,Plein occuper rare perte amour ancien montagne rose jeter quarante animal sec.,Groenland
Grégoire Lucas,francoiseverdier@example.org,2019-08-07,Réunir intérêt inquiéter triste plutôt tout rassurer différent si permettre quel avant.,Bosnie-Herzégovine
Théodore Brunet-Guillaume,perriercaroline@example.com,2017-02-04,Trouver agiter ceci après occasion jambe magnifique peur écarter.,Nepal
Bertrand Launay de Berthelot,olivieguyot@example.net,2021-09-01,Tard maître ailleurs bien préférer toucher même rue beauté terrain flamme douter.,São Tomé et Príncipe (Rép.)
Valérie-Philippine Arnaud,lefevreconstance@example.com,2022-06-26,Pont moins roi revenir léger effacer docteur sac train.,Uruguay
Honoré Vallet,alacroix@example.net,2021-06-05,Bras rien abattre essuyer mal avance or.,Bolivie
Anaïs Pichon,patriciagimenez@example.com,2016-10-06,Préférer pauvre campagne il calme couvrir.,Timor
Thibault Morvan,sgerard@example.com,2016-07-10,Façon considérer tout coin devant dent instant occasion sembler trou.,Andorre
Michèle du Andre,de-oliveiraandree@example.net,2017-03-17,Général véritable jamais souffrir nombre plaire obliger pourtant morceau commencer renoncer payer.,Hong Kong
Claire-Madeleine Maréchal,slenoir@example.net,2016-09-06,Jamais exister suivre elle père nerveux au casser colon.,Guyane
Nath Da Silva,alexandrebernier@example.com,2024-03-03,Lentement fin théâtre justice poids couleur étouffer auquel.,Mariannes du Nord (Îles)
Sébastien Léger,picardnathalie@example.com,2016-05-07,Précéder fixer mur ennemi dur bas poitrine remercier également objet.,Maldives (Îles)
Richard Auger,sblondel@example.org,2017-08-12,Que complet repousser terrain suivant quel époque marchand rang.,Gabon
Zoé de Léger,tdupuis@example.com,2024-04-29,Chaîne baisser lire livre épaule établir vol exemple à préparer accomplir ici là.,Mexique
Valentine Thomas-Maurice,marcturpin@example.com,2021-03-21,Rassurer dégager prison est puisque drôle effort précieux inventer foi million être valoir.,Danemark
Sébastien Foucher,ele-goff@example.org,2024-02-18,Ceci sauver lit honneur objet haine français je simple cou.,Argentine
Auguste Lévy,bourgeoisalex@example.org,2023-02-18,Perdu etc prier dehors avant commun rencontre fixe cours casser fruit abandonner.,Australie
Isabelle Le Bodin,theophile12@example.com,2025-05-21,Puis réponse approcher souvenir solitude saisir.,Anguilla
Émilie Roche,lucy32@example.org,2023-02-24,Effacer ensuite profondément serrer changer prix inutile obliger école beau blanc étoile sang.,Kiribati
Suzanne Blanchet Le Guillou,huetalexandria@example.net,2017-12-22,Bien moitié loin voilà tête trace curiosité joli commencement abattre côte vendre troubler.,Kazakhstan
Philippine Vincent,michelbouvier@example.org,2017-05-21,Poète suivant recevoir mine parcourir envelopper silencieux nu matin bien.,Turkménistan
Denis-Olivier Leblanc,clementzacharie@example.net,2021-08-24,Note croix contre portier forme maintenant causer savoir attaquer meilleur trésor masse seulement réfléchir.,Tadjikistan
Aimé Courtois,sabineguillet@example.net,2022-10-18,Souvent remarquer énergie nuit goût regretter président compagnon ensemble employer.,Estonie
Charles Delorme,antoinecourtois@example.com,2015-10-10,Sable conscience grand ce rire second.,Zambie
Danielle Blanchard,fabrepatrick@example.net,2016-09-27,Premier confiance geste franc comment que hors chaise voie promener souvent devoir son.,Hongrie
Frédérique Bouvet,elise95@example.com,2015-08-30,Souvenir ressembler déposer causer haut engager haut rouler hasard permettre.,Cayman (Îles)
Édith Bigot,cdelaunay@example.net,2017-01-31,Part terme joie complètement petit calme entourer raison nu.,Canada
Dominique Blin,dlebreton@example.org,2025-06-02,Souffrir d'autres conduire autrement esprit tenter soit dame certain condition cas.,Marshall (Îles)
Léon Brun,francois92@example.org,2016-07-10,Salle faux dégager siège aller recevoir recevoir désormais cinquante.,Rép. Dém. du Congo
Rémy De Sousa,paul44@example.org,2018-11-15,Partie but sein rassurer femme public préparer menacer.,Suisse
Gilles Maury-Laroche,wagnerlouise@example.org,2024-12-28,Digne valeur cheveu expression as certain habiter égal danser.,Grenade
Lorraine Deschamps,helene60@example.net,2019-11-05,Joindre remplir ceci conversation journée remarquer sang briser grâce souvenir fixer.,Guatemala
Nathalie Lopes,mendesgabriel@example.org,2019-09-05,Voix vin tu certain façon d'autres permettre froid.,France
Léon Langlois de Charrier,renaudadrien@example.com,2021-06-10,Tout approcher tout brûler lier avec continuer.,Kirghizistan
Marianne Ramos,iguillon@example.com,2021-01-19,Après transformer juger dimanche donner lorsque million paysage aile journée.,Vierges (Îles)
David Weiss,fabreanne@example.net,2020-12-06,Prendre violence demi entre chiffre préparer signifier perdre.,Lesotho
Céline-Caroline Huet,laetitiamichel@example.net,2021-06-28,Âge respecter cesser arrière accent marchand installer mal.,Marshall (Îles)
Olivier-Henri Meunier,anouk40@example.org,2016-05-27,Hésiter douze flamme lequel lutter miser y déjà engager après moitié souffrir.,Vierges (Îles)
Julie Meunier de Lambert,christinegautier@example.com,2019-04-22,Aucun haute son ne ah grâce jouer du parcourir faux.,États-Unis
Thomas de la Becker,egrondin@example.net,2015-10-06,Sérieux paraître oui patron puissant entre essayer certainement bataille.,Turks et Caïques (Îles)
Bernadette Gautier,bgiraud@example.com,2021-04-27,Où condition direction fatigue fidèle chose mener puis bientôt second magnifique objet avenir.,Saint Pierre et Miquelon
Sophie de Picard,sophiebarthelemy@example.net,2022-04-25,Race mensonge satisfaire celui entier roi pied arrière combat mari.,Bulgarie
Georges Dias,nblanc@example.net,2020-08-27,Obéir certainement énorme écarter puisque inquiétude.,Autriche
Marine Masse,rivieremathilde@example.com,2016-12-03,Indiquer lettre installer déclarer époque mari patron arriver note larme.,Albanie
Thérèse-Marcelle Berger,ugodard@example.org,2021-11-02,Déposer pareil décrire politique ne pendre huit qui.,Lettonie
Jacqueline-Valentine Rodriguez,charlottemonnier@example.net,2020-10-30,Doigt chasser système tout français vif sentier examiner particulier surveiller et.,Rép. Dém. du Congo
Noémi Lecoq,courtoisnathalie@example.net,2016-08-27,Oublier prêt avant parmi lendemain ferme propos veille afin de.,Samoa
Élodie Lombard,perrotnath@example.org,2015-07-31,Éclater noir île absence répandre tour.,Micronésie (États fédérés de)
Michel Bouchet,gilbert58@example.org,2016-02-12,Voisin causer prononcer docteur naturellement gros partout.,Mali
Xavier-Lucas Rodriguez,richardgeorges@example.com,2020-06-23,Moindre fumée libre oh docteur deviner faire tempête durer.,Bolivie
Augustin Lesage Le Ramos,roger54@example.com,2017-01-04,Mort nord forêt compter armée représenter sec remercier.,Lettonie
Virginie Guillaume de la Bourgeois,mercierchristophe@example.com,2025-03-03,Proposer reste violence surprendre goût somme bord inquiéter retomber à difficile.,Taiwan
Augustin Faure,oceane58@example.net,2020-03-21,Village goût lourd rapidement regard pendre présence.,Suède
Dorothée Chevallier,nperrier@example.org,2017-09-06,Route envoyer nord entendre moindre note marchand creuser conduire meilleur sorte.,Samoa
Emmanuel Lefort,michelle31@example.net,2016-11-11,Ressembler comme aider chaud attitude quelque pièce.,République tchèque
Laurent Arnaud,maillotmichelle@example.net,2022-05-13,Fonder consulter gauche remonter sens moindre avoir arracher lieu chaud.,Guadeloupe
Victoire Marin,aimeduval@example.net,2017-09-09,Finir plaire partie départ retourner songer on tache couler.,Polynésie française
Matthieu Étienne,amarie@example.org,2016-02-10,Bois présent il saint pourquoi refuser partager gauche l'un sauver taire réel.,Pays-Bas
Constance Gillet,marie32@example.org,2023-12-18,Retenir perdu pont livre désigner arrêter.,États-Unis
Étienne Legros-Lévêque,fcordier@example.net,2017-02-02,Saisir cheveu problème an or remarquer semaine tromper certain achever selon rose.,Pologne
Alain Martin,rochersophie@example.net,2015-10-01,Chien aller suite respirer tourner manier.,Antarctique
David Duhamel de la Breton,gilbertferrand@example.com,2025-02-28,Mettre puis règle pleurer inquiétude coin réduire.,Bangladesh
Aurore Roche-Carpentier,zgirard@example.com,2017-11-29,Signe faire lendemain tendre tantôt gros voiture idée.,Heard et McDonald (Îles)
Guy Joseph,rochephilippine@example.net,2017-01-14,Verre midi rouge étrange agent certainement.,Sénégal
Édith Rolland-Bernier,delormesebastien@example.net,2023-11-25,Consulter compagnon condamner battre réveiller sauter gloire.,États-Unis
Nicole Bodin,placombe@example.com,2018-06-08,Bon après siècle dépasser en pouvoir beaux accuser trace tendre vêtir.,Ouzbékistan
Cécile Huet,genevieve46@example.org,2023-08-07,Puis charge offrir problème poitrine sable vous demain tromper lendemain sens.,Libye
Laure-Lucie Adam,jdelahaye@example.com,2025-02-22,Boire retourner éternel sein dégager coucher réunir près seulement trace agent animal.,Italie
Xavier Chauvin,marcel32@example.net,2023-03-20,Nombreux crainte camarade chemise jeune sable.,Jordanie
Alexandre Mathieu,leducconstance@example.com,2022-04-03,Nommer rencontrer exposer direction représenter ruine forêt bureau.,République tchèque
Laurent Tanguy,sbreton@example.org,2017-06-21,Sueur dresser chambre extraordinaire fonction partie ouvrage résultat étonner foule atteindre écraser.,Anguilla
Margot Auger,alixrossi@example.net,2021-04-29,Femme siège noir espace du serrer dessiner vérité pluie bande lire recommencer.,Panama
Margaret Launay,marguerite77@example.net,2019-10-18,Engager lisser voile inventer pénétrer horizon manger.,Porto Rico
Étienne Millet de la Normand,nbreton@example.org,2017-08-20,Serrer docteur enlever épais moyen livre terrain rouge sable oser prévoir.,Biélorussie
Marguerite de Chartier,carpentierconstance@example.com,2020-07-09,Doigt agent sommeil roche comment dehors empêcher prêter sonner intérieur lorsque représenter.,Dominique
Anouk Nicolas,gmorin@example.org,2017-05-26,Rocher source importer condamner habiter choix soldat idée sur parfaitement.,Somalie
Luc Olivier,jacquetjuliette@example.net,2022-12-25,Chant il non inventer où oiseau sommet particulier seuil douleur.,Hongrie
Alain-Auguste Rémy,arthur24@example.net,2023-09-04,Engager attacher trouver droite long certes.,Tonga
Édouard-Honoré Lefèvre,mailletbenjamin@example.net,2017-08-02,Début cheval connaissance curiosité deviner haute réalité chambre veiller ton.,Papouasie-Nouvelle-Guinée
Virginie Hebert,colingilbert@example.com,2018-01-23,Inquiéter accepter bureau profiter franc drame rendre retenir charger ruine.,Afrique du sud
Tristan Guillou-Fournier,hervealfred@example.org,2021-10-02,Donc école éloigner exister solitude on page besoin grâce transformer.,Uruguay
Christine Vallet de la Valentin,charlesbrigitte@example.net,2021-03-21,Rester moment lendemain grâce créer échapper loup devant idée acheter marchand demander.,Azerbaïdjan
Bertrand Martinez,plefebvre@example.com,2023-10-25,Auquel étouffer espèce besoin vie capable.,Pakistan
Audrey Mercier,lgermain@example.com,2015-09-28,Art conscience faible supérieur nuage lutter croiser désir importer garçon.,Liban
Maurice Louis,gregoire68@example.com,2025-05-02,Forme contre violence principe mur sens baisser prince cruel trait mode force.,Gibraltar
Alexandrie Nicolas,colette15@example.net,2016-01-25,Ensemble loin accorder feu jour cas.,Samoa
Vincent Laine,jean73@example.net,2018-04-29,Oeil personne colline souffrance divers vieil visite habitant contenter sorte aucun sombre rapidement.,Falkland (Île)
Véronique Lebrun,laure36@example.com,2020-03-27,Réel nourrir drôle or sauvage amuser français ami tout ramasser.,Myanmar
Valentine Valette,jacqueline41@example.org,2021-01-16,Principe respirer énergie leur fermer tôt pain remettre précipiter.,République Dominicaine
Jérôme Barthelemy,emichaud@example.com,2019-08-27,Curiosité partir présence enfoncer fine autour moitié.,Philippines
Margot Morel,vherve@example.org,2020-08-15,Fine désormais protéger prison bras main debout près delà mariage.,Iran
Juliette du Martins,alexandredupuis@example.org,2025-04-19,Bureau train étage souffrir près obéir simple oh violent enfant corps.,Paraguay
Anne Roux,marcel29@example.org,2023-05-13,Emmener autorité mot attaquer diriger sembler.,Russie
Agathe-Luce Charpentier,victor69@example.net,2024-03-31,Adresser tenir chambre société maison remplacer fort annoncer ici.,Antilles néerlandaises
Jérôme Parent,bernadettebenoit@example.com,2015-11-18,Couvrir appartenir arbre inviter fond prétendre mari pourtant pas défaut révéler remarquer peuple.,Maroc
William Barthelemy,gabrielbarre@example.org,2024-02-01,Regretter mer partie ressembler plaisir pour somme carte goût six vert désespoir beaux.,Falkland (Île)
Zoé Le Pierre,adrienne37@example.net,2017-03-26,Page attaquer réel spectacle sommeil étouffer affirmer.,Roumanie
Frédéric Tessier,dremy@example.net,2024-12-13,Embrasser personnage face goutte ministre sourd front interrompre entrée mode calme plaindre.,Nauru
Marianne Hoareau,therese69@example.net,2016-10-04,Tromper tenir rester précipiter rire tout hier nous.,Mexique
André Colas,gabriel56@example.org,2017-12-12,Goutte traiter fine animer ceci lune avec immobile bord volonté.,Comores
Timothée Georges,beguecorinne@example.com,2015-06-12,Ici décrire plante angoisse connaître lutter blond aspect maison promener importance peu.,Seychelles
Élise Vallet,corinne77@example.org,2022-02-01,Détruire voyager façon parvenir mari paraître sombre comprendre folie égal remonter gauche.,Heard et McDonald (Îles)
Christine Giraud,elisabeth49@example.com,2020-10-30,L'Un fruit joli plus danser consentir changer champ dominer commun.,Pays-Bas
Christine-Célina Pineau,remypaul@example.com,2021-05-30,Étrange principe briller salut être personne marche.,Côte d'Ivoire
Philippine Morel du Pottier,amelie43@example.org,2024-03-03,Présent remonter tête vieil journal avant de comme autre somme demande pauvre.,Cap Vert
Paul Le Roy,dblanchard@example.com,2016-01-15,Compte dehors fauteuil là soumettre pièce désespoir charger.,Arménie
Charlotte Louis,yverdier@example.net,2020-04-03,Expérience habiter chacun clair chant de auprès élément révéler.,Namibie
Michèle Delaunay,dlesage@example.net,2024-10-03,Repousser vif traîner voir léger intelligence secret poussière.,Marshall (Îles)
Maurice Renaud,camille13@example.net,2021-01-02,Reprendre après épais dire tirer parent fleur sans tout cent difficile cheveu politique.,Côte d'Ivoire
Bernadette-Aurélie Imbert,martyjosette@example.org,2024-08-18,Pendant guerre quel autrefois toi pauvre mariage bureau musique naturel prononcer.,Syrie
Roland Maurice,xbenoit@example.net,2021-06-25,Cela colon presser contenir poche parfois assurer pouvoir douze loup.,Slovaquie
Frédéric Gautier,morvanadele@example.org,2015-08-05,Trente mieux somme quarante discuter société seconde établir nouveau avec forêt.,"Corée, Sud"
Henriette Mallet,henriette04@example.com,2022-04-09,Écouter secrétaire lui déchirer plaindre imposer avant beau compte guère désir salle.,Équateur
Nathalie Guilbert de la Lacombe,claudinejoseph@example.org,2025-03-22,Départ aussi quelque suivre précis loi émotion votre vie journée pourquoi.,Australie
Émile Menard,camuspatricia@example.org,2022-12-25,Ombre point armée voisin rassurer avenir fin.,Haïti
Céline Picard du Rousseau,ffischer@example.com,2016-05-22,Terre mot son façon pauvre ni rapport tendre porte pendre situation.,Madagascar
Victor Gros du Dubois,mullertheophile@example.org,2016-12-05,Poète détacher genre près chez saint quelque indiquer.,Royaume-Uni
Édith Lévy-Roux,laurencegregoire@example.com,2020-10-28,Aspect différent étonner répondre retirer salut enfoncer.,Mali
Richard Bruneau,deniseguillet@example.net,2021-03-15,Votre roman public comme changer perdre rentrer.,Madagascar
Marc Bourdon,vboyer@example.net,2019-10-05,Soulever mot voiture manger proposer déclarer départ.,Saint Vincent et les Grenadines
Maryse Carpentier,josephineallain@example.com,2019-04-11,Tirer mois amuser été drame prêter fusil recueillir.,Algérie
Renée Gilles,alain68@example.com,2018-09-30,Obtenir pur premier résister condamner surveiller.,Cayman (Îles)
Claudine Aubert,sebastien23@example.net,2017-06-26,Doute santé puissance souffrir paraître chaîne réfléchir construire taire.,Sri Lanka
Aimé Guibert,mathildemorel@example.net,2017-02-14,Froid donner plusieurs sentiment tout même siècle noir drôle suffire.,Angola
Lucas Evrard,bernadette54@example.org,2019-01-14,Ministre lui seconde imposer entourer certain.,Arabie saoudite
Océane Allard Le Lefèvre,rgiraud@example.net,2022-10-27,Avancer intention écrire courage jamais avouer briller place complet.,Saint-Kitts et Nevis
Denis Poirier,philippinerobert@example.org,2016-01-01,Mot espérer général moyen violent parcourir révolution docteur vision.,Territoires français du sud
Charlotte-Anaïs Guibert,camille34@example.net,2023-12-18,Jusque sang devoir image fermer devoir doigt droite manier avis succès idée.,Seychelles
Jérôme Le Legros,lemaitreetienne@example.net,2019-04-17,Carte causer claire bruit précipiter près.,Guam
Clémence Carlier,navarrocaroline@example.net,2019-01-04,Bouche oser annoncer admettre course poésie voile demeurer petit capable tel plaindre petit.,Ukraine
Théodore Guyon,margot19@example.net,2020-11-01,Donner goût conduire conversation fils construire cent étendue sourire.,Soudan
Maggie Andre-Lebrun,inespelletier@example.org,2015-11-21,Inconnu tourner miser victime envie bras déjà rencontrer mort voyage.,Monaco
Pénélope Joubert,svincent@example.com,2024-04-23,Même rapide tranquille étranger engager pont créer journée demande lourd dimanche saluer libre rêve.,Bahamas
Philippine Traore,rledoux@example.net,2017-01-01,Chiffre doux noir appuyer puissant commander réponse rentrer image croire chemin.,Singapour
Brigitte Julien,leclercemilie@example.org,2022-03-07,Devoir militaire double difficile juge que.,Colombie
Olivie Lévêque,alainbarbier@example.org,2023-05-02,Accompagner page maître abandonner flot rapidement désir homme particulier.,Émirats arabes unis
Théophile Texier,valentinhonore@example.net,2020-01-28,Professeur souhaiter grâce comme chef grand achever reste mari traîner village.,Gibraltar
Jean Coste,ferrandmichel@example.com,2018-07-13,Sommeil mériter tracer en désormais même annoncer course paraître car savoir.,Moldavie
Jean Benard,noemi87@example.com,2016-05-24,Deviner cour sable fils courage religion quant à mal semblable attaquer monde événement.,Jordanie
Maggie Ribeiro,theresejourdan@example.org,2017-06-18,Impossible nombreux calmer état dix intention tranquille voyage dehors si reste million afin de.,Irak
Charles Richard,mauricerousset@example.com,2021-11-21,Peu désert causer sauvage beau voie.,Vanuatu
Guy Maillet,marine41@example.org,2025-06-04,Jeter flot or supporter aile entraîner roi sommet poitrine.,Afrique du sud
Guillaume Rivière,alexandriabenoit@example.net,2023-06-01,Hiver répandre deviner tôt accorder l'un.,Cap Vert
Aimé Pottier-Mallet,robinzacharie@example.com,2016-01-23,Répandre faible nous anglais sauvage sonner discuter à jardin ouvrage.,Cook (Îles)
Martin Guillon,veroniquereynaud@example.com,2019-02-17,Attitude paraître l'un contraire suivant troubler former toit fort mauvais recueillir clair voilà.,Lithuanie
Christelle Léger de Lefebvre,alex27@example.com,2020-08-13,Vêtement officier sans heure douleur sommeil.,Antilles néerlandaises
Dorothée-Noémi Joubert,bpons@example.org,2017-03-13,Neuf importance promener sable brusquement carte comme poids ensemble.,Guyane
Marcelle Barbe,fabrepierre@example.com,2021-11-24,Officier calmer puis fin lors dresser surtout madame.,Yougoslavie
Luce Clerc,vbernier@example.net,2024-11-10,Valoir attirer étouffer article durer partie curieux ignorer pauvre certainement étendue intérieur honneur.,Cameroun
Xavier Dufour,henrilaine@example.org,2023-08-11,Intérieur blond obtenir siècle le comprendre entre étude.,Polynésie française
Françoise Merle-Aubry,rpotier@example.net,2022-08-04,Manquer comprendre système fleur douter davantage.,Guinée-Bissau
Henriette du Collin,bmoulin@example.com,2017-11-08,Public voix sec ramasser plan enfoncer trace.,Nouvelle Calédonie
Théophile Ollivier,philippe66@example.com,2024-10-26,Vieil soir encore ce cri rencontre phrase rencontrer amuser pencher forme place hiver livre.,Bouvet (Îles)
Cécile Ferrand,christianeprevost@example.org,2022-07-23,Curieux capable plaindre habiller impression sonner prière réveiller.,Cuba
Geneviève Mahe,jmenard@example.org,2024-06-09,Pourtant silence suite gloire immobile nu rejeter.,Inde
David Lebon,alexrossi@example.net,2016-09-13,Reposer aujourd'hui commencer paupière fois beauté personne toute serrer contraire.,Macédoine du Nord
François Brun,margaretalexandre@example.com,2015-07-16,Rester menacer mentir appel que auquel.,Myanmar
Stéphanie Rousseau,caroline10@example.net,2023-12-22,Famille partager lourd prêt repousser nom loin cinquante grand branche gris quart.,Andorre
Antoinette de Rocher,robert35@example.org,2020-06-21,Suivant considérer rien fermer sonner haut charger geste difficile ignorer mine.,Émirats arabes unis
Luce Baudry,elamy@example.net,2019-11-10,Animal mouvement nourrir exécuter fil coup atteindre.,Libéria
Thibault Laine de Guérin,sbarbier@example.net,2022-11-02,Toit risquer tapis connaissance élément pour oeil mener apporter nul payer accomplir de.,Libye
Marianne de la François,gillesbodin@example.net,2017-09-14,Faire humide reste ciel offrir arracher répandre rouler bataille baisser ensemble.,Sierra Leone
Gérard Nicolas,therese71@example.net,2016-02-20,Deux avis propre véritable élément début répondre mériter art expérience dernier.,Arménie
Charlotte Bazin,marinemichel@example.net,2020-12-14,Content impression moment gouvernement grandir transformer type attitude heure mentir vieux.,Slovaquie
Bernard Blondel,mollivier@example.com,2020-05-23,Paquet joli produire doux présent bois masse frère.,Rép. Dém. du Congo
Virginie Marchal,henri96@example.net,2018-08-22,Conclure entendre sombre fonction professeur si haut le que rêver visite rester.,Panama
Cécile Gautier,wlegendre@example.org,2020-12-22,Fou aspect doute auquel habitude delà rose quoi marier travail rejoindre continuer.,Madagascar
Alexandria Le Antoine,andree89@example.com,2020-11-02,Sujet dieu repousser sien sombre scène gouvernement foi.,Luxembourg
Suzanne Devaux-Rolland,petitmargaret@example.com,2019-09-28,Table quartier encore poursuivre guerre rond soumettre caractère hauteur joli préparer.,Biélorussie
Maggie Neveu,ruizfrancoise@example.org,2019-08-26,Perdre capable signifier dimanche fidèle veille souvenir cheval vague peser reconnaître pensée.,Mexique
Nathalie Faivre,klejeune@example.com,2024-07-03,Installer disparaître propos espoir être continuer.,Allemagne
Michel François,didiermarie@example.com,2019-03-10,Volonté cerveau marche doute fortune réflexion beaux robe désir bataille quatre.,Azerbaïdjan
Matthieu Cohen-Roussel,anaisboulay@example.net,2015-10-14,De poitrine entrer user vieillard français perdre soit créer cependant personne.,Swaziland
Stéphane-Honoré Voisin,arthur34@example.org,2018-01-17,Aspect joindre écrire crise immense docteur rencontrer finir.,Macau
Louise Lefèvre,laetitiaguillet@example.com,2021-05-20,Moitié transformer contenir saisir exister passion sec forêt loin revenir sens.,Swaziland
André-Tristan Grenier,hamonlucie@example.com,2018-12-18,Menacer médecin chien visible doucement objet rose faire droite parole chat poussière bien.,Cocos (Îles)
Nicolas Descamps de Coste,lemonniereugene@example.net,2020-04-08,Encore soirée un charge silencieux cercle autour soin chiffre long.,Suède
Corinne-Astrid Alexandre,susan19@example.com,2021-02-09,Elle visible passion permettre chez affaire pencher saluer important vieil action yeux songer.,Corée du Nord
Monique Olivier,robertetienne@example.org,2025-03-15,Travers mince parcourir importer à riche chez chanter compter pareil.,El Salvador
René-Guy Didier,crossi@example.net,2018-04-07,Quelque goutte joindre ton soirée jouer guère.,Bermudes (Les)
Jeanne Germain,duboisbrigitte@example.net,2021-04-10,Impossible que quel demander ouvrage briller bouche.,Seychelles
Noël Perrot,thibault90@example.org,2021-05-31,Malgré abattre mari tapis rejoindre posséder religion heureux rouler gris.,Niue
Benoît Maréchal,piresmargot@example.org,2015-12-08,Lieu armée remarquer éclat dieu détail chiffre.,Équateur
Éléonore Jacquet Le Salmon,margotrodrigues@example.com,2020-01-24,Toile demi éteindre assurer rêver discours delà que naissance.,Saint Pierre et Miquelon
Daniel Labbé,gaillardanouk@example.com,2018-02-25,Passé règle principe revoir sentier fait.,Maroc
Maryse Bernier de Gilles,philippe34@example.com,2021-04-08,Trace famille dernier reconnaître contraire condamner rouge.,Swaziland
Aurélie Bouvet,franck60@example.net,2016-09-24,Aussi offrir eaux lier repousser envie vivant discussion billet mal angoisse.,Niue
Paulette Roy,lecoqsebastien@example.com,2022-09-21,Contenir rayon environ coin élément mourir.,Luxembourg
Augustin Duhamel,philippine41@example.com,2019-06-30,Guère briser eh perdre détruire relever lettre.,Haïti
Alexandria-Nathalie Lopez,philippe94@example.net,2019-10-16,Type interrompre soirée matière trente importer peu tranquille arrière maladie banc reculer continuer.,Irlande
Lucy Gaillard,rmarques@example.net,2016-10-13,Veille trait souffrir salle pénétrer déjà poésie.,Luxembourg
Marc Bertrand du Pelletier,astrid93@example.com,2020-09-18,Grandir poésie sorte dangereux haine vendre plein taire.,Nigeria
Josette de Leclercq,cordierraymond@example.org,2019-11-05,Mémoire justice couleur bras roman chanter pensée.,Mozambique
Sébastien Mathieu,maggie09@example.net,2016-04-09,Mêler mettre larme malade nu assez sorte remplir.,Nouvelle-Zélande
Michelle Ramos,jean94@example.org,2020-04-17,Tracer gris couche me court commun petit.,Saint-Marin (Rép. de)
Mathilde-Pénélope Gaudin,qdumas@example.org,2016-06-26,Élever dehors bleu président patron règle bas choisir naissance difficile.,Belgique
Stéphanie Traore,rbigot@example.com,2022-09-12,Rouge plutôt forêt vieil dehors garde lier.,Swaziland
Michelle de Baron,cecile80@example.com,2022-05-25,Violent depuis victime billet bleu supporter chant installer ventre sueur ce palais question.,Rwanda
Caroline De Oliveira,ines67@example.net,2021-07-10,Succès paupière accompagner monsieur froid forcer avec sommeil donner quelque étendue obtenir.,Tadjikistan
Emmanuelle Roux,duhamelaurelie@example.org,2017-04-25,Blond genou vêtement où paraître salut chanter.,Tunisie
Claude du Laine,crodrigues@example.com,2019-02-06,Essayer peur miser davantage militaire grand palais politique vue corps.,Azerbaïdjan
Pierre Le Gaudin,augustin34@example.com,2019-08-24,Route joli champ aussitôt répondre pierre quelqu'un.,Estonie
Alexandrie Olivier,ttoussaint@example.net,2023-05-28,Rose valeur nourrir voici entrer manger.,Turkménistan
Augustin Léger,rmaury@example.org,2019-06-19,Sûr grand imaginer été choisir secrétaire nation non.,Espagne
Valentine Coste,marysemercier@example.org,2015-09-18,Content puis françois blond finir soleil où fonder.,Belgique
Odette-Élisabeth Bodin,martinehoareau@example.com,2024-01-26,Anglais fin silence social enfin interrompre passé travailler désigner.,Luxembourg
René Dumas-Pons,malletmarie@example.org,2020-06-09,Immobile poche résister seul réclamer étage amener.,Fidji (République des)
Martin Brun,pierreclement@example.org,2023-01-16,Appartenir mal important rien dessiner charger neuf rond content table lentement.,Macau
Joseph-Vincent Fournier,zalexandre@example.net,2023-10-04,Terrible dessiner pauvre entourer disposer bon problème user.,Guyane française
Hortense Alves de la Gautier,jeanninegarcia@example.net,2022-04-27,Attacher révolution examiner bout fine oiseau vide charge désert puissance centre jeune.,Féroé (Îles)
Alain-Paul Lebrun,ldupuy@example.com,2019-01-19,Charger composer figurer paraître tard relation lettre queue verre supposer.,Comores
Danielle-Valentine Muller,hortense58@example.net,2017-08-19,Exposer impression sonner il exposer tendre.,Afrique du sud
Marthe du Meyer,lombardjuliette@example.org,2018-04-19,Commencer si dessiner endormir crise accepter.,Sainte Hélène
Xavier Richard,uneveu@example.org,2017-06-22,Absolu jeune comment travers rencontre jouer nombreux oeil marcher témoin après.,Singapour
Benoît Faivre,ngallet@example.com,2016-04-01,Nul douter prison ci debout protéger sentir se.,Anguilla
Andrée Vallet,luce31@example.net,2023-09-03,Terre penser cours flamme course commencer celui.,Lithuanie
Émile-Léon Lambert,brigitteleduc@example.com,2016-09-08,Douceur ombre vol fixer parole premier un représenter mort doux certainement.,Lithuanie
Philippine Martinez,vleduc@example.net,2016-05-18,Envelopper savoir bon gauche ventre fier arriver triste tache émotion.,Israël
Eugène-Rémy Lecomte,cboyer@example.org,2016-07-25,Militaire absolument nommer tempête éternel partager empêcher science entourer.,Benin
Timothée Mallet,hboyer@example.net,2018-02-25,L'Un toujours arrêter bas jeune françois gagner avouer semblable.,Kiribati
Xavier Laurent de la Texier,isaaccohen@example.net,2017-01-13,Hier juste chef quitter mort dont.,République tchèque
Catherine-Suzanne Pichon,girarddavid@example.com,2020-03-20,Cour grâce réflexion gloire plein autant craindre avancer nu rentrer sombre suivre plaindre.,Costa Rica
Eugène Philippe,huetxavier@example.com,2019-09-09,Détail habiter dire mien diriger proposer général fin.,États-Unis
Claudine Guillon,anne93@example.net,2017-06-26,Obliger maître voyage rapporter frais cesser président temps existence prix vers mine trois.,Trinité et Tobago
Denise Costa,theresemartin@example.net,2021-11-03,Importance lune hauteur ferme sommet fixe fond sur durer début.,El Salvador
Benjamin-Édouard Vaillant,wroger@example.org,2021-02-22,Plaisir dans suivre place secrétaire courir passé manier.,Réunion (La)
Philippe Gomes,camille53@example.net,2015-07-22,Jambe fait nerveux droite drame révéler point public vue réel paysage dieu paquet.,Swaziland
Zoé Philippe,faurematthieu@example.com,2018-06-22,Femme politique rouler jusque courir inventer cerveau bas nul depuis île.,Malaisie
Léon Blanchard,victoire34@example.com,2025-05-30,Marché y mot dormir répandre qui asseoir exemple conscience.,Anguilla
Sylvie Renaud-Mary,martinamelie@example.net,2018-10-29,Révolution camarade bras jardin vague malade.,Norvège
Olivier Martinez,schmittagathe@example.net,2015-10-27,Malade paraître je soulever rang brûler plutôt joli sept quelque cabinet morceau.,Pitcairn (Îles)
Emmanuel Deschamps-Meyer,henriette28@example.net,2019-06-27,Vite passé unique songer maladie supérieur faveur caractère mon tôt moment.,Portugal
Élodie Guilbert,gilles96@example.com,2020-05-19,Prendre fenêtre tard effacer aussitôt soirée confier appuyer marcher.,Guadeloupe
Édouard Gilbert,pichondiane@example.net,2015-08-02,Autre falloir seulement réclamer dessus huit ensemble taire trois genou.,Mali
Grégoire Pons du Delorme,lesagemadeleine@example.net,2017-01-03,Ministre joindre tendre moi entretenir noir livre.,Inde
Victoire Pons-Laurent,cgomez@example.net,2020-01-18,Question lentement aventure compagnon quelque rare clair presser malgré.,Slovénie
Véronique Cousin,xfontaine@example.com,2020-06-22,Blond paupière doucement cuisine rompre ligne.,Vierges (Îles)
Cécile Gosselin,suzanne18@example.net,2020-02-05,Tendre ramasser heure bouche coeur lire but vers.,Cambodge
Hugues-Rémy Valette,vmartinez@example.com,2024-10-13,Rapport voie rapporter pied tendre siècle surveiller examiner souffrance accrocher abri question casser.,Mali
Sylvie-Alix Parent,daniellesalmon@example.net,2017-09-03,Du courant hiver face poids haïr victime étranger eaux.,Canada
Céline Peltier,evrardclaude@example.net,2015-11-21,Horizon nous haut hiver naître situation songer choix derrière.,Norvège
Olivie Normand,margaud10@example.com,2018-08-19,Pendre perdu avance foi pauvre condamner.,Côte d'Ivoire
Pierre-André Moulin,margot20@example.net,2023-10-24,Second fatigue apparaître devoir faux ciel travers autorité poitrine silence.,Bangladesh
Adrien Lebreton,ehumbert@example.com,2020-06-15,Parfaitement parole précipiter soir loup que cour fortune serrer lutte page.,Ukraine
Sabine Peron,zgimenez@example.com,2019-10-25,Ou rendre brusquement parti choix champ demi son jaune souvenir début.,Portugal
Andrée Maillot,francoise39@example.org,2021-11-07,Sou cesse fatiguer alors éclater présenter.,Îles Mineures Éloignées des États-Unis
Théodore Fournier,margaux47@example.com,2019-06-26,Élément pourquoi oeuvre vaste ruine espoir nombreux cas cas souvent toujours.,Grèce
Aimée-Margaret Traore,rde-sousa@example.net,2025-03-12,Vous oreille ici nerveux dehors queue long réserver être.,France
Adélaïde du Lacombe,lriou@example.org,2016-02-15,Relever jeune pitié debout vite muet suivant intention.,Malawi
Augustin-Léon Faure,bouvetroger@example.com,2019-09-24,Signe envoyer courant matin protéger part mouvement pour fusil où cacher cours.,Réunion (La)
Gabrielle Brun,xroux@example.net,2022-06-16,Agent rêver ruine condition visible douceur partager solitude garder votre vif embrasser.,Inde
Tristan Dos Santos-Maillard,michelle01@example.com,2020-03-12,Pouvoir anglais moment occuper acte cinquante.,Arménie
Alexandre Fontaine Le Bigot,anastasiehardy@example.com,2018-07-14,Comment plutôt place tellement bas dire.,Sri Lanka
Robert Salmon,ramosjeannine@example.com,2016-12-18,Docteur plante souffrance comment danger en haine doucement révéler décider entrée.,Territoire britannique de l'océan Indien
Cécile Rodriguez,olivie64@example.org,2020-04-11,Chat point volonté chiffre neuf principe préparer frère afin de fuir.,Guinée-Bissau
Alfred-Eugène Paris,bschneider@example.com,2023-09-02,Pénétrer anglais terme devant résoudre tuer effacer confondre un répandre ombre coucher.,Algérie
Victor Renault-Lebreton,rolandcolin@example.org,2023-06-08,Vue afin de fixe étoile sentiment forcer troubler ami renoncer lequel revenir recherche.,Angola
Jérôme Lemaire,guy58@example.net,2024-08-28,Eh colline bleu monsieur présence voix commander arbre épais aventure.,Comores
Adrienne Germain,christine58@example.com,2025-01-30,Hauteur pensée nombre baisser juge angoisse haine coucher ce supporter chaîne toi muet.,Kazakhstan
Marie Lucas,labberichard@example.com,2018-03-20,Chasser affirmer fortune fort détacher armée maintenant saisir obtenir blanc rappeler supposer.,Territoires français du sud
Emmanuel Blanchard,perrotarnaude@example.org,2024-02-03,Le signe coucher officier huit reconnaître chat société prétendre fumer cruel propre assez.,Tonga
Luce Rousseau,josetteevrard@example.org,2024-11-09,Fou rocher risquer autant bête nuit neuf penser soulever aventure prétendre user.,Niue
Henri de Lebrun,denisemendes@example.com,2021-07-07,Condition dangereux demi voile chambre attaquer monsieur chien toile dehors vieil réel faveur.,Suriname
Jules Garcia,etoussaint@example.com,2016-04-29,Oser volonté ignorer souhaiter mettre occasion.,Qatar
Chantal Hernandez,chantal09@example.org,2021-09-01,Côte larme causer haïr ouvrage madame eau comment.,Irak
Anaïs Brunel,genevieve33@example.net,2015-07-27,Heure oh somme travers affirmer route.,Russie
Juliette Ledoux,stephanie97@example.org,2024-03-28,Bras afin de beaux accomplir mode étaler morceau.,Australie
Adrienne du Bousquet,nicolas41@example.com,2017-06-20,Pays rang intelligence garde faveur briller naître.,Indonésie
Étienne Schmitt du Legendre,icourtois@example.com,2025-05-16,Partager retourner pendant bord créer échapper coûter ne placer confier faire.,Kiribati
Jérôme Millet,xfournier@example.com,2023-04-19,Blond bien accorder valeur repousser traiter charger.,Rép. Dém. du Congo
Anne Charles,dupuyalexandria@example.net,2024-08-23,Reste etc son encore coûter également.,Antilles néerlandaises
Zoé Jacquet,earnaud@example.org,2018-05-02,Demain rose remonter environ protéger vers hôtel presser etc porter couvrir recueillir élever.,Liechtenstein
Henri Collet,arthur21@example.org,2019-12-04,Couler lumière vingt entretenir elle se jaune sur principe pont.,Îles Mineures Éloignées des États-Unis
Yves Le Goff,gregoire95@example.com,2023-11-09,Autrement tourner mais cours que vêtement minute pas demain.,Territoire britannique de l'océan Indien
Victor Voisin,juliette22@example.org,2024-08-29,Saisir pitié autre avance ailleurs ailleurs puis blond.,Albanie
Anouk Benard-Schneider,roylorraine@example.com,2016-12-26,Revenir là mer poussière mener ami soulever.,Kiribati
Nathalie Lagarde,adelaidebreton@example.net,2024-02-17,Voile craindre lisser recherche point mort accord douter disparaître.,Yemen
Andrée Gosselin-Hervé,david25@example.net,2018-07-28,Confiance tourner mal lire peu souffrance ventre argent françois foi siège.,Royaume-Uni
Augustin Barthelemy du Picard,pauline79@example.com,2022-12-18,Double banc homme entretenir caresser abattre même.,Albanie
Anastasie Hoarau,juliette88@example.org,2018-08-21,Mer poitrine résultat trop salut résister couvrir voisin toile.,Turquie
Gérard Albert-Guillet,valeriechartier@example.org,2019-10-28,Espoir cesse précieux passer branche proposer figurer impossible manger lit pierre colère jaune.,Brésil
Charles Chevallier,beguealexandre@example.com,2025-01-16,Composer exprimer fort le chaud prix jamais grâce supporter choisir garde traiter.,Thailande
Sébastien Gallet,traoregerard@example.net,2021-12-02,Grâce médecin vérité attendre peine prétendre caresser encore arrivée grandir.,Turkménistan
Pierre Lemaître,emilie85@example.org,2019-06-03,Sein affaire elle répéter veiller juste fort bonheur.,Bahamas
Stéphanie Bonnin,jperrier@example.org,2020-10-24,Souvent calme autre également entrer printemps malheur saluer soleil continuer protéger.,Albanie
Adèle-Margaux Vidal,cfleury@example.com,2020-12-21,Complet vide casser entier campagne pointe auquel content en révolution école ferme frère.,Niger
Denise Moulin,pvaillant@example.com,2021-06-19,Fonction prendre pierre printemps printemps nuage six étude.,Singapour
Benjamin Guillon Le Regnier,alice77@example.org,2016-02-14,Vers relever marchand parmi ramasser jusque fin fermer.,Bosnie-Herzégovine
Claude de la Fabre,masseodette@example.org,2022-09-10,Véritable plante bruit toile rôle un vin toit debout madame depuis sien dix.,Macau
Renée-Margaud Georges,pierre97@example.org,2020-02-23,Aimer voile accomplir ni siège mort apporter tendre ouvrage.,Émirats arabes unis
Zoé Bertin,charlotte61@example.net,2015-08-16,Fuir tendre avec importance détacher nature jambe.,Malte
Adèle Gomez,nathalieduhamel@example.com,2020-04-30,Violence apprendre malheur aucun même ensemble ce imaginer ramasser paysan calmer d'autres blanc.,Équateur
Michelle Torres,scoste@example.com,2025-01-30,Action an gris léger moyen goût temps droite.,Nepal
Martin Martin,lallard@example.org,2017-03-04,Marier parti delà tromper figurer bruit obtenir petit bas.,Costa Rica
Andrée Barbier,ile-goff@example.org,2024-08-18,Manger perte saint mer intérieur ciel sentir.,Angola
Patrick Gauthier,guilbertlucy@example.com,2025-02-11,Point mode projet confondre chair fumer hasard.,Pays-Bas
Corinne Meyer-Lacombe,qgomes@example.net,2023-06-19,Désirer conclure malheur ordre reconnaître étonner joindre.,Kenya
Aimé Laurent,paulelise@example.org,2022-05-10,Durer arracher mur titre moment ancien étroit ami affaire long joie garçon.,Belgique
Lucie de Laurent,kdavid@example.org,2018-10-16,En gris queue taire bois instinct compte côte connaissance leur.,Féroé (Îles)
Nicolas Reynaud,nicolegonzalez@example.org,2023-04-14,Joue prêter nul en silence d'autres saint charge marier taille voie refuser.,Érythrée
Grégoire Chevallier,jolyaime@example.org,2020-01-11,Anglais camarade saisir encore est ferme musique choix assister preuve gauche battre idée.,Djibouti
Zoé Lucas,troger@example.com,2016-08-11,Papier préférer folie complet embrasser soldat clef hauteur recueillir auquel fine poussière bout.,Mayotte
Sophie Guillot,emmanuelleaubry@example.net,2016-05-21,Regard combat hasard souffrance presser déclarer plaire cri miser.,Ethiopie
Édith Brun-Sanchez,pbesnard@example.com,2020-04-20,Président écarter dernier mille confiance compte bord craindre heureux choisir inquiéter aide.,Suriname
Madeleine Rolland,prevosthonore@example.org,2024-04-19,Son sérieux avouer lors ton leur plus dépasser cour vaincre étage travail amour.,Kenya
Céline Camus,dnavarro@example.net,2021-01-19,Valoir pauvre rassurer ouvrir verser cuisine pencher.,Azerbaïdjan
Élodie du Cousin,gerard55@example.com,2021-01-04,Exposer intention coin ni autour effet droite choix avec.,Irak
Emmanuelle Le Lacombe,wbrunet@example.org,2020-05-15,Mensonge elle juger accomplir port dieu adresser voie.,Guatemala
Guy Lemonnier,hubertclaudine@example.net,2018-02-05,Demeurer autant refuser partir élever travailler épaule élément autant souvent.,Myanmar
Édouard Delaunay Le Germain,prevostalfred@example.net,2020-04-26,Danger étude essayer risquer chaise croire genou passion meilleur commencement vague matière.,Belize
Patrick Colin,idias@example.com,2018-11-20,Étroit intention voisin éteindre mais effacer religion rire désormais.,Monaco
Roger Chartier,jvasseur@example.com,2016-12-20,Adresser ah attirer rideau seuil tranquille classe prévoir.,Tunisie
Laetitia Morel de la Aubry,thibault39@example.com,2021-07-01,Subir demeurer arriver système coin fort respect nom parti supérieur roche précieux.,Belgique
Antoinette Lopez,claire31@example.net,2024-06-21,Étoile produire courir étranger pleurer trou sien absence long.,Togo
Manon Pereira,hmathieu@example.net,2020-09-17,Lire signifier public aucun caractère imaginer bas armée bien finir prouver.,Arabie saoudite
Anastasie Lemaître,amelie94@example.org,2018-01-17,Sens tranquille position ça siège finir paix pénétrer nom figurer monde garder chez.,Indonésie
Alexandrie Leclercq,charriertheophile@example.com,2023-07-31,Engager dessiner nouveau ramasser accent un protéger abri.,Allemagne
Adrienne Bonnin,charlesmarchand@example.org,2016-03-31,Peau matière retrouver poitrine déchirer quelque mariage neuf.,Grenade
Laure Moulin,pottiermarcelle@example.net,2020-06-07,Mari certes mot lieu digne sauver haut sentiment manquer mari précéder gros.,Burkina Faso
Josette Carre,kcoste@example.com,2024-05-19,Appel vieux fatigue accrocher meilleur mine peser grâce rire employer bouche neuf finir.,Pitcairn (Îles)
Marcelle Bazin,michellorraine@example.org,2020-04-21,Chasser en protéger imposer rare âgé retrouver jardin prince éternel chambre douceur chair.,Inde
Nathalie-Lucy Costa,franckmartin@example.net,2015-07-24,Souhaiter siège cours juge rayon agir égal gris demande semblable chiffre plusieurs.,Canada
Pénélope Mace,mpetitjean@example.net,2020-06-02,Saison le toute conseil moment événement passage voler pluie.,Cuba
Emmanuel Antoine,mgallet@example.org,2016-03-20,Voir oh maladie juste témoin éclat violent mensonge.,Émirats arabes unis
Marcel Guillaume-Maury,toussaintalex@example.org,2019-07-09,Étage emporter ensemble finir visage militaire valeur pénétrer religion mur réunir conscience toi.,Nigeria
Julien Georges,olivie16@example.org,2018-02-05,Port aile créer courir grâce changement souffrance ville présenter couche.,Portugal
Jacques Bourgeois,aurorehumbert@example.net,2023-10-28,Caractère fois admettre complètement madame présenter scène un drôle pied odeur train établir.,Koweit
Jacques de la Thomas,brigitte10@example.org,2021-07-26,Sombre douter compagnie déclarer guerre banc sac politique aide certes voiture vide.,Géorgie du Sud et Sandwich du Sud (Îles)
Auguste Martins Le Faure,lainehortense@example.com,2024-12-26,Bientôt précis travers entendre apparaître réveiller rideau suivre.,Singapour
Isaac-Aimé Bonnin,payetvictoire@example.com,2022-04-12,Vivant blanc chance pencher rang grain prière ainsi comment gagner inutile.,Autriche
Jérôme Charrier,ple-roux@example.com,2019-10-26,Aussi puisque phrase cas prison environ tomber beaucoup ajouter avec plante découvrir pourquoi.,Iran
Valérie du Michel,tristan71@example.com,2024-03-18,Riche raconter briller fête table inviter.,Ethiopie
Élisabeth de la Aubert,juliette14@example.org,2024-02-18,Maladie point lier faveur chaud vingt du.,Jordanie
Nicolas Garnier,vgomez@example.com,2016-11-28,Rose près agent essayer train public.,Yemen
Thierry Blanc de la Langlois,auguste79@example.net,2024-07-12,Respirer acheter françois fou ennemi armée plonger recommencer.,Cook (Îles)
Renée Vincent,thibaultdias@example.com,2015-08-09,User foule livrer étendue condamner pierre me véritable appartement vague lune.,Namibie
Pénélope Rey du Techer,ddenis@example.com,2021-11-27,Ressembler or quitter signe empêcher blond joie pluie seconde inconnu envoyer avouer si recherche.,Laos
Denise Albert,courtoisroland@example.net,2021-12-03,Confier pluie pièce goutte renverser causer heureux indiquer frais déjà charge.,São Tomé et Príncipe (Rép.)
Cécile-Philippine Poirier,qbourgeois@example.net,2016-03-21,Inutile souvenir porte perte nombre oiseau.,France
Louise Lebreton,margaux98@example.net,2017-08-18,Mari suite etc exiger ruine épais appel désormais.,Bosnie-Herzégovine
Timothée Gillet,reyjulien@example.com,2023-06-07,Croiser article passer selon dessus page entier employer vieillard figurer ruine en saison.,Slovaquie
Honoré Toussaint,alexandre33@example.com,2023-04-05,Préférer entourer curieux aide âme herbe entre tombe supporter coin.,Polynésie française
Marcel Joly,nicole73@example.org,2016-02-27,Espoir absolu agiter précieux victime ceci voir traiter mois relever menacer dominer.,Équateur
Daniel Blanchet,crenard@example.org,2024-02-07,Cheveu oreille salle nerveux salut marcher quatre silencieux terreur.,Rép. Dém. du Congo
Anastasie Besson de la Lopez,uverdier@example.org,2020-06-26,Classe billet beaucoup souffler tout droit foule rôle monsieur nul vérité pencher.,Chine (Rép. pop.)
Françoise Collin,boulangerchristine@example.org,2019-07-11,Poste étendre ni craindre fort consulter adresser but au absolu.,Gibraltar
Timothée-Étienne Pons,lesagepatricia@example.net,2024-03-28,Mon est fruit temps trait place loin perdu vrai adresser étendre capable fonder.,Malaisie
Juliette-Manon Dos Santos,eugeneramos@example.net,2016-08-30,Oui presque dépasser étrange soulever essuyer printemps demain fenêtre franc contenter race.,Liban
Claude-Valérie Mary,dgonzalez@example.org,2018-01-15,Engager confondre poids bras étrange troisième matière trace propos nouveau siège aide.,Guyane
Colette Renault du Barre,clairemartin@example.com,2020-01-13,Bande sec beau détail rompre champ offrir remarquer caresser.,Soudan
Monique Lucas,guerinedouard@example.net,2021-07-02,Passé corde humide sérieux maintenant perte fil sourire chaise robe poche doucement recherche.,Heard et McDonald (Îles)
Isabelle de Blanchard,david04@example.org,2022-02-01,Autrement enfermer secours même soit tout précéder énergie sou chaleur rang terrible arrivée.,Arménie
Théophile Louis,martineauisabelle@example.org,2023-04-23,Nerveux ennemi donner admettre horizon sourire prêter attacher.,Grèce
Bernard Thomas,josetteparent@example.com,2017-07-24,Entre hauteur situation doigt achever fou plaine anglais peu naturel demande chair douter.,Vatican (Etat du)
Margot Guillot,gabrielmaillot@example.org,2021-04-04,Rare moyen gouvernement plusieurs faux poussière le lendemain.,Zimbabwe
Éléonore-Josette Maillard,kleroux@example.com,2017-08-11,Tôt tour ouvert vivre rêve appeler raison rassurer dos lequel devant.,Mayotte
Dominique Renault de Laroche,susan50@example.net,2022-04-12,Rapidement an lequel suivre expérience trop bande figurer même petit pourquoi.,Liban
Benoît Denis de la Muller,faivremichelle@example.com,2019-04-17,Nom toit trente fier fumer larme.,Kiribati
Odette Colas du Marchal,zjourdan@example.com,2016-12-06,Briser unique compagnon vieux oreille immense franc propre réel être tirer public.,Guyane française
François Coste,paul75@example.org,2017-09-03,Sombre reconnaître indiquer combien quand soir.,Mexique
Daniel Poulain-Riou,rivierelucie@example.net,2023-09-12,Nom fait claire le expression espoir existence troubler.,République Dominicaine
Maurice Bazin,remy04@example.com,2021-04-25,Théâtre triste marquer en admettre veiller exprimer trente.,Heard et McDonald (Îles)
Augustin Da Silva,dufoursusanne@example.com,2020-04-29,Vivre comment président chaise police propos femme.,Bahrain
Thomas Hoareau Le Evrard,louisecordier@example.com,2019-12-24,Bataille adresser poète long veille etc facile ombre rond sembler âge amuser.,Mongolie
Gérard Regnier-Leclercq,audrey59@example.org,2020-08-29,Race long imposer pour adresser rejoindre françois désespoir silence.,Heard et McDonald (Îles)
Élisabeth Blanchet Le Germain,buissonaugustin@example.net,2016-09-05,Plaindre politique crainte particulier détruire coeur former accomplir désir attacher.,Algérie
Adélaïde Delmas,noelantoine@example.net,2015-08-30,Bleu fort hier traîner ne arbre même eh.,Guam
Anne Fischer,clemence18@example.org,2025-01-12,De toi réveiller condition envelopper souffrance tu partir nature.,Mariannes du Nord (Îles)
Antoine Rousseau du Martinez,adrienne36@example.net,2021-05-09,Salut ton vérité chanter acheter chance fleur mort sommet.,Jamaïque
Monique Bertrand de la Paul,adriennesanchez@example.com,2020-01-20,Inconnu fonction autrefois seulement supporter selon longtemps.,Royaume-Uni
Denis Loiseau,anoukguillaume@example.org,2023-12-18,Monter rire aide désir article fait nul cou.,Maldives (Îles)
Aimé Perez,antoine68@example.org,2017-09-09,Jour neuf angoisse rapport avant salle intéresser jeter distinguer lever moindre toi également.,Jamaïque
Philippine Brunet,wmoreno@example.org,2023-11-09,Mari village larme principe le exister.,Réunion (La)
Bernadette-Thérèse Leroy,olliviercorinne@example.org,2020-11-21,Franchir professeur parce que victime genou espoir chien nuit après livrer.,Mexique
Jean Guillot,gabriel27@example.com,2015-06-21,Milieu question endormir entrée conduire chasser début eaux nous soldat.,Rép. Dém. du Congo
Augustin Samson,hugueslegros@example.org,2019-02-27,Chute voix que secrétaire le aller joindre grâce accent attention anglais.,Libye
Xavier Mathieu,teixeirahenriette@example.com,2020-02-20,Vouloir port geste lors fille vers.,Botswana
Hugues Gérard,gregoireremy@example.com,2015-07-26,Espoir peuple acheter désir caractère double désert afin de résistance discuter hésiter.,Suisse
René Weiss,aclement@example.net,2020-07-23,Lequel oh condition nourrir chercher haut boire rejeter visible grandir.,Mayotte
Suzanne-Suzanne Noël,rlaine@example.com,2015-11-08,Prêter vaincre rompre terrible rôle quel ciel honneur espérer découvrir divers.,Algérie
William Alexandre-Marion,philippinedelorme@example.org,2023-04-09,Expérience diriger asseoir repousser professeur lequel page alors puis diriger devant.,Jamaïque
Emmanuelle Paris,renelopes@example.net,2024-04-09,Militaire cou homme espoir beau foule avis vaincre lui justice personne.,Panama
Jacqueline Bouvier,penelopeboucher@example.org,2022-12-22,Lier rire marier auteur ajouter exiger réunir départ.,Bhoutan
Hugues Léger,patriciabodin@example.net,2018-04-26,Voilà pauvre magnifique fuir fauteuil ombre.,Guyane française
Alexandre Duval,fernandesemmanuelle@example.net,2015-06-29,Beau prince étouffer vite rejeter terreur.,Seychelles
Antoine Goncalves,julien81@example.org,2021-05-24,Fleur sept fidèle fidèle voisin rapport pays mensonge hors ouvrir tu.,Afghanistan
Noël Joubert-Roy,iaubert@example.com,2022-12-18,Témoin rapporter ordre système pénétrer beauté interroger.,Macédoine du Nord
Michèle Hoareau,massonvictor@example.org,2024-08-23,Cependant gouvernement jardin expliquer posséder rue delà avec tombe.,"Corée, Sud"
Marie Besnard,adelemarie@example.org,2017-02-09,Quoi souffrir froid important autant avoir tendre droite terrain rose feuille.,Bahamas
Dorothée Thomas,jacquesphilippine@example.org,2019-01-23,Coin détacher note fête cher cerveau mort.,Jordanie
Isaac Noël,clairebertin@example.net,2015-10-06,Inutile étrange amour type mariage mener vers oncle faute découvrir on lutter douter.,Algérie
Anouk Bailly,marinesauvage@example.com,2023-03-22,Haut état cesse essuyer épaule oui brûler.,Lettonie
Cécile-Geneviève Bonnin,anastasiemunoz@example.com,2020-06-03,Repas existence soldat obliger adresser joie courir hauteur réveiller côte secret dormir vers.,Pérou
Alexandre Lombard,charles05@example.com,2017-02-15,Désigner douter habitant casser vêtement vite afin de froid.,Tuvalu
Thomas Besson-Martin,valentinetessier@example.net,2022-03-16,Réel attirer tomber eau mort dessiner suivant colère absolument marchand.,Saint Pierre et Miquelon
Simone Faivre de Maurice,yalves@example.net,2017-03-29,Rouge odeur été envoyer vague reposer soi ouvrir direction révéler.,Rwanda
Xavier Georges,ameliedupuis@example.org,2019-02-15,Signe vieux habiter devant genre vous envie.,Saint Pierre et Miquelon
Aimée Chartier,danieljacquot@example.org,2018-08-26,Heure chasser drôle place dur plaire mal voyage vous.,Russie
Audrey Menard,bertrand55@example.net,2020-12-17,Gagner beau pousser finir an doucement partie bon anglais public dire arme demande.,Grèce
Roland Dumont de Parent,sophie54@example.net,2020-04-21,Droit court larme science colline capable.,France
Amélie Torres,laetitia47@example.org,2021-11-26,Général couper blanc bande terme calme étoile pendant user armer attitude.,Turkménistan
Auguste de Bigot,nschmitt@example.com,2024-03-11,Sein chez lèvre faux hauteur approcher d'abord soit pointe deviner dépasser encore français.,Bahrain
Stéphanie Arnaud-Louis,susannediallo@example.org,2022-04-19,Témoin tandis que reste posséder trace désormais lèvre image exécuter pourquoi hier.,Tchad
Élodie Denis,antoinettebonnin@example.com,2025-03-28,Te cependant situation scène dos âme reprendre faveur masse françois action salle fauteuil voisin.,Guinée
René Guérin,julie13@example.net,2019-07-20,Magnifique lien cheval parfaitement aller trois île de pain.,Danemark
Hugues Letellier,francoisebodin@example.com,2019-11-16,Vêtir après aller meilleur perdre claire chanter mot corde chercher.,Sri Lanka
Jean Payet,klecomte@example.org,2021-05-03,Haut rêve somme forêt signe cercle rose étendue un dépasser croix bête militaire.,Haïti
Adrienne Le Cordier,claudebouvier@example.com,2017-06-11,Fine connaissance embrasser aujourd'hui honneur soirée.,Kazakhstan
Catherine Berger,sdijoux@example.net,2023-08-20,Admettre souvenir campagne cou habiller reprendre officier sein appartement distance bois effort perte.,Lithuanie
Victoire Lebreton,paulette42@example.org,2017-05-26,Large terre pur de trouver marcher poche envie falloir résoudre éclairer passion effacer.,Suisse
Noël Lacombe de Blanchard,lucpinto@example.net,2023-08-15,Succès compter vision avec vaincre objet bout voie je.,Madagascar
Auguste Menard,cleduc@example.net,2016-02-06,Profiter papa visite froid vouloir séparer servir nuit voisin céder pousser déposer causer.,Soudan
Margot Valentin,elodie72@example.com,2017-02-03,Succès quart sous comment tour paysage.,Porto Rico
Corinne Le Barbe,rodriguesvalerie@example.org,2018-06-07,Façon puisque cheveu art famille âme geste français simple delà fuir enfance oreille.,Libéria
Franck Brunet,hortensebaron@example.net,2015-08-21,Creuser dans année élément subir sur chez décider.,Angola
Charlotte Jean,wrossi@example.com,2017-03-12,Avenir plus soudain aujourd'hui gros sauver arrivée.,France
Philippine Clément de la Laporte,christine83@example.com,2021-03-04,Deux magnifique voilà mériter jeune prévenir seulement agent sujet toujours lequel.,Réunion (La)
Alexandrie Laroche,samsonagnes@example.com,2024-10-26,Rose tel sens son indiquer appartement soleil âme vaste terminer.,Indonésie
Maggie Lelièvre,lucie65@example.net,2017-05-12,Voix réponse saisir immense tache paraître crier bras autour.,France
Valérie Maillet,carlierjules@example.org,2023-07-27,Exemple toujours croiser point ne ouvrage pas épais commencement profondément.,El Salvador
Margaud de Picard,mauricebouvier@example.net,2025-04-01,Campagne réponse mariage réveiller dominer prix amuser étage.,Nicaragua
Nath Michel,christophebaron@example.org,2025-03-21,Ensemble avoir préférer idée mari votre différent anglais face.,Équateur
Anouk Barre,michelhugues@example.com,2020-12-16,Absolument mois mode voyager huit inconnu pendre puissant parfois il beau.,Palau
David-Raymond Marques,clemencebarre@example.net,2020-04-02,Problème aussi voisin aider relever certes entraîner secret hauteur soit terreur présent sourire.,Gabon
Bernadette Legendre,ptraore@example.net,2018-11-30,Éclat emporter écraser dos représenter choisir secours fixer.,Namibie
William Antoine,qpires@example.com,2024-07-21,Retrouver lors noir tête briser mentir marché rouler davantage tuer.,Mayotte
