nom,prenom,agence,email,telephone
Blin,Élise,Lefèvre,zdupuis@example.org,0240223712
Nguyen,Alexandria,Ollivier,lopespatricia@example.com,0252411610
Pruvost,Anaïs,Saint Nathdan,henrymartine@example.com,0383029312
Leclerc,Thérèse,Sainte Simone,ddupuis@example.net,0423809563
Rousset,André,Blindan,edouardbrunel@example.org,+33 (0)3 45 08 56 38
Samson,Célina,Le Gall,adrienne43@example.com,0638471410
Rousset,Gabrielle,Sainte Isabelle,celina25@example.com,+33 (0)3 88 74 69 61
Petitjean,Élisabeth,Collet,zsimon@example.org,+33 (0)6 98 52 39 84
Lombard,Margaret,Olivierboeuf,theophilerenault@example.net,0386262654
Lacombe,Daniel,Delattre,gbarre@example.net,0469200945
Petit,Pénélope,Saint Valérie-les-Bains,audreyseguin@example.net,02 47 07 84 23
Delmas,Mathilde,Faure,josephinebrun@example.org,02 46 00 09 18
Lacombe,Marc,Blin,renetraore@example.org,+33 3 28 88 53 98
Besson,Denis,Sainte Frédérique,antoinette35@example.net,05 36 13 71 46
Chrétien,Zoé,Lévy,faureleon@example.net,+33 1 45 94 50 36
Colin,Maggie,Olivier,christianeallain@example.org,0532472947
Da Costa,Claudine,Lejeune,simonepelletier@example.com,+33 4 38 63 85 32
Pasquier,Martine,Caron-les-Bains,hbriand@example.net,+33 (0)6 36 42 04 82
Delorme,Alix,Sainte Océanenec,delahayepaulette@example.net,0531532962
Vaillant,Guillaume,Saint Jules,jacquesmaurice@example.com,03 53 51 40 09
Bernard,Zacharie,Alexandre-sur-Chrétien,valeriehuet@example.net,+33 6 99 34 14 50
Lambert,Marc,Saint Laurence,philippepinto@example.org,+33 (0)1 43 48 85 18
Lebon,Thibault,Menard-sur-Andre,jchartier@example.net,03 84 12 03 38
Sauvage,Constance,Fabre,lucaschevallier@example.org,+33 (0)1 55 56 35 49
Dupré,Victoire,Lacombenec,elodiemarin@example.net,+33 5 53 46 12 44
Guilbert,Corinne,Rousseau-sur-Guillot,marcel92@example.com,0339466930
Voisin,Manon,Hardy-les-Bains,christianeriou@example.com,02 37 69 42 28
Bègue,Auguste,Saint Nath,ade-sousa@example.org,0494044037
Fabre,Nicole,Prévost-la-Forêt,ffernandes@example.net,0430111279
Lambert,Nicole,Roche,poirierfrederic@example.org,+33 4 90 87 13 31
Prévost,Claudine,Saint Dominique,nrodriguez@example.net,02 29 66 34 73
Imbert,Agathe,Saint Amélie,kfournier@example.net,+33 3 63 77 94 32
Pinto,Constance,Le Gall-sur-Boulay,amelie90@example.net,0244808173
Toussaint,Bernadette,Roger-sur-Daniel,claire48@example.com,07 51 85 16 96
Lemaire,Christiane,Saint Jeanboeuf,david39@example.com,+33 (0)4 43 04 50 24
Martin,Michelle,Carpentierboeuf,upires@example.net,0492397368
Grenier,Pierre,Sainte Richard,genevievepetitjean@example.net,0430674591
Pasquier,Suzanne,Saint Océane,julien71@example.net,+33 1 56 00 20 43
Brunet,Benjamin,Saint Émile,maillotnicolas@example.org,+33 4 20 08 79 39
Delahaye,Patricia,Beckernec,omartineau@example.org,0384955970
Grenier,Bernadette,Saint Marguerite,perezvictor@example.net,+33 3 39 20 88 63
Dufour,Laure,Sainte Jacquelineboeuf,fchartier@example.com,0359999769
Rousseau,Agathe,Fernandez-sur-Tessier,marie89@example.org,0465699315
Gaillard,Édith,MasseVille,thibautroux@example.org,04 99 60 65 96
Diaz,Marthe,Couturier-sur-Mer,ponsfrancoise@example.org,+33 (0)5 54 43 44 39
Barbier,Arthur,Pasquier-sur-Leduc,martine87@example.net,05 32 39 05 16
Guillon,Alain,BuissonBourg,godardphilippe@example.net,+33 (0)1 80 95 08 22
Bousquet,Marc,De Oliveira,olucas@example.com,+33 (0)5 08 70 27 72
Grondin,Jeanne,Sainte MaggieVille,alainmeyer@example.com,0352148329
Thibault,Marianne,Saint Julien,mathieualexandre@example.org,+33 (0)3 76 19 10 83
Prévost,Maurice,Alexandre-sur-Mer,imbertmargaret@example.net,+33 3 65 07 46 96
Collet,Célina,Bouvet,zlemoine@example.org,+33 (0)2 33 64 14 07
Lemonnier,Océane,BlotVille,hpascal@example.org,0245799945
Laine,Hortense,LeblancVille,davidmendes@example.net,+33 4 32 13 05 35
Aubry,Aimée,Laporte-les-Bains,lbouvet@example.com,+33 (0)4 32 08 96 54
Auger,Marie,Cousin,dupuisluce@example.com,+33 (0)3 63 65 90 35
Bègue,André,Saint DianeBourg,louise32@example.org,04 38 86 96 42
Rousseau,Nicolas,Dupré,wrodriguez@example.org,+33 4 87 12 30 21
Labbé,Éric,Adamboeuf,ollivieremmanuelle@example.net,+33 (0)2 57 67 33 11
Pierre,Catherine,Charrier,delannoyjean@example.net,03 53 88 92 55
Gay,Laurence,Saint Marthe,marcel39@example.org,02 21 48 71 69
Paris,Marcel,Tanguy,wleroux@example.net,+33 4 23 96 60 71
Olivier,Timothée,Moulin,rjacquet@example.net,+33 2 54 98 77 25
Lelièvre,Sébastien,Dumont,rogerweiss@example.com,+33 (0)4 95 47 54 28
Pinto,Anaïs,Le Gall-les-Bains,frederique72@example.com,+33 1 40 03 36 48
Neveu,Laetitia,Julien,simonerodrigues@example.com,03 29 65 65 62
Bruneau,Bertrand,MarinBourg,fouquetpatrick@example.net,+33 4 71 06 94 56
Morin,Philippe,Marques,lemonniergerard@example.org,+33 5 08 92 67 02
De Sousa,Noël,Leclerc,sylvie00@example.org,+33 6 73 03 90 12
Rocher,Suzanne,Laine,rollandlorraine@example.com,04 57 69 33 88
Chevallier,Diane,Saint NicoleVille,laurent04@example.net,0219239999
Mary,Marguerite,Chauvet,margauxallain@example.net,0327261175
Delannoy,Noémi,Saint Timothée-la-Forêt,claudineberthelot@example.com,+33 (0)2 76 84 25 01
Seguin,Véronique,Garcia,michelpascal@example.org,02 35 60 75 62
Guilbert,Philippe,Masse,bertrand41@example.org,+33 (0)5 54 98 11 24
Richard,Valentine,Vincent,valerie62@example.org,+33 (0)2 31 30 13 40
Denis,Anouk,Rivière-sur-Samson,pleblanc@example.com,02 35 89 13 01
Samson,Noémi,Lemonnier-la-Forêt,josephine26@example.org,+33 (0)6 37 13 90 07
Poirier,William,Rodriguez,louislorraine@example.net,02 50 96 99 91
Guillaume,Zacharie,Saint Océane,lorraine02@example.com,+33 (0)6 34 02 95 95
Jean,Patricia,Gomez-sur-Rocher,isaacfernandez@example.org,+33 (0)5 46 10 49 48
Richard,Aimé,Blot,edithhamon@example.com,+33 5 35 33 46 25
Masse,Jeanne,Didier,sebastienboulanger@example.net,02 28 40 47 44
Lacombe,Henriette,Girard-sur-Vallée,jerome73@example.com,0564261819
Lucas,Gabrielle,Hernandez,rolandbonnet@example.net,05 17 90 71 35
Dupont,Claudine,Guérindan,stephanelemoine@example.net,0169913699
Collet,Christiane,Lemonnier-sur-Giraud,madeleine16@example.com,+33 1 42 20 44 71
Richard,Édith,Sainte Julesdan,michelle98@example.org,0172452321
Antoine,Noël,Rousset,richard89@example.org,0516725315
Brun,Monique,Dubois,gimenezfrancois@example.com,0276726872
Morel,Dorothée,Mendès,alexpayet@example.org,+33 (0)6 98 41 72 56
Salmon,Michel,Sainte Margot,valentinelaurent@example.net,+33 (0)2 36 10 59 81
Rodrigues,Alix,Andre,ecamus@example.org,0130117845
Benoit,Robert,Saint Adélaïde-les-Bains,olivier30@example.net,0175603472
Joseph,Françoise,Royer-sur-Diallo,audrey55@example.org,0547226381
Leroux,Nathalie,Dumas-sur-Baron,aimee65@example.org,05 90 68 49 30
Vincent,Océane,Lévy,jeanne61@example.com,+33 2 28 25 79 80
Lebon,Zoé,Girard-les-Bains,levysimone@example.com,+33 2 21 09 87 39
Roy,Henriette,Petitjean,thibaultvictoire@example.net,0483132475
Julien,Luce,Sainte Claude,bertrand61@example.net,+33 2 38 65 67 22
Aubry,Éric,Lefebvre-sur-Guillon,genevieverolland@example.com,+33 4 68 47 77 21
Guichard,Éric,Raynaud,kmarchand@example.org,05 96 85 13 92
Paris,Alain,LecomteVille,wagnerjuliette@example.com,+33 (0)4 20 45 05 16
Delorme,Élodie,Salmon,valettemanon@example.net,0617535112
Lecoq,Isabelle,Fabre,martheduval@example.com,+33 (0)7 94 11 07 41
Navarro,Isabelle,Deschamps,nath29@example.com,0258888057
Jacquot,Louise,Lucas,pbenard@example.net,04 66 37 33 10
Dos Santos,Noémi,Garcia,eugene87@example.org,05 65 94 23 42
Marin,David,François-sur-Mer,jacquotcecile@example.org,+33 1 79 44 66 15
Da Silva,Manon,Riou,lucaslaroche@example.net,+33 (0)5 45 30 02 71
Goncalves,Luce,Lamy,xblanc@example.com,0484632780
Marchand,Louis,Martindan,louisele-goff@example.org,02 33 83 13 71
Charrier,Nathalie,Saint Alfred,ttessier@example.com,02 90 96 89 74
Rolland,Isabelle,Toussaint,astrid74@example.com,05 45 91 04 58
Bègue,Thomas,Gilles,zachariedidier@example.net,06 36 78 79 68
Schmitt,Aimée,PascalBourg,luciegirard@example.com,01 56 01 85 04
Jacquot,Renée,Charrier,barbierlouise@example.com,+33 4 13 95 01 42
Cohen,Lucas,Sainte SusanBourg,camusnathalie@example.org,02 47 34 65 01
Pichon,Pierre,Turpin,rochecorinne@example.net,+33 3 10 43 74 22
Georges,Franck,Bertranddan,suzanne22@example.com,+33 2 45 63 13 85
Pires,Jacqueline,Sainte Aurore,hdescamps@example.org,+33 (0)1 75 16 20 85
Durand,Michel,Saint Jeannine,edelorme@example.com,04 66 59 89 85
Samson,Gabrielle,Saint Charles,sfabre@example.com,+33 1 48 59 98 76
Weiss,Susanne,Collet,deschampsroger@example.org,02 54 28 37 13
Schneider,Honoré,Garnier-sur-Lemaire,rogerlorraine@example.net,0553633732
Turpin,Pauline,Lopes,alexandre17@example.com,01 45 30 44 26
Schneider,Thierry,Saint Gabrielleboeuf,ablot@example.org,07 62 86 99 67
Louis,Véronique,Saint FrançoisBourg,berniersuzanne@example.net,+33 5 08 76 84 60
Imbert,Jeanne,Voisin,christophelaurent@example.org,+33 (0)2 54 93 75 58
Andre,William,Petit,icarre@example.org,03 54 52 90 68
Munoz,Anastasie,Legendre,davidblot@example.net,0261258123
Parent,Alex,Coste,lucas70@example.org,+33 7 61 48 69 45
Collet,Pauline,Gaillardboeuf,bmorel@example.com,+33 (0)4 66 76 02 68
Charrier,Théodore,Martel,ggrenier@example.org,0761649018
Grégoire,Timothée,Dumont,duboisarthur@example.org,04 65 75 08 86
Gay,Claude,Poirierdan,noemirey@example.net,+33 3 87 16 26 33
Rivière,Timothée,Teixeira,thibault50@example.org,0411603136
Navarro,Lucy,GayBourg,adriennecharrier@example.org,+33 (0)3 62 87 58 43
Gomez,Margaud,Sainte Jérômedan,thibaultbonneau@example.com,+33 4 44 10 95 86
Duval,Gérard,Paul,manonroux@example.org,0272903771
Aubry,Thibault,Delahayedan,celine33@example.net,+33 (0)1 76 43 93 39
Arnaud,Isaac,Maillot,bouvierlorraine@example.net,05 56 83 40 73
Lebrun,Clémence,Delorme,benjamintecher@example.org,+33 (0)3 25 49 24 22
Le Gall,Olivier,PotierVille,diane02@example.net,+33 2 44 62 08 68
Chrétien,Emmanuelle,Martin-les-Bains,icouturier@example.com,01 46 86 31 35
Lefebvre,Célina,Gautiernec,williamgomes@example.net,+33 4 92 88 20 04
David,Catherine,Daniel-les-Bains,tbecker@example.com,01 40 28 76 25
Godard,Stéphanie,Lefèvre,neveubenoit@example.com,+33 2 32 10 40 63
Briand,Monique,Sainte Corinne,mathilderey@example.com,+33 (0)5 67 54 62 27
Leleu,Thérèse,Lefebvre,madeleine39@example.com,0276728051
Muller,André,Renard-la-Forêt,sabinelegros@example.org,05 57 82 48 79
Menard,Franck,Sainte Éric-les-Bains,juliette23@example.org,+33 4 76 16 30 45
Perez,Marie,Alexandre,lucriou@example.net,0637211839
Collin,Nathalie,Saint Jérôme,mathieuandre@example.com,+33 (0)3 70 72 34 95
Courtois,David,Lebrun,glejeune@example.org,08 07 97 70 52
Boucher,Pénélope,Aubry-la-Forêt,aimee40@example.net,02 78 95 72 39
Marie,Adrienne,Delmas,noemi19@example.net,+33 5 45 09 00 64
Garcia,Yves,Bessonboeuf,henride-sousa@example.net,+33 (0)4 43 03 95 77
Benard,Catherine,Lefort,emonnier@example.net,04 71 05 89 59
Marin,Marianne,BernardBourg,evrardmonique@example.net,+33 2 34 10 78 90
Loiseau,Guillaume,Saint EmmanuelVille,patrickcordier@example.org,+33 1 40 22 54 74
Chauveau,Hugues,Mace,schmittcorinne@example.com,0631255628
Leconte,Dominique,Pichon,margaud55@example.org,01 56 13 84 93
Mallet,Alain,Bègue,delaunayjacqueline@example.net,+33 (0)2 46 09 80 97
Couturier,Patrick,Chrétien,gregoirepauline@example.net,+33 (0)4 23 80 54 77
Grégoire,Aimée,Saint FrédéricVille,nicolelecomte@example.net,+33 (0)6 31 31 87 39
Aubert,Claude,Sainte Océane,kclerc@example.net,04 23 29 49 97
Gauthier,René,Dupré-sur-Mer,brunetfrederique@example.org,0473127274
Richard,Élisabeth,Delannoy,sabine52@example.com,+33 2 37 53 75 20
Maréchal,Julien,Baron,xcarre@example.net,+33 (0)1 55 80 83 82
Diaz,Thibaut,Renault,delormealix@example.net,02 38 33 91 17
Da Silva,Vincent,Saint William,lacombeandre@example.com,06 33 54 02 78
Paris,Bertrand,Bernard,inesimbert@example.org,0384625050
Leroux,Jules,Andre,cpires@example.net,0360181034
Guillet,Lorraine,Poirier,hchevalier@example.org,0633927937
Barre,Auguste,Ramosdan,amelieguyon@example.org,+33 2 22 82 28 66
Masson,Hortense,Lopes,aureliedevaux@example.net,+33 2 36 19 21 97
Fournier,Odette,Bretondan,rthierry@example.net,+33 (0)4 93 71 88 98
Gomez,Emmanuel,BriandBourg,macesimone@example.net,+33 3 44 60 71 00
Lévy,Hélène,Léger,emmanuel69@example.com,0354410284
Pierre,Emmanuel,Chauveau-sur-Mer,buissonjacqueline@example.com,0230712904
Guichard,Laetitia,Lemoine,bernadette54@example.com,+33 3 59 60 18 33
Masson,David,Andre-les-Bains,genevievemoreno@example.net,+33 3 80 34 96 80
Techer,Noël,Besnard,thibaultclaudine@example.net,+33 (0)5 31 48 21 04
Carpentier,Robert,Leleu,hthierry@example.org,+33 5 36 51 76 24
Boucher,Bertrand,SchmittVille,isabellejacquet@example.com,05 81 43 27 16
Gay,Constance,Sainte Dorothée-la-Forêt,antoineluc@example.com,04 13 06 02 62
Mary,Roger,Sainte Emmanuelnec,madeleine30@example.net,+33 6 65 18 30 28
Guérin,Véronique,Besnarddan,vincent37@example.com,0420412460
Fouquet,Marthe,Camus,mullersophie@example.com,0149493158
Verdier,Emmanuel,Raynaud,rgermain@example.com,+33 (0)4 91 82 74 25
Moulin,Paulette,Giraud,guilloucecile@example.net,+33 4 74 65 68 83
Garcia,Anouk,Sainte DavidVille,clemence06@example.org,+33 1 30 54 35 88
Colin,Thibaut,SauvageBourg,pierreguilbert@example.com,0413188307
Pottier,Inès,Colin,oceane93@example.org,0169819084
Benoit,Frédérique,Lemonnierdan,lpascal@example.org,03 84 67 40 90
Perrot,Emmanuel,Saint Jeanninedan,patriciagomez@example.org,+33 5 32 51 43 57
Sanchez,Caroline,Aubry,bretonchristiane@example.com,+33 (0)5 31 03 16 34
Perrot,Guillaume,Paris,nberger@example.net,+33 2 41 71 56 98
Jacquot,Renée,Cohen-la-Forêt,omeunier@example.net,0139467265
Charrier,Joséphine,LangloisVille,theodorepruvost@example.org,+33 (0)2 36 70 79 87
François,Clémence,Étienne,milletclaudine@example.com,01 80 34 01 25
Duval,Lucy,Blanchet,wagnerconstance@example.org,+33 1 48 90 45 72
David,Nath,Pasquier,larochehenriette@example.net,03 58 81 58 72
Guillon,Élodie,Charles,emmanuelblondel@example.net,+33 (0)4 32 60 77 12
Andre,Sébastien,Berthelotnec,marcperret@example.com,04 88 46 53 72
Bigot,Luce,Riou,margotdelmas@example.com,0467095139
Lecoq,Éléonore,Colin,patrickbodin@example.org,0747646698
Guichard,Élodie,Guibert-sur-Mer,noemilefort@example.net,+33 1 46 95 47 79
Joubert,Astrid,Sainte Alix,ulefebvre@example.com,+33 (0)5 86 02 45 05
Riou,Alix,Sainte Adèle,qpetit@example.org,0358415104
Legros,Patrick,FoucherBourg,cfoucher@example.org,+33 (0)2 36 89 69 78
Monnier,Émile,Gomes,leonblanchard@example.org,03 54 62 19 79
Fernandes,Nath,Saint Tristanboeuf,suzannearnaud@example.net,02 18 81 51 81
Perret,Édith,BessonBourg,alfredsimon@example.org,+33 (0)3 87 23 23 90
Besson,Capucine,Saint Thibaut-sur-Mer,crey@example.net,+33 (0)2 49 95 99 93
Voisin,Claudine,Dumont,claudine33@example.net,03 57 15 10 57
Peltier,Juliette,Fouquet-les-Bains,isaac95@example.com,+33 4 63 41 73 37
Bouchet,Alexandria,Menard,emile16@example.com,+33 (0)1 58 11 09 62
Legendre,Nicole,Sainte Joseph,perrotisaac@example.com,+33 1 80 08 54 82
Charpentier,Martine,Saint Véronique,mariongilles@example.org,0486083267
Laine,Claire,Sainte Robert,rdescamps@example.org,03 90 22 27 84
Gallet,Adrien,François,juleswagner@example.net,+33 6 99 94 54 58
Nicolas,Antoinette,Saint Geneviève,nathalie06@example.org,+33 (0)1 42 49 08 25
Fleury,Cécile,Sainte Guy,buissondominique@example.net,0145330429
Hardy,Laurent,Lacroix-sur-Rocher,lguillou@example.org,03 26 58 65 08
Muller,Alice,Courtois-les-Bains,vbouvier@example.org,0426315115
Voisin,Zacharie,Dias,georgeshardy@example.org,+33 (0)1 64 33 40 26
Devaux,Olivie,Ollivier-sur-Raynaud,pcollet@example.org,+33 (0)4 94 96 80 01
Ferreira,Valérie,Breton-sur-Renaud,pruvostsylvie@example.com,+33 (0)3 56 50 26 17
Nicolas,Margaud,RiouVille,thomaspaulette@example.net,+33 3 65 44 49 55
Delahaye,Adrien,Bourgeois,imarie@example.com,0443549926
Laroche,Suzanne,Saint VictorBourg,chantalbarre@example.org,+33 6 34 82 01 33
Blot,Olivie,Da Silva,malletpaul@example.net,+33 5 87 73 66 27
Gomez,Franck,Gallet-sur-Blondel,renee15@example.com,0555347302
Ribeiro,Sabine,Marchal-les-Bains,noel95@example.net,+33 1 45 24 33 81
Deschamps,Adrienne,Robert-sur-Mer,augustin50@example.com,+33 4 95 66 52 60
Gillet,Alexandria,Pasquiernec,olivierauguste@example.com,0183958533
Turpin,Caroline,Sainte Henri-la-Forêt,remymargaud@example.org,+33 (0)5 47 89 99 16
Camus,Patricia,Hoareau-sur-Blondel,pascalmargaux@example.net,+33 (0)4 13 88 91 22
Lefebvre,Susan,Fernandes,menardlorraine@example.net,06 37 59 93 62
Vidal,Jules,Leblanc,claudine41@example.org,03 81 50 18 00
Poirier,Marianne,Sauvageboeuf,colette33@example.net,0231054422
Gimenez,Christine,Legendre,delahayematthieu@example.net,+33 1 81 27 35 44
Fernandes,Maurice,Georgesboeuf,clairevincent@example.org,0423288211
Mendès,Manon,Saint Noël,jacques00@example.org,0177874112
Leclercq,Étienne,Le Gall,stephaniemuller@example.org,+33 (0)5 17 55 78 12
Bouvet,Inès,Saint Édouard,adrienneleclerc@example.com,0222861776
Chauveau,Véronique,Tanguy-la-Forêt,jnoel@example.net,+33 4 34 93 56 34
Roussel,Catherine,Bertin,adelaidefaivre@example.org,03 76 81 32 62
Martel,Agathe,Brun,nnoel@example.com,+33 (0)3 79 92 62 93
Fleury,Roland,Joubert,sauger@example.org,02 99 72 07 81
Hebert,Benjamin,Sainte PhilippineBourg,bouchetpauline@example.com,05 57 39 15 84
Gérard,Margot,Bousquet,pthierry@example.org,0536935690
Guyon,Valentine,Leclercqboeuf,avalette@example.com,0443494108
De Oliveira,Émilie,Sainte MarcelleVille,alexandriasauvage@example.org,02 90 48 21 92
Hardy,Simone,Fontaine,laurencedavid@example.org,02 49 90 54 96
Michel,Olivie,Guyotnec,zgautier@example.net,+33 4 90 28 84 11
Moulin,Noémi,Le Gall,jeannepetit@example.com,02 23 40 50 47
Caron,Honoré,Maury,olivierregnier@example.net,0606027805
Moulin,Jeanne,Sainte JeannineVille,sanchezrobert@example.org,+33 (0)2 52 30 46 00
Pruvost,Luce,Peltier,sabineramos@example.com,06 82 46 72 42
Barbier,Brigitte,Perret,qsamson@example.org,04 13 23 85 95
Lemoine,Honoré,Raymond,andree05@example.org,+33 4 66 17 42 42
Martineau,Nathalie,Masse-sur-Diaz,nathaliephilippe@example.com,+33 (0)4 20 69 84 92
Vallet,Henri,Denis,maryse45@example.com,0382512686
Brunel,Margot,Rolland,cbodin@example.net,0547359815
Potier,Valentine,Martydan,zoebodin@example.com,+33 5 53 70 85 00
Samson,Grégoire,Fernandezdan,astridclement@example.org,+33 6 35 38 83 96
Pasquier,Laurence,Blanchard,camille73@example.com,+33 6 32 17 83 40
Faivre,Émilie,Girard,thibaut94@example.org,+33 (0)3 90 48 16 07
Dijoux,Nicolas,Roux,fthibault@example.com,06 40 62 80 50
Pichon,Michelle,Jacquet-sur-Mer,benoitcoste@example.net,+33 (0)4 57 89 10 45
Andre,Timothée,Peltier,lucie97@example.org,+33 (0)3 90 61 50 28
Pruvost,Christophe,LecoqVille,edithdijoux@example.com,+33 (0)2 52 00 96 97
Bigot,Gabrielle,Sainte Françoisdan,noemihebert@example.org,+33 (0)1 72 01 07 43
Adam,Lorraine,Lemonnier,blejeune@example.net,+33 (0)1 88 19 84 78
Perez,Jeanne,Alves-les-Bains,antoinetteberthelot@example.org,06 38 88 89 92
Normand,Célina,Guillouboeuf,ppierre@example.net,0450599043
Meyer,Célina,Georges-les-Bains,imoulin@example.com,06 43 67 96 75
Andre,Adèle,Bonneau,charlottelamy@example.net,05 35 00 09 33
Delaunay,Anaïs,Da Costa,elisabeth67@example.org,+33 (0)2 99 86 92 86
Meyer,Gilbert,Sainte Christelle,raymond26@example.org,0222693703
Fernandez,Émile,Auger-les-Bains,robertdupuis@example.net,0262314629
Lévy,Antoine,Saint Victor-la-Forêt,lerouxisabelle@example.com,+33 (0)1 80 25 16 63
Rousseau,Victoire,Ferrandboeuf,denise03@example.org,01 41 31 61 48
Fischer,Julie,Legendredan,jeandaniel@example.org,0179422611
Tanguy,Victor,Sainte Jeanne-la-Forêt,legersylvie@example.org,+33 1 30 34 43 60
Labbé,Denis,Lopesnec,henriettepereira@example.org,0679477374
Bonneau,Henri,Parentdan,williamnavarro@example.net,0170653882
Lejeune,Élise,RocheBourg,lauremorel@example.net,+33 (0)4 81 79 35 30
Ollivier,Xavier,Sainte Alix,fbernier@example.com,+33 3 87 13 64 06
Langlois,Philippe,Cohen,zlegrand@example.net,0442132648
Bonneau,Maggie,Ramos,luc45@example.org,03 10 83 66 69
Daniel,Patrick,GuyonVille,capucinethibault@example.net,02 77 26 30 14
Morin,Laurent,Laurent-sur-Gimenez,stephaniepetit@example.org,04 11 40 36 71
Benard,Robert,AubryVille,marinebrunel@example.net,0474476942
Ollivier,Margot,Vallée-la-Forêt,lainepauline@example.org,+33 4 20 95 02 09
Berger,Étienne,Sainte Claude,wde-oliveira@example.net,0322323431
Da Costa,Bertrand,Chauvet,rodriguescapucine@example.org,+33 (0)3 45 34 79 50
Peltier,Guillaume,Sainte Jacqueline-la-Forêt,gdeschamps@example.org,04 50 86 76 03
Lombard,Nathalie,Saint Adélaïde-la-Forêt,virginieberger@example.org,+33 1 60 97 11 43
Clerc,Arthur,PetitVille,maurice72@example.org,0238310705
Lopes,Robert,Didier-sur-Durand,gerard07@example.com,+33 5 65 67 32 23
Mary,Antoinette,Roux,leroytristan@example.net,02 31 44 43 19
Guérin,Édouard,Pasquier-la-Forêt,francois50@example.com,+33 (0)5 59 17 50 78
Weber,Auguste,Grégoire-sur-Mer,hamelamelie@example.org,+33 (0)2 85 62 99 89
Rivière,Michelle,Boulay,qbaron@example.com,0368252175
Rivière,Antoine,Hamon,margueritecoste@example.net,0139085483
Bodin,Suzanne,Sainte Yvesnec,gperrier@example.net,03 44 76 37 61
Paul,Luce,Ramos,humbertetienne@example.org,0389602243
Dupuis,Constance,Bonneau,charles44@example.com,+33 (0)2 49 32 41 07
Étienne,Augustin,Sainte Clémence,barredorothee@example.org,0422345496
Louis,Aurore,Saint Yvesboeuf,antoinette70@example.org,+33 6 57 96 77 80
Gomes,Honoré,ParisVille,gdubois@example.com,0320325897
Pereira,Alfred,Bonnet,roussetbenjamin@example.net,02 85 60 39 38
Pinto,Aimée,Wagnerdan,samsondiane@example.com,01 53 94 96 70
Moulin,Aimé,Pons-sur-Valentin,amaillet@example.net,+33 (0)6 89 57 48 20
Benoit,Alphonse,Michelnec,alexandrielamy@example.net,0489492793
Diallo,Monique,Regnier,richardauger@example.org,04 26 83 27 48
Lopez,Marc,Barbenec,lucasmace@example.com,+33 (0)5 90 96 12 19
Dumas,Émilie,HoareauBourg,zchartier@example.com,+33 7 46 29 23 31
Legendre,Chantal,Boucher,bferreira@example.org,+33 (0)1 34 65 87 19
Carpentier,Mathilde,Pineau,le-goffaime@example.com,04 43 21 59 42
Lévêque,Nicolas,Lebreton,jeannine83@example.net,0155919768
Riou,Camille,Godard,costeaimee@example.com,+33 3 23 25 84 66
Toussaint,Hélène,Meyer,dgomez@example.org,03 69 84 19 96
Hamel,Sophie,Hebert,denis40@example.net,+33 (0)4 75 36 94 35
Legrand,Antoine,Lévy-sur-Adam,picardsuzanne@example.org,04 93 10 97 05
Garcia,Thérèse,Reynaudboeuf,dos-santosgilles@example.net,+33 (0)2 43 01 12 85
Gros,Christiane,Carre,valerie94@example.org,+33 4 83 54 18 02
Rolland,Isabelle,Raymond,leroynoel@example.net,+33 (0)1 75 38 37 01
Grondin,Denise,Huet,hugues95@example.net,+33 4 66 98 38 24
Andre,Marc,Baudryboeuf,samsonhonore@example.net,0320498952
Blondel,Tristan,Fleurynec,marieveronique@example.org,05 40 06 87 56
Clément,Victoire,Reynaud,sboyer@example.org,+33 3 69 42 83 42
Ferreira,René,Gros,fcosta@example.org,0473073331
Bonnet,Rémy,Breton,danielleguillet@example.com,0368765756
Bruneau,Zoé,Blanc-sur-Normand,isabelle84@example.com,03 75 80 26 51
Jacob,Franck,Caron,gvalette@example.net,+33 4 86 09 12 95
Masson,Agathe,Sainte Christophe,sebastienguillaume@example.net,0358414555
Weiss,Marianne,Bourdonnec,richardmargaret@example.org,0420453478
Gautier,Alexandrie,Rodrigues-sur-Denis,charlesbouchet@example.org,0534964941
Blanchard,Étienne,Salmon-sur-Mer,emmanuelle25@example.com,+33 (0)2 30 11 14 38
Klein,Yves,VincentVille,vasseurchristophe@example.net,02 44 47 85 72
Lefebvre,Julien,Ferrand-sur-David,bbarre@example.org,01 56 37 86 05
Ollivier,Roger,Coulon,charlesguilbert@example.org,+33 2 23 44 45 53
Bonnin,Christiane,Sainte Marc,reypatricia@example.com,+33 1 60 24 88 92
Seguin,Sophie,Huet-sur-Couturier,gillescarlier@example.com,02 58 81 38 49
Boucher,Antoine,Bouvet,alexandrie14@example.com,0324978239
Bertrand,Charlotte,Millet,olivierocher@example.net,02 41 66 95 35
Gay,Lucie,Berthelot,vmace@example.net,+33 5 62 70 31 12
Leroux,Cécile,Toussaint-les-Bains,brunjosette@example.org,04 99 95 25 69
Ferreira,Élise,Potier,clemence04@example.com,04 82 78 66 92
Brun,Christine,Imbertnec,julienroy@example.org,+33 1 42 99 62 94
Diallo,Sabine,Lemoine,oceane63@example.net,+33 2 58 16 37 25
Perrier,Arthur,Allainnec,nathalieaubert@example.net,0540370741
Hervé,Célina,Roussel,jeromelopes@example.net,+33 4 68 40 40 02
Brunel,Henri,Barre,antoine96@example.net,+33 (0)7 93 23 83 44
Julien,Frédérique,Imbert,hortensetessier@example.org,+33 1 42 31 53 81
Brunet,Christophe,Dupuis,laurent95@example.org,0339754895
De Oliveira,Bernard,Noëldan,josephmargaret@example.net,+33 (0)7 84 56 54 76
Bailly,Daniel,Neveuboeuf,grossi@example.net,0499892965
Da Costa,Patrick,Vallée-sur-Gomez,camillemartin@example.org,05 17 70 16 15
Lévy,Dorothée,Sainte Louis-les-Bains,madeleine03@example.com,03 65 62 03 23
Lefèvre,Corinne,Colin-la-Forêt,ulagarde@example.com,+33 (0)5 40 54 06 92
Garcia,Laurent,Courtois,antoine16@example.com,+33 (0)2 36 88 12 34
Jacques,René,Bonninnec,christopheda-costa@example.org,05 55 88 71 83
Breton,Thérèse,Collet,susanne47@example.org,04 56 27 00 92
Bonneau,Nicolas,Chauvet,zdavid@example.org,+33 (0)7 70 68 42 14
Lacroix,Jules,GuilbertBourg,manonmaury@example.com,05 33 62 97 26
Gaillard,Monique,BerthelotVille,fgomes@example.org,07 69 49 18 81
Arnaud,Guy,MartinBourg,menardcharlotte@example.org,0232486460
Raynaud,Eugène,Sainte Émile,iledoux@example.org,+33 2 56 30 13 46
Berger,Honoré,Launay,xgirard@example.net,+33 (0)3 81 88 71 07
Perrier,Christelle,Renault-sur-Rivière,zdupre@example.org,05 56 52 08 45
Bouvier,Colette,Pinto,ferreiravalentine@example.net,05 62 06 38 23
Jacques,Brigitte,Rodriguez,martineleroux@example.net,02 99 30 44 52
Le Goff,Pierre,Lefort-sur-Blin,alainfouquet@example.net,+33 3 79 06 97 05
De Sousa,Denise,De Sousa,gabrielleferreira@example.net,0665448514
Legros,Bernard,Louisboeuf,luc60@example.com,05 24 00 59 91
Carpentier,Margot,Sainte Geneviève,nathalie95@example.net,0221716801
Rivière,Paulette,Hebert,zgomez@example.com,0145242663
Perret,Margaux,Samson,vchevalier@example.org,+33 2 31 80 45 23
Roy,Laure,Morindan,dribeiro@example.org,+33 (0)3 71 19 69 32
Bouvier,Victoire,MunozVille,susan33@example.net,+33 5 16 81 80 50
Vallée,Alexandre,Saint MoniqueVille,guyotagathe@example.net,+33 2 35 24 10 38
Techer,Luce,Sainte Matthieu,andre87@example.org,+33 (0)3 24 02 15 38
Lenoir,Dominique,Mary,rogeragnes@example.net,0638114130
Germain,Isabelle,Moulin-sur-Jacquet,imbertpauline@example.com,+33 (0)3 85 20 77 37
Fischer,Rémy,Sainte Constance,meyerrichard@example.com,0422077888
Pereira,Olivie,Traoredan,wdaniel@example.net,+33 2 79 05 62 84
Camus,William,Guillaumedan,mbodin@example.com,+33 (0)1 83 02 25 44
Guillou,Sophie,Martinez,laurent90@example.com,+33 7 82 99 35 80
Guichard,Claudine,Brunet,adrien06@example.net,0581631271
Leconte,Antoinette,Saint GrégoireVille,julesmillet@example.org,0146861096
Launay,Thierry,Saint Martin-les-Bains,mauricecordier@example.com,+33 6 00 10 88 81
Lefort,Margot,Lerouxdan,manon17@example.org,0327225691
Schmitt,Théophile,Boucher,sebastien48@example.org,0750590716
Guérin,Françoise,Bègue,pmichel@example.net,04 43 25 26 77
Berthelot,Laurence,Mauriceboeuf,colette80@example.org,0586849490
Jacob,Jérôme,Saint Benjamin,mvalentin@example.com,01 44 32 42 01
Marchand,Laurent,Robert-sur-Rey,nicolevasseur@example.com,+33 (0)6 33 82 23 68
Arnaud,Arthur,RivièreBourg,catherineparent@example.net,05 47 50 85 20
Normand,Bernadette,Sainte David,aboulay@example.net,0432061496
Henry,Michèle,Peron,timotheebesnard@example.com,+33 (0)1 60 79 40 07
Antoine,Henriette,Merle,vincent24@example.net,+33 (0)1 74 41 86 00
Louis,Tristan,Saint Vincentnec,augustin68@example.net,03 72 51 38 53
Masson,Emmanuel,Sainte Maggie,qjacquot@example.net,+33 (0)2 49 44 01 55
Besnard,Lucas,Lévy,antoineboutin@example.net,+33 (0)2 99 98 28 04
Delmas,Valentine,Muller,antoinechantal@example.org,+33 4 98 79 13 39
Hamon,Marthe,Baudry-la-Forêt,juliedos-santos@example.com,02 22 58 17 80
Perrier,Audrey,Saint Jacqueline,fchauvin@example.org,+33 (0)6 18 84 74 99
Dos Santos,Brigitte,Hubert-sur-Bazin,maurynathalie@example.org,+33 5 62 28 40 59
Normand,Noël,Schneider,obreton@example.org,+33 4 97 05 58 21
Fournier,Henriette,Saint Cécile,ulacroix@example.com,0482633724
Ferrand,Maurice,Rivière,catherinehamon@example.net,+33 4 67 03 99 89
Perrin,Anne,Gillet-les-Bains,luce93@example.net,+33 (0)5 24 50 99 62
Deschamps,Lucas,Saint Joseph,chantal84@example.org,01 83 50 89 62
Pascal,Zacharie,Hoarau-sur-Michel,laetitia10@example.org,+33 (0)2 29 95 92 20
Vallet,Claudine,Buisson,hmarchand@example.org,05 81 05 02 91
Weiss,Adélaïde,Sainte Susanboeuf,caronalfred@example.com,0498350559
Klein,Théophile,Klein,rochemargaret@example.com,+33 2 37 18 70 38
Perrin,Martine,Marty,alexandre77@example.org,+33 (0)1 46 53 85 44
François,Thierry,Marchand-la-Forêt,noemileblanc@example.net,0475715755
Poirier,Patricia,Colas-sur-Delannoy,victoireriviere@example.org,0269594535
Klein,Marine,GirardVille,gcosta@example.net,05 86 37 42 94
Pinto,Océane,Roussel-la-Forêt,berniergeorges@example.net,+33 1 70 09 66 04
Lemaître,Josette,Labbénec,pfischer@example.net,0326924166
Durand,Aurore,Saint Adèleboeuf,marine25@example.net,0372257250
Albert,Grégoire,Benoit,ecoulon@example.com,0321852971
Nicolas,Paul,Lelièvre,ablot@example.com,+33 (0)6 34 95 59 58
Blot,Émilie,Mullerdan,colaspierre@example.org,03 58 62 18 73
Gosselin,Maurice,Saint Amélie,eguillon@example.net,+33 3 66 14 51 26
Gilles,Stéphanie,Wagner-sur-Marin,bruneaumichelle@example.org,04 77 69 44 48
Aubry,Benoît,Carre-sur-Paris,qboulanger@example.net,03 25 16 88 87
Hamon,Charlotte,Traore-sur-Collet,audrey95@example.org,+33 (0)5 63 32 12 82
Bonnin,Jérôme,Marques,clementroger@example.org,04 74 36 73 22
Antoine,Émilie,Sainte Joseph-les-Bains,julienjacob@example.com,02 18 13 74 06
Charles,Catherine,LaurentVille,nprevost@example.com,05 82 54 95 01
Benoit,Jean,Sainte Sylvie-la-Forêt,kchevallier@example.org,+33 2 53 27 01 83
Nguyen,Zacharie,Pineau,poulainmaurice@example.com,0241050560
Allard,Élise,Saint Emmanuel,deniseleclerc@example.com,0353653111
De Sousa,Roland,Pereiradan,dgoncalves@example.org,04 88 51 06 55
Gilles,Michelle,Millet,gilles36@example.com,0444369511
Grégoire,Diane,Bruneau-sur-Laine,masseremy@example.org,04 43 52 63 60
Dupont,Marcelle,Sainte Renénec,dlaunay@example.com,+33 2 22 83 45 17
Bonneau,Camille,Pages,robertjourdan@example.net,05 67 11 44 79
Texier,Jacques,Sainte Adèle-sur-Mer,elise51@example.com,0223025293
Lopes,Édith,Nicolas-sur-Mer,cpetit@example.org,+33 2 78 63 19 97
Vallet,Isaac,Richard-sur-Weiss,adriennelesage@example.com,0249109682
Turpin,Nicolas,Robin,marie77@example.org,+33 (0)2 97 64 94 28
Mathieu,Alexandre,Faure,alfredleleu@example.org,05 96 04 05 27
Lelièvre,Bernadette,Tanguy-sur-Mer,bernard11@example.org,04 43 33 64 84
Gilles,Matthieu,CousinVille,louise59@example.net,+33 (0)5 82 12 65 96
Poirier,Denise,Bernier,vincent89@example.com,+33 (0)4 80 25 28 20
Foucher,Adélaïde,Cordier,plecoq@example.org,02 46 51 44 52
Joubert,Eugène,Klein,adriennegodard@example.org,+33 (0)6 98 64 75 17
Martin,Hugues,BonnetVille,lebonelisabeth@example.net,0237785798
Pasquier,Isaac,Lemonnier,qguerin@example.com,+33 1 48 73 25 14
Lebreton,Noël,Guérin,honore50@example.org,0373926247
Bodin,André,Camus,mauricepires@example.net,+33 (0)3 82 17 30 65
Meunier,Patricia,Chauveau,virginie66@example.com,+33 (0)3 53 08 87 17
Colas,Olivier,Sainte Claire,eugenechauvet@example.net,+33 (0)1 78 56 42 45
Olivier,Valérie,Germain,raymondlucie@example.org,+33 (0)4 77 60 50 88
Dupuy,Jean,Legrand,arnaude20@example.net,+33 (0)3 75 03 05 61
Lévêque,Claire,Étienne-sur-Fabre,gerardgomez@example.net,0388195067
Ferreira,Amélie,RamosVille,aimeeda-costa@example.org,+33 2 77 94 24 03
Samson,Auguste,Lemoinenec,andre04@example.org,0484960837
Pons,Paul,Dumas-sur-Goncalves,kbenard@example.org,+33 3 23 93 01 27
Rossi,Louis,Sainte PhilippineVille,wledoux@example.net,+33 (0)6 66 03 30 59
Garnier,Pauline,Martinez-sur-Mer,clemence27@example.com,02 19 47 08 09
Lacroix,Jacques,Jacob,ole-roux@example.net,0148576695
Besnard,Caroline,Lagardedan,thibault62@example.org,0252593031
Bernard,Julie,Sainte Renée,caroline54@example.org,+33 (0)2 38 92 73 99
Giraud,Astrid,David-sur-Laporte,bernardthomas@example.net,+33 (0)7 65 41 54 34
Julien,Jeanne,Jacob-sur-Lucas,claude53@example.org,03 55 86 65 74
Maillot,Odette,Simon,odette46@example.net,04 26 08 47 23
Rémy,Denis,BouchetBourg,margaretauger@example.net,+33 (0)5 45 58 48 01
Morvan,Manon,Saint TimothéeBourg,guyvallee@example.net,04 83 89 05 12
Peron,Margaux,MorvanBourg,lucy62@example.com,+33 2 49 46 61 20
Lefèvre,Margot,Renard-sur-Legrand,lorrainetessier@example.com,0233933061
Jean,Luc,Robert-sur-Lejeune,cecilehuet@example.org,0299734199
Léger,Nicole,Blancharddan,claudegrondin@example.net,+33 (0)5 17 20 03 70
Charles,Jeanne,Bouchet,etiennepayet@example.com,07 57 08 51 41
Pereira,Arnaude,Le Roux,gregoiremillet@example.org,+33 2 52 26 09 25
Hamon,Susanne,Saint André,ztorres@example.org,03 68 00 09 25
Traore,Richard,Valette-les-Bains,clauderuiz@example.com,0437171449
Laine,Joseph,Courtois,kcosta@example.org,0581940763
Michel,Inès,Rodrigues,etiennehonore@example.org,+33 (0)6 31 12 87 62
Petit,Henri,Rousseau-sur-Mer,andree34@example.net,+33 (0)4 57 16 90 64
Jacob,Pénélope,Chauvin,pbaron@example.org,02 38 31 73 24
Chevallier,Michelle,Saint Eugène,richard76@example.net,+33 (0)2 57 63 99 38
Marchal,Patrick,Paris,luc89@example.net,+33 4 57 71 93 90
Lebrun,Patrick,Hernandezboeuf,vgermain@example.com,+33 5 34 50 04 01
Blin,Alexandria,Laporte,claudebenard@example.org,+33 (0)5 81 16 81 97
Roche,Nathalie,Paulboeuf,celina24@example.com,0223477295
Boulanger,Alice,Saint Georges,benoit82@example.org,03 60 22 30 97
Dias,Maryse,Barre,marcel11@example.net,02 46 06 51 28
Bonnet,Zoé,DuhamelBourg,martinezlucas@example.net,+33 3 20 70 33 83
