nom_projet,date_debut,date_fin,statut,note_satisfaction
Projet_quand_167,2015-10-11,2033-01-24,Terminé,
Projet_presser_242,2024-05-18,2025-12-15,En cours,
Projet_réel_57,2020-12-21,2027-10-13,En cours,
Projet_imposer_310,2020-11-15,2028-11-06,Terminé,
Projet_hiver_242,2020-05-19,2025-10-09,En cours,
Projet_nord_222,2023-12-18,2031-11-28,Terminé,
Projet_tout_457,2023-10-21,2027-04-21,En cours,
Projet_sentir_354,2017-03-29,2028-09-18,En cours,
Projet_calme_202,2019-01-07,2032-06-20,En cours,
Projet_tête_136,2019-04-29,2034-09-10,En cours,
Projet_changement_317,2017-01-31,2032-09-15,En cours,
Projet_feu_193,2017-08-17,2027-03-02,Terminé,
Projet_choix_131,2017-07-02,2026-05-12,Terminé,
Projet_noir_438,2021-05-19,2027-08-27,En cours,
Projet_bas_444,2023-10-01,2034-01-09,Terminé,
Projet_donc_347,2022-03-14,2027-03-30,En cours,
Projet_foule_426,2023-03-07,2028-03-12,Terminé,
Projet_ministre_8,2016-08-30,2029-07-01,En cours,
Projet_croiser_136,2021-05-12,2026-12-17,En cours,
Projet_jeune_246,2019-07-19,2027-09-09,Terminé,
Projet_vers_300,2022-10-04,2031-07-06,En cours,
Projet_contre_422,2021-01-25,2035-01-09,En cours,
Projet_semaine_302,2016-09-24,2031-01-15,En cours,
Projet_nouveau_52,2016-03-17,2025-10-08,En cours,
Projet_religion_227,2025-02-28,2032-07-15,En cours,
Projet_plaindre_127,2024-03-16,2029-06-13,Terminé,
Projet_tout_49,2016-10-06,2026-09-28,En cours,
Projet_tu_392,2022-10-13,2031-09-23,En cours,
Projet_moins_75,2023-05-23,2025-07-10,En cours,
Projet_sauver_252,2024-08-29,2031-12-18,Terminé,
Projet_delà_247,2023-04-18,2025-12-05,Terminé,
Projet_dégager_233,2019-10-06,2028-01-21,Terminé,
Projet_espèce_223,2022-04-18,2030-08-20,Terminé,
Projet_famille_194,2020-10-30,2031-07-15,Terminé,
Projet_reculer_301,2018-03-17,2027-07-11,Terminé,
Projet_éternel_37,2016-06-06,2029-02-23,En cours,
Projet_manquer_485,2021-10-09,2029-12-12,En cours,
Projet_lors_101,2022-12-16,2029-12-28,En cours,
Projet_lendemain_4,2015-06-25,2034-08-30,En cours,
Projet_peau_20,2019-07-18,2033-03-21,Terminé,
Projet_coin_202,2017-03-23,2035-03-16,En cours,
Projet_sembler_265,2021-10-14,2030-01-26,Terminé,
Projet_établir_483,2019-05-16,2034-05-17,Terminé,
Projet_bas_132,2017-11-06,2034-08-29,En cours,
Projet_lever_389,2019-12-07,2028-01-10,Terminé,
Projet_empire_135,2023-01-25,2033-04-02,Terminé,
Projet_regard_399,2019-01-15,2034-06-30,En cours,
Projet_courir_96,2022-02-26,2031-09-26,En cours,
Projet_écrire_281,2022-11-02,2029-05-18,Terminé,
Projet_je_329,2020-09-01,2031-10-20,En cours,
Projet_garçon_399,2021-02-25,2026-06-15,Terminé,
Projet_guère_362,2015-06-20,2029-04-02,En cours,
Projet_toit_410,2022-10-19,2028-10-18,Terminé,
Projet_mille_310,2021-02-19,2034-05-07,En cours,
Projet_direction_74,2020-01-30,2028-06-21,Terminé,
Projet_corps_144,2022-01-01,2032-07-11,En cours,
Projet_secours_56,2018-07-12,2032-09-06,En cours,
Projet_saint_403,2023-12-20,2027-01-23,Terminé,
Projet_soumettre_460,2015-10-28,2031-04-28,En cours,
Projet_gouvernement_314,2016-04-13,2029-10-25,Terminé,
Projet_plusieurs_60,2016-05-06,2035-05-11,En cours,
Projet_voyage_476,2017-12-12,2033-01-23,Terminé,
Projet_autour_401,2024-05-28,2030-08-09,Terminé,
Projet_sept_194,2023-11-04,2034-06-23,Terminé,
Projet_cerveau_34,2018-04-20,2032-01-08,Terminé,
Projet_juger_303,2017-01-29,2029-10-25,En cours,
Projet_reculer_325,2021-08-12,2028-11-15,Terminé,
Projet_plaisir_472,2016-11-27,2027-01-03,En cours,
Projet_dans_211,2022-12-08,2033-06-19,En cours,
Projet_demande_225,2023-06-07,2030-05-08,En cours,
Projet_violent_398,2021-01-28,2032-08-10,En cours,
Projet_fils_254,2016-01-05,2030-12-05,Terminé,
Projet_cacher_138,2022-01-27,2031-01-03,En cours,
Projet_raison_161,2021-06-20,2034-12-03,En cours,
Projet_conseil_36,2022-05-24,2031-09-04,Terminé,
Projet_minute_222,2018-09-20,2029-09-13,Terminé,
Projet_ainsi_147,2021-12-24,2025-07-18,En cours,
Projet_hasard_407,2021-02-12,2029-10-19,En cours,
Projet_dans_489,2022-04-29,2025-06-07,En cours,
Projet_centre_350,2018-06-20,2027-03-22,En cours,
Projet_relever_218,2021-11-11,2032-09-16,En cours,
Projet_caresser_90,2020-12-18,2030-06-25,En cours,
Projet_fête_281,2022-05-29,2033-02-11,En cours,
Projet_aucun_301,2019-11-28,2033-03-15,En cours,
Projet_même_179,2019-07-10,2031-12-21,En cours,
Projet_pauvre_381,2019-12-21,2034-09-14,Terminé,
Projet_détruire_465,2024-09-16,2029-12-11,Terminé,
Projet_véritable_79,2025-05-02,2033-07-15,Terminé,
Projet_sens_469,2023-01-23,2025-11-24,En cours,
Projet_prononcer_362,2018-09-10,2032-07-14,En cours,
Projet_oreille_42,2018-01-31,2032-03-01,Terminé,
Projet_pensée_273,2017-04-01,2028-05-27,En cours,
Projet_fin_274,2019-08-05,2034-02-15,En cours,
Projet_société_486,2017-02-14,2033-06-03,Terminé,
Projet_remarquer_310,2019-08-01,2034-12-24,Terminé,
Projet_lequel_65,2017-12-20,2027-07-31,Terminé,
Projet_personne_19,2024-12-21,2030-07-15,En cours,
Projet_devoir_177,2022-05-26,2032-11-23,En cours,
Projet_vivre_161,2019-06-29,2034-08-30,En cours,
Projet_bleu_77,2019-12-10,2026-07-21,En cours,
Projet_repas_416,2021-08-21,2030-08-05,En cours,
Projet_événement_168,2019-12-01,2032-09-08,En cours,
Projet_faveur_214,2017-02-12,2028-06-25,Terminé,
Projet_tenir_41,2020-01-05,2028-06-17,Terminé,
Projet_foule_394,2020-05-12,2034-03-25,Terminé,
Projet_oiseau_10,2020-01-17,2027-09-18,En cours,
Projet_passage_317,2024-07-30,2033-12-25,En cours,
Projet_patron_231,2021-05-24,2028-07-25,En cours,
Projet_assister_210,2020-07-06,2028-07-11,En cours,
Projet_sembler_39,2018-02-28,2030-11-29,En cours,
Projet_aile_30,2017-11-04,2031-10-14,En cours,
Projet_malade_314,2024-10-21,2028-04-24,Terminé,
Projet_du_219,2015-07-09,2030-02-27,En cours,
Projet_appuyer_408,2021-08-09,2028-05-28,En cours,
Projet_grâce_158,2021-07-14,2033-10-09,En cours,
Projet_souffrance_281,2021-01-16,2030-09-26,En cours,
Projet_selon_197,2018-10-03,2034-01-09,En cours,
Projet_journée_264,2023-01-11,2029-03-20,Terminé,
Projet_vite_109,2020-04-26,2032-12-27,En cours,
Projet_impossible_321,2019-03-23,2030-02-08,En cours,
Projet_présenter_113,2025-05-29,2028-01-12,En cours,
Projet_marier_392,2018-03-19,2027-09-28,Terminé,
Projet_cesser_46,2021-05-14,2026-11-21,En cours,
Projet_fils_464,2016-09-18,2031-05-24,En cours,
Projet_sommet_145,2021-09-17,2032-11-12,Terminé,
Projet_escalier_419,2015-10-18,2029-05-19,Terminé,
Projet_bataille_96,2019-11-02,2030-08-09,En cours,
Projet_cou_492,2017-01-04,2030-10-05,En cours,
Projet_charger_305,2020-08-25,2033-01-15,Terminé,
Projet_signifier_164,2023-03-13,2026-08-26,Terminé,
Projet_effort_105,2022-04-08,2031-03-17,Terminé,
Projet_sien_239,2019-01-26,2030-02-13,En cours,
Projet_air_29,2016-01-08,2031-07-10,En cours,
Projet_séparer_328,2018-10-22,2032-10-10,En cours,
Projet_peine_303,2018-12-08,2031-05-14,En cours,
Projet_douze_435,2019-06-10,2028-02-12,Terminé,
Projet_dame_330,2016-12-17,2027-01-28,En cours,
Projet_résister_352,2023-10-25,2029-11-26,En cours,
Projet_manier_186,2017-02-25,2027-12-14,Terminé,
Projet_réserver_2,2025-05-13,2033-01-19,En cours,
Projet_cinquante_262,2015-07-13,2028-10-31,Terminé,
Projet_lequel_41,2025-01-10,2033-10-02,En cours,
Projet_sueur_273,2019-05-30,2028-07-06,En cours,
Projet_double_106,2022-11-04,2027-05-05,En cours,
Projet_vide_104,2018-09-27,2025-07-02,Terminé,
Projet_content_248,2018-12-22,2027-12-07,En cours,
Projet_seconde_422,2024-01-11,2027-02-07,En cours,
Projet_souffrir_496,2020-12-23,2034-01-04,Terminé,
Projet_préparer_447,2017-12-22,2032-04-29,En cours,
Projet_moins_149,2021-09-19,2028-05-10,Terminé,
Projet_cesser_382,2016-04-03,2032-09-09,Terminé,
Projet_signe_24,2017-01-21,2026-04-08,En cours,
Projet_croiser_483,2022-10-04,2027-07-27,En cours,
Projet_cour_183,2020-01-13,2029-04-11,En cours,
Projet_comme_81,2020-09-08,2033-03-17,En cours,
Projet_cou_369,2023-11-23,2027-06-17,En cours,
Projet_souffler_470,2017-01-07,2026-08-01,Terminé,
Projet_avoir_107,2016-07-20,2027-10-31,En cours,
Projet_calme_215,2022-08-02,2030-11-17,Terminé,
Projet_vieux_414,2022-12-07,2030-10-28,En cours,
Projet_entier_351,2015-09-09,2031-01-26,Terminé,
Projet_précéder_364,2024-02-29,2026-08-21,Terminé,
Projet_chanter_482,2025-03-24,2030-05-29,Terminé,
Projet_durer_239,2022-11-17,2032-06-21,En cours,
Projet_cercle_112,2022-09-09,2026-01-25,En cours,
Projet_malheur_246,2022-11-28,2027-08-31,Terminé,
Projet_système_310,2021-01-18,2028-04-26,Terminé,
Projet_chiffre_115,2023-03-08,2027-04-25,En cours,
Projet_mettre_326,2017-06-18,2029-11-28,En cours,
Projet_nombreux_378,2016-02-01,2028-09-22,En cours,
Projet_amuser_196,2017-02-16,2033-05-01,En cours,
Projet_calmer_296,2020-01-01,2031-04-12,En cours,
Projet_armer_294,2015-08-25,2031-11-19,En cours,
Projet_poche_217,2019-08-29,2025-10-12,En cours,
Projet_second_126,2016-08-31,2031-02-24,Terminé,
Projet_classe_326,2020-07-09,2032-08-26,En cours,
Projet_inutile_5,2015-11-26,2035-03-12,Terminé,
Projet_parmi_99,2020-01-29,2032-04-12,Terminé,
Projet_douleur_192,2016-07-07,2035-01-07,En cours,
Projet_contre_217,2017-11-17,2031-12-30,Terminé,
Projet_mien_237,2025-04-15,2033-08-30,En cours,
Projet_soit_53,2023-10-04,2030-05-14,Terminé,
Projet_mieux_107,2024-06-04,2027-08-10,En cours,
Projet_vue_359,2021-05-31,2029-07-27,En cours,
Projet_mari_405,2016-10-25,2035-04-11,Terminé,
Projet_mien_427,2017-06-13,2035-03-28,En cours,
Projet_dessus_361,2019-02-08,2032-01-31,En cours,
Projet_depuis_59,2018-05-04,2025-12-17,En cours,
Projet_côté_18,2021-08-24,2033-09-06,Terminé,
Projet_passé_98,2019-04-27,2033-08-24,En cours,
Projet_souvent_386,2020-11-25,2025-09-01,En cours,
Projet_sou_152,2022-11-16,2030-08-24,En cours,
Projet_abattre_466,2023-11-27,2025-12-03,En cours,
Projet_milieu_171,2023-07-29,2025-09-16,Terminé,
Projet_moitié_70,2016-06-09,2028-03-09,En cours,
Projet_jambe_317,2018-10-21,2030-04-27,En cours,
Projet_troubler_476,2021-12-05,2035-03-26,Terminé,
Projet_mien_322,2016-03-15,2026-03-26,En cours,
Projet_trésor_358,2022-04-03,2027-09-25,En cours,
Projet_apporter_421,2023-07-01,2031-09-30,En cours,
Projet_fine_167,2023-06-08,2030-02-02,En cours,
Projet_départ_452,2023-12-30,2029-01-31,En cours,
Projet_morceau_68,2024-11-18,2031-03-08,En cours,
Projet_nécessaire_127,2020-09-01,2032-09-18,En cours,
Projet_ensuite_495,2021-12-28,2031-08-01,Terminé,
Projet_haut_148,2015-07-25,2026-05-10,En cours,
Projet_hauteur_166,2019-05-24,2028-04-18,Terminé,
Projet_goût_463,2017-12-12,2034-01-16,Terminé,
Projet_classe_85,2019-01-06,2033-05-29,En cours,
Projet_militaire_384,2022-06-07,2025-11-19,Terminé,
Projet_occasion_481,2018-12-27,2027-12-15,Terminé,
Projet_rappeler_403,2017-02-09,2028-03-06,En cours,
Projet_immobile_333,2017-10-11,2027-11-04,En cours,
Projet_doux_89,2021-01-29,2026-04-15,Terminé,
Projet_attendre_320,2022-01-02,2033-06-19,En cours,
Projet_donc_37,2022-05-25,2025-12-20,Terminé,
Projet_époque_289,2023-12-19,2026-06-05,Terminé,
Projet_fidèle_388,2024-06-29,2031-11-21,Terminé,
Projet_nommer_335,2018-03-19,2034-02-17,En cours,
Projet_engager_154,2022-10-17,2029-10-24,Terminé,
Projet_accomplir_29,2021-06-05,2031-04-27,Terminé,
Projet_manquer_407,2023-06-24,2028-01-23,Terminé,
Projet_âme_185,2015-10-13,2030-05-25,Terminé,
Projet_le_346,2016-07-15,2032-03-24,Terminé,
Projet_voilà_77,2017-08-17,2033-01-07,En cours,
Projet_aspect_28,2018-03-17,2034-09-28,Terminé,
Projet_chat_499,2021-10-15,2033-12-26,En cours,
Projet_voir_196,2021-03-11,2028-04-18,Terminé,
Projet_coucher_271,2025-05-31,2027-03-12,En cours,
Projet_taille_243,2024-07-28,2031-09-16,En cours,
Projet_grâce_450,2016-05-28,2030-04-12,Terminé,
Projet_quoi_157,2023-02-20,2025-11-01,Terminé,
Projet_observer_160,2022-04-25,2034-08-29,En cours,
Projet_papier_236,2024-12-17,2033-10-16,Terminé,
Projet_victime_236,2021-03-04,2031-01-29,Terminé,
Projet_comment_122,2023-11-18,2028-09-10,Terminé,
Projet_arrivée_323,2020-05-15,2032-05-29,Terminé,
Projet_en_433,2017-01-30,2030-05-29,Terminé,
Projet_désir_348,2023-01-22,2035-01-05,Terminé,
Projet_peu_387,2017-10-19,2035-01-06,En cours,
Projet_matin_69,2018-01-22,2028-08-14,Terminé,
Projet_mur_217,2025-03-28,2031-01-22,En cours,
Projet_lendemain_491,2022-07-30,2030-01-20,En cours,
Projet_déposer_47,2016-11-16,2028-09-18,En cours,
Projet_chemise_493,2018-05-12,2031-06-23,En cours,
Projet_secrétaire_24,2016-04-06,2025-10-01,Terminé,
Projet_présent_242,2022-02-05,2028-05-27,Terminé,
Projet_contre_85,2024-02-26,2028-10-05,En cours,
Projet_partager_424,2018-09-07,2030-04-24,En cours,
Projet_rester_172,2020-02-03,2033-09-22,En cours,
Projet_empire_445,2025-01-14,2030-03-27,En cours,
Projet_marchand_17,2019-01-29,2033-12-26,Terminé,
Projet_soleil_411,2020-04-08,2032-11-07,En cours,
Projet_unique_438,2016-04-12,2029-04-04,En cours,
Projet_cinquante_240,2020-12-26,2032-11-16,En cours,
Projet_âgé_259,2016-12-20,2028-06-07,Terminé,
Projet_preuve_374,2019-06-22,2029-10-03,Terminé,
Projet_habitude_462,2020-05-24,2031-11-25,Terminé,
Projet_habiller_413,2021-04-01,2030-07-26,En cours,
Projet_frapper_463,2016-04-26,2030-12-06,Terminé,
Projet_présent_363,2019-10-23,2027-04-10,En cours,
Projet_but_129,2021-01-20,2032-02-10,Terminé,
Projet_celui_401,2024-02-28,2029-05-30,Terminé,
Projet_moyen_374,2015-10-29,2033-06-26,Terminé,
Projet_passer_15,2023-06-06,2029-04-16,Terminé,
Projet_nom_367,2015-12-12,2034-09-03,En cours,
Projet_retomber_282,2017-03-04,2028-09-05,En cours,
Projet_respirer_216,2022-05-05,2033-04-01,Terminé,
Projet_capable_200,2024-08-29,2026-05-20,Terminé,
Projet_feu_258,2017-08-22,2034-01-03,En cours,
Projet_bientôt_180,2025-03-27,2025-06-18,En cours,
Projet_lieu_294,2024-05-01,2034-06-22,Terminé,
Projet_lourd_292,2022-12-25,2033-04-21,En cours,
Projet_pont_114,2019-12-01,2026-12-25,Terminé,
Projet_cacher_57,2019-03-27,2027-07-27,Terminé,
Projet_pourtant_236,2019-06-29,2029-11-29,En cours,
Projet_recommencer_183,2018-03-04,2027-02-09,Terminé,
Projet_voile_306,2018-01-07,2034-11-24,En cours,
Projet_digne_206,2016-05-04,2030-11-15,En cours,
Projet_lors_492,2021-11-05,2031-06-26,Terminé,
Projet_dernier_173,2020-02-11,2034-10-29,Terminé,
Projet_près_197,2024-11-16,2035-02-15,Terminé,
Projet_part_326,2018-03-23,2033-06-01,En cours,
Projet_prière_418,2020-04-02,2035-02-27,Terminé,
Projet_présent_54,2015-09-04,2030-07-16,En cours,
Projet_jeune_239,2021-01-21,2035-04-23,Terminé,
Projet_travail_471,2017-11-09,2034-10-10,Terminé,
Projet_prison_332,2020-12-04,2027-04-28,Terminé,
Projet_mémoire_409,2017-02-28,2033-01-10,Terminé,
Projet_porter_494,2018-03-07,2028-11-11,Terminé,
Projet_charge_55,2017-09-20,2033-12-23,Terminé,
Projet_renoncer_46,2019-11-13,2033-01-02,En cours,
Projet_terminer_341,2019-05-12,2028-07-12,Terminé,
Projet_dont_229,2024-04-24,2034-03-05,En cours,
Projet_content_76,2021-06-15,2025-08-15,En cours,
Projet_changement_453,2017-09-17,2035-04-04,En cours,
Projet_groupe_460,2020-06-30,2035-06-03,En cours,
Projet_salle_275,2022-10-14,2033-10-17,Terminé,
Projet_corde_145,2020-01-01,2032-02-12,En cours,
Projet_mort_393,2015-11-15,2032-04-03,En cours,
Projet_avenir_400,2021-11-17,2029-09-15,En cours,
Projet_image_77,2015-10-08,2031-02-05,Terminé,
Projet_mille_238,2024-04-08,2035-01-07,En cours,
Projet_force_251,2024-08-02,2030-08-14,Terminé,
Projet_passé_470,2018-11-15,2033-05-09,Terminé,
Projet_intérêt_4,2022-06-26,2026-09-10,En cours,
Projet_ciel_475,2021-02-05,2030-06-11,En cours,
Projet_seul_40,2017-03-14,2028-09-09,En cours,
Projet_profond_496,2025-03-05,2031-06-02,Terminé,
Projet_marier_117,2019-09-20,2026-09-20,En cours,
Projet_cuisine_324,2022-07-15,2033-05-12,En cours,
Projet_parfaitement_140,2024-07-16,2033-01-28,En cours,
Projet_prochain_405,2023-09-17,2033-05-09,Terminé,
Projet_marier_46,2023-04-30,2029-12-11,En cours,
Projet_aussitôt_77,2022-12-13,2026-05-15,Terminé,
Projet_moins_250,2021-01-15,2029-04-13,En cours,
Projet_étouffer_367,2015-08-22,2028-07-21,En cours,
Projet_produire_17,2016-10-25,2032-01-14,En cours,
Projet_trace_35,2018-12-03,2030-01-02,En cours,
Projet_exécuter_332,2020-11-30,2030-12-13,En cours,
Projet_soi_100,2022-06-21,2026-11-20,En cours,
Projet_premier_69,2015-08-05,2033-10-18,Terminé,
Projet_repas_307,2022-12-18,2035-06-04,Terminé,
Projet_vrai_96,2017-05-20,2035-01-10,En cours,
Projet_oh_29,2018-05-31,2029-04-20,En cours,
Projet_intérieur_394,2024-03-02,2032-03-12,Terminé,
Projet_soleil_371,2023-12-12,2035-03-16,Terminé,
Projet_marier_63,2019-08-23,2026-06-05,Terminé,
Projet_leur_29,2021-05-29,2028-07-12,Terminé,
Projet_mémoire_130,2017-10-29,2035-03-17,Terminé,
Projet_titre_107,2022-02-05,2030-12-26,En cours,
Projet_commencer_162,2024-12-06,2025-08-23,En cours,
Projet_différent_289,2024-05-17,2033-12-05,Terminé,
Projet_habitant_145,2016-04-19,2033-12-18,Terminé,
Projet_partir_223,2016-04-06,2029-07-04,En cours,
Projet_souffrance_413,2018-06-12,2033-02-26,Terminé,
Projet_sujet_351,2023-10-13,2032-09-16,Terminé,
Projet_le_37,2020-11-10,2026-12-25,Terminé,
Projet_mer_229,2017-08-02,2031-01-15,En cours,
Projet_résultat_22,2021-02-09,2031-11-21,En cours,
Projet_haine_375,2016-04-26,2035-03-01,En cours,
Projet_causer_495,2017-09-09,2025-09-07,Terminé,
Projet_tenter_2,2017-11-30,2028-04-20,Terminé,
Projet_fuir_64,2022-11-21,2026-08-20,En cours,
Projet_espèce_417,2023-10-28,2029-10-31,Terminé,
Projet_humide_185,2025-02-23,2028-12-09,Terminé,
Projet_puisque_59,2021-03-11,2030-02-14,Terminé,
Projet_double_34,2025-03-14,2026-06-29,En cours,
Projet_science_304,2021-07-12,2025-07-08,En cours,
Projet_noir_233,2022-04-14,2034-11-21,En cours,
Projet_dame_217,2017-05-05,2030-03-22,En cours,
Projet_angoisse_432,2022-01-13,2029-10-12,En cours,
Projet_chemin_65,2023-05-01,2031-11-17,Terminé,
Projet_ramasser_171,2020-10-06,2025-06-18,Terminé,
Projet_grave_354,2024-07-02,2033-05-15,En cours,
Projet_accorder_138,2019-11-12,2028-12-03,En cours,
Projet_envie_57,2018-12-30,2028-01-10,Terminé,
Projet_reconnaître_98,2015-09-25,2031-10-16,Terminé,
Projet_sang_18,2015-09-12,2032-10-28,Terminé,
Projet_billet_83,2019-06-29,2030-12-16,Terminé,
Projet_haine_88,2022-03-26,2028-12-26,En cours,
Projet_abri_274,2023-02-01,2031-01-01,En cours,
Projet_ci_224,2016-11-04,2028-08-21,En cours,
Projet_problème_281,2022-11-25,2028-05-17,Terminé,
Projet_ombre_5,2015-09-03,2032-09-28,En cours,
Projet_flamme_157,2024-04-04,2032-10-03,En cours,
Projet_roche_299,2020-01-27,2033-10-05,En cours,
Projet_drame_59,2022-06-18,2029-09-17,En cours,
Projet_soir_404,2019-06-29,2030-12-25,En cours,
Projet_coûter_496,2016-11-23,2025-10-21,En cours,
Projet_gros_136,2022-12-23,2030-02-26,En cours,
Projet_loup_55,2017-02-26,2033-10-27,En cours,
Projet_forcer_131,2020-06-15,2026-07-25,Terminé,
Projet_route_274,2020-03-22,2029-02-09,Terminé,
Projet_instant_403,2018-02-14,2025-11-23,En cours,
Projet_particulier_129,2024-09-26,2032-09-25,En cours,
Projet_ni_448,2021-08-13,2025-11-27,En cours,
Projet_camarade_234,2017-02-16,2030-01-26,En cours,
Projet_tant_213,2022-11-25,2034-05-15,Terminé,
Projet_entourer_220,2020-07-19,2034-05-12,Terminé,
Projet_solitude_209,2020-02-22,2034-03-15,En cours,
Projet_empêcher_455,2015-09-08,2030-05-06,En cours,
Projet_premier_209,2016-05-20,2026-12-11,Terminé,
Projet_seconde_25,2017-08-23,2025-11-02,Terminé,
Projet_y_19,2018-03-30,2026-01-21,Terminé,
Projet_médecin_236,2016-03-27,2027-10-14,Terminé,
Projet_entre_392,2023-09-18,2034-10-08,En cours,
Projet_pitié_497,2017-12-18,2030-03-07,En cours,
Projet_changement_80,2019-08-04,2027-04-16,En cours,
Projet_autant_236,2021-09-08,2031-07-03,En cours,
Projet_reste_158,2024-01-02,2029-08-05,En cours,
Projet_circonstance_334,2023-01-09,2028-10-24,En cours,
Projet_plaisir_327,2016-09-06,2034-12-09,Terminé,
Projet_moitié_470,2025-05-25,2026-12-01,En cours,
Projet_séparer_68,2017-07-08,2032-01-02,Terminé,
Projet_douze_389,2024-12-21,2031-05-24,Terminé,
Projet_genre_115,2023-07-15,2028-05-07,En cours,
Projet_quartier_62,2016-04-13,2027-01-06,En cours,
Projet_ruine_202,2019-02-04,2028-07-18,En cours,
Projet_que_142,2020-05-08,2025-07-14,Terminé,
Projet_passer_449,2019-04-03,2033-08-10,En cours,
Projet_presque_320,2024-03-04,2025-09-18,En cours,
Projet_drôle_321,2023-12-04,2035-02-02,En cours,
Projet_mien_256,2021-08-12,2027-01-28,Terminé,
Projet_repousser_11,2022-04-27,2025-11-01,En cours,
Projet_le_247,2018-05-20,2033-06-15,En cours,
Projet_parent_193,2024-01-27,2027-07-28,En cours,
Projet_moyen_129,2021-01-21,2027-08-30,En cours,
Projet_nul_422,2024-06-02,2028-12-30,Terminé,
Projet_victime_11,2022-05-07,2029-05-17,En cours,
Projet_violent_460,2017-09-18,2033-11-05,Terminé,
Projet_puis_256,2022-04-10,2026-10-20,En cours,
Projet_éclat_410,2023-09-23,2029-07-07,En cours,
Projet_passé_297,2021-11-12,2029-03-14,En cours,
Projet_fruit_447,2020-04-18,2030-04-16,Terminé,
Projet_l'une_410,2022-11-11,2028-08-09,En cours,
Projet_ouvrir_396,2015-07-13,2032-07-08,Terminé,
Projet_expérience_193,2020-05-30,2028-11-12,Terminé,
Projet_fenêtre_499,2015-09-12,2026-10-23,Terminé,
Projet_tantôt_141,2019-10-22,2034-07-26,En cours,
Projet_intérêt_375,2017-12-24,2026-05-12,Terminé,
Projet_paraître_280,2017-10-24,2027-01-06,Terminé,
Projet_certainement_248,2023-08-08,2033-10-01,Terminé,
Projet_droite_451,2021-12-24,2034-08-02,En cours,
Projet_mal_455,2020-12-01,2026-03-08,Terminé,
Projet_aspect_366,2016-03-01,2034-03-09,En cours,
Projet_fonction_490,2023-08-12,2025-12-26,Terminé,
Projet_courage_447,2022-08-28,2033-09-28,Terminé,
Projet_or_446,2017-08-11,2031-05-15,En cours,
Projet_cinquante_453,2022-08-18,2028-02-18,Terminé,
Projet_consentir_154,2016-06-08,2028-03-13,En cours,
Projet_grand_150,2017-02-20,2033-08-31,En cours,
Projet_vérité_104,2024-08-16,2034-01-21,Terminé,
Projet_vêtement_96,2015-07-11,2025-12-18,Terminé,
Projet_hier_147,2024-10-19,2034-08-02,Terminé,
Projet_voisin_414,2019-03-16,2025-06-24,Terminé,
Projet_vif_494,2018-07-10,2027-04-05,En cours,
Projet_chaque_120,2019-01-10,2025-11-14,Terminé,
Projet_blanc_41,2022-01-16,2025-08-15,Terminé,
Projet_falloir_311,2019-09-14,2035-03-17,Terminé,
Projet_effort_122,2023-08-06,2027-01-28,Terminé,
Projet_douleur_311,2016-02-24,2031-04-25,Terminé,
Projet_situation_340,2024-11-09,2027-07-11,Terminé,
Projet_mois_77,2023-10-06,2034-04-06,Terminé,
Projet_obliger_139,2020-01-03,2027-12-26,En cours,
Projet_note_231,2019-12-20,2032-09-25,Terminé,
Projet_service_292,2020-07-17,2031-12-12,Terminé,
Projet_souvenir_498,2021-06-30,2032-01-31,En cours,
Projet_recommencer_454,2017-02-12,2035-04-24,En cours,
Projet_étaler_203,2015-08-05,2031-04-20,En cours,
Projet_que_455,2024-02-09,2029-07-13,Terminé,
Projet_portier_168,2024-01-15,2034-05-07,En cours,
Projet_éclater_399,2022-04-14,2035-05-31,Terminé,
Projet_parent_418,2023-10-06,2032-12-21,Terminé,
Projet_moindre_125,2021-08-31,2029-07-13,Terminé,
Projet_loi_231,2022-10-21,2031-06-07,Terminé,
Projet_noir_240,2020-07-13,2027-11-07,Terminé,
Projet_rang_8,2024-09-05,2027-08-05,En cours,
Projet_bataille_272,2018-03-03,2026-04-20,En cours,
Projet_sombre_428,2022-02-03,2032-06-01,Terminé,
Projet_occuper_101,2023-11-04,2032-03-13,En cours,
Projet_dehors_397,2019-02-04,2030-06-29,Terminé,
Projet_prouver_160,2019-04-24,2034-09-20,En cours,
Projet_faire_186,2025-01-18,2028-11-28,En cours,
Projet_jambe_234,2016-06-16,2029-04-30,En cours,
Projet_parent_191,2017-01-19,2027-07-31,En cours,
Projet_céder_112,2023-06-06,2034-10-01,Terminé,
Projet_représenter_241,2023-01-06,2025-10-07,En cours,
Projet_camarade_178,2022-04-03,2027-12-15,Terminé,
Projet_certain_264,2022-09-21,2035-04-15,Terminé,
Projet_davantage_135,2021-08-28,2033-03-07,Terminé,
Projet_branche_140,2019-10-31,2030-08-26,En cours,
Projet_poser_3,2024-01-07,2029-12-26,En cours,
Projet_vision_416,2022-09-11,2027-11-10,En cours,
Projet_tirer_499,2018-01-13,2031-01-12,Terminé,
Projet_parfaitement_115,2022-11-20,2029-01-13,En cours,
Projet_escalier_474,2016-03-10,2031-08-30,En cours,
Projet_nom_145,2017-04-01,2026-04-27,En cours,
Projet_trembler_35,2023-01-16,2029-10-02,Terminé,
Projet_retomber_271,2018-03-30,2034-07-20,En cours,
Projet_minute_181,2019-11-02,2031-03-31,Terminé,
Projet_vieux_88,2017-03-06,2030-04-26,En cours,
Projet_prévoir_201,2020-08-26,2027-01-27,En cours,
Projet_gens_6,2023-12-27,2033-06-06,En cours,
Projet_cri_203,2018-07-16,2029-08-05,En cours,
Projet_étroit_287,2024-08-19,2032-08-22,En cours,
Projet_vaincre_324,2016-05-17,2030-07-16,En cours,
Projet_car_225,2024-12-04,2027-07-26,Terminé,
Projet_échapper_398,2016-08-30,2031-05-07,En cours,
Projet_fruit_52,2024-07-13,2027-03-14,En cours,
Projet_unique_372,2025-03-18,2033-05-18,Terminé,
Projet_trop_188,2022-06-03,2029-11-16,En cours,
Projet_chercher_279,2021-07-26,2031-01-06,En cours,
Projet_chaise_169,2020-08-15,2030-03-19,Terminé,
Projet_joindre_423,2017-06-24,2025-06-11,En cours,
Projet_vague_222,2018-11-29,2034-01-27,Terminé,
Projet_même_312,2020-06-27,2032-08-16,En cours,
Projet_traîner_406,2018-12-28,2033-07-24,En cours,
Projet_volonté_458,2015-08-01,2031-01-10,En cours,
Projet_seul_253,2019-02-23,2034-08-16,Terminé,
