id_client,nom,prenom,email,telephone
CLT9757,Blanchard,Luc,,03 80 29 80 06
CLT5076,Maury,Agathe,clementcolette@example.com,0491314265
CLT4051,Grenier,Honoré,margaux19@example.net,
CLT7032,Martin,Robert,,+33 4 20 52 40 37
CLT7747,Ruiz,Emmanuel,,04 85 78 30 58
CLT2586,Barbe,Danielle,,
CLT9690,Bailly,Éléonore,,
CLT3381,Chartier,Arnaude,,
CLT2141,Lecoq,Marcelle,invalide@,+33 4 83 50 24 13
CLT7558,Cordier,Charles,,
CLT9524,Colin,Marcelle,invalide@,12345
CLT3690,Noël,Timothée,,
CLT9398,Maurice,William,ngoncalves@example.net,
CLT6788,Noël,David,,
CLT6709,Grégoire,Susan,,02 51 23 68 96
CLT6141,Poirier,Adélaïde,,12345
CLT2191,Bourdon,Thibault,,0240460844
CLT7597,Cordier,Alice,laureollivier@example.net,12345
CLT2975,Louis,Marie,,+33 7 64 00 32 76
CLT1044,Bouvet,François,anastasiecollin@example.com,0175582387
CLT8859,Vallet,Marthe,,
CLT6614,Pierre,François,weberstephane@example.net,12345
CLT7235,Bonnet,Guillaume,,0531587771
CLT7708,Berger,Valentine,,06 51 65 91 84
CLT5565,Lamy,Georges,couturierveronique@example.org,+33 4 58 51 97 05
CLT1227,Maury,Thierry,invalide@,+33 1 46 09 66 62
CLT9790,Marion,Hélène,invalide@,+33 2 98 26 44 32
CLT6616,Fleury,Pénélope,invalide@,
CLT1421,Guyon,Michelle,suzanne87@example.net,+33 4 49 19 76 23
CLT6766,Mace,Guy,,12345
CLT3171,Coste,Franck,,+33 (0)3 52 16 12 72
CLT7188,Millet,Roland,invalide@,12345
CLT8898,Seguin,Élisabeth,ilanglois@example.org,12345
CLT4725,Fabre,Henriette,,12345
CLT3196,Benoit,Henriette,,04 50 20 55 82
CLT1432,Faivre,Zacharie,invalide@,12345
CLT8451,Maillot,Sébastien,,12345
CLT5406,Godard,Diane,,
CLT1885,Delattre,Honoré,,12345
CLT1302,Leroy,Alice,,0272630845
CLT2226,Mercier,Henri,,
CLT7231,Vidal,Noël,,
CLT1261,Devaux,Susanne,robertcecile@example.org,+33 2 45 61 32 47
CLT4326,Moreno,Élise,,
CLT5427,Costa,Benoît,aimeecoste@example.com,12345
CLT3633,François,Victoire,invalide@,+33 (0)3 23 40 00 32
CLT2880,Laine,Noël,,
CLT3212,Pons,Arnaude,,+33 2 56 39 05 33
CLT6550,Gilbert,Denis,invalide@,12345
CLT5728,Brun,Adrienne,invalide@,
CLT8086,Rivière,Aimée,,0234454726
CLT8691,Chevallier,Odette,,
CLT3567,Joseph,Rémy,,0430729196
CLT8394,Lejeune,Gérard,huguesbecker@example.org,0615749252
CLT1840,Raynaud,Tristan,martine54@example.com,0467854862
CLT7717,Rey,Margot,,12345
CLT3705,Munoz,Madeleine,,
CLT9638,Guyot,David,ejoubert@example.org,
CLT7266,Bertin,Nathalie,invalide@,
CLT6643,Lefebvre,Nicolas,invalide@,0465897122
CLT4812,Roux,Lucy,,+33 4 38 48 67 00
CLT6805,Diallo,Édouard,invalide@,12345
CLT5640,Bodin,Danielle,invalide@,
CLT6910,Alexandre,Pierre,,12345
CLT2304,Leblanc,Pierre,,+33 4 78 81 94 32
CLT3112,Texier,Gabrielle,,12345
CLT3562,Weiss,Marc,invalide@,
CLT5682,Costa,Aurore,teixeiraanne@example.com,12345
CLT1717,Lévy,Joséphine,jean10@example.net,12345
CLT3325,Fournier,Tristan,,
CLT9287,Fabre,Zacharie,mbernard@example.com,12345
CLT7687,Faivre,Louise,invalide@,
CLT2514,Perez,Alice,,12345
CLT3203,Meyer,Lucie,margauxmasse@example.net,12345
CLT1886,Léger,Colette,,
CLT4668,Perrin,Lucas,durandoceane@example.org,
CLT8559,Hoareau,Simone,,
CLT6248,Clément,Édith,,12345
CLT7386,Dupont,Sylvie,ofernandez@example.org,0389631121
CLT7206,Masse,Henriette,,12345
CLT5211,Julien,Élisabeth,jacquelinefernandez@example.net,
CLT1510,Chevallier,Frédéric,,12345
CLT9199,Le Gall,Franck,,0238633430
CLT4788,Sauvage,Denis,georges14@example.net,
CLT4209,Gilles,Christine,invalide@,12345
CLT1099,Charles,Alice,,0562429543
CLT7880,Rossi,Théophile,,12345
CLT5676,Garnier,Josette,invalide@,
CLT2090,Marty,Martin,invalide@,0519703153
CLT5471,Chauveau,Robert,,
CLT3802,Moreau,Élodie,,12345
CLT3657,Imbert,Alfred,alix99@example.net,+33 (0)4 73 55 76 48
CLT9460,Besnard,Gilbert,,0534601286
CLT8168,Caron,Philippe,,
CLT4235,Valentin,Simone,camusdaniel@example.com,12345
CLT3782,Petit,Joseph,letelliertherese@example.net,03 51 81 11 12
CLT9682,Jacquet,Marcelle,,12345
CLT7448,Reynaud,Emmanuelle,,+33 2 48 92 87 28
CLT8049,Perez,Olivier,invalide@,+33 (0)3 62 00 26 18
CLT9193,Vasseur,Robert,invalide@,
CLT3677,Dos Santos,Odette,,02 85 44 42 61
CLT2336,Bailly,Franck,,12345
CLT5660,Barre,Tristan,cwagner@example.net,12345
CLT4829,Peron,Jules,,12345
CLT2411,Gonzalez,Alphonse,,12345
CLT6944,Salmon,René,,
CLT3052,Monnier,Dorothée,,12345
CLT9035,Clerc,Dominique,invalide@,
CLT1798,David,Inès,invalide@,+33 3 10 05 49 66
CLT6736,Da Costa,Jules,,02 34 75 94 43
CLT7252,Benoit,Éléonore,,
CLT1101,Rossi,Michèle,qbouvet@example.org,
CLT3797,Boulay,Amélie,invalide@,
CLT1859,Le Roux,Élodie,eleonorebenard@example.com,0310478706
CLT8356,Le Roux,Édouard,maryse23@example.com,0256243502
CLT7095,Lelièvre,Antoine,theodorelecoq@example.org,+33 (0)3 80 97 22 31
CLT2201,Hubert,Susan,invalide@,0285422438
CLT6314,Humbert,Joséphine,,
CLT9970,Bailly,Claudine,invalide@,
CLT6312,Maury,Isaac,invalide@,12345
CLT7568,Imbert,Simone,qandre@example.org,06 32 57 04 11
CLT5194,Guillaume,Françoise,invalide@,
CLT9375,Menard,Éléonore,rleger@example.org,0492151365
CLT3653,Durand,Stéphanie,clemence96@example.com,
CLT8605,Fernandez,Françoise,legrospenelope@example.net,12345
CLT3564,Lebon,Michelle,invalide@,06 37 80 76 62
CLT8136,Fischer,Dorothée,mauryphilippe@example.com,0630754098
CLT5699,Lacombe,Julie,,02 31 49 93 30
CLT2398,Letellier,Grégoire,invalide@,0434994096
CLT8362,Étienne,Laure,,
CLT3629,Maréchal,Lorraine,,0411043348
CLT7828,Vaillant,Alix,invalide@,12345
CLT5981,Poulain,Noël,invalide@,12345
CLT4185,Pereira,Hélène,invalide@,+33 (0)4 84 06 11 09
CLT7805,Gaudin,Alexandrie,invalide@,
CLT5907,Dos Santos,Adélaïde,,12345
CLT9131,Potier,Suzanne,,
CLT7033,Samson,Zacharie,hugues93@example.net,12345
CLT4641,Jacques,Alice,stephanieteixeira@example.com,
CLT1801,Lombard,Laurence,invalide@,12345
CLT2294,Ledoux,Éric,ode-sousa@example.com,01 41 67 45 77
CLT8990,Besson,Marie,sabinegrenier@example.org,+33 (0)7 76 46 76 96
CLT2488,Martin,Philippe,,02 31 61 95 43
CLT4753,Vallet,Sophie,invalide@,
CLT9620,Navarro,Hélène,,0579428081
CLT7773,Legrand,Denise,,+33 (0)1 60 89 49 80
CLT5163,Potier,Antoine,,
CLT6825,Mahe,Éric,invalide@,12345
CLT7241,Guyot,Joseph,,04 26 78 27 18
CLT8492,Mendès,Louis,,12345
CLT3026,Loiseau,Gilles,,02 58 81 11 24
CLT5253,Rodriguez,Pauline,invalide@,
CLT7494,Ruiz,Élodie,,0170139915
CLT4432,Diaz,Amélie,invalide@,04 66 87 92 99
CLT2545,Techer,Claudine,,
CLT5533,Riou,Thierry,,
CLT7402,Launay,Honoré,invalide@,12345
CLT6375,Mace,Nicolas,,12345
CLT4886,Reynaud,Claude,invalide@,12345
CLT6101,Schneider,Laure,invalide@,+33 (0)3 87 67 37 21
CLT3913,Carlier,Caroline,,+33 1 39 93 78 20
CLT6971,Launay,Anaïs,invalide@,12345
CLT1469,Rémy,Aimé,,
CLT2695,Auger,Rémy,alfredguichard@example.org,01 74 76 72 59
CLT7935,Pineau,Louise,,+33 (0)1 88 64 46 23
CLT8193,Cousin,Margaud,invalide@,0663628827
CLT1305,Clerc,Martin,,12345
CLT5277,Loiseau,Léon,,12345
CLT1967,Breton,Paul,invalide@,12345
CLT9780,Vidal,Olivier,,+33 3 25 49 20 69
CLT6618,David,Margot,martine03@example.org,12345
CLT6139,Lemonnier,Martine,marcle-goff@example.net,
CLT9450,Grondin,Émilie,,0371762336
CLT1702,Huet,Julie,,0630431691
CLT8266,Dupont,Diane,,+33 1 56 49 61 89
CLT3666,Martinez,Lucas,renepereira@example.net,
CLT1463,Mathieu,Adélaïde,,+33 1 43 94 66 56
CLT4677,Lebon,Amélie,,
CLT1927,Riou,Laurence,,
CLT9578,Pages,Colette,,12345
CLT6028,Paul,Jeannine,adrien42@example.net,12345
CLT8852,Perez,Marcelle,,+33 2 37 50 84 33
CLT4075,Godard,Philippe,,
CLT9760,Samson,Stéphane,,
CLT6742,Lombard,Alain,,12345
CLT3213,Sanchez,Monique,pierreda-costa@example.org,12345
CLT9425,Berger,Michelle,,
CLT5027,Martineau,Auguste,,12345
CLT6273,Guillot,Céline,invalide@,12345
CLT6428,Chauveau,Anaïs,margotlebrun@example.org,12345
CLT8133,Turpin,Inès,invalide@,
CLT4508,Courtois,Marcelle,,0449273775
CLT7879,Lévêque,Raymond,,+33 (0)2 36 38 48 49
CLT2035,Guyot,Dorothée,invalide@,
CLT8473,Aubert,Zoé,,12345
CLT3381,Martinez,Étienne,,12345
CLT6907,Martineau,Brigitte,thibaut84@example.org,12345
CLT5832,Pages,Raymond,,+33 2 41 16 00 13
CLT3082,Lopes,Chantal,invalide@,
CLT3871,Seguin,Suzanne,genevieveboulanger@example.com,12345
CLT1098,Labbé,Alix,invalide@,0695201924
CLT7341,Imbert,Alain,invalide@,12345
CLT4624,Lejeune,Grégoire,emmanuellelopez@example.com,12345
CLT8788,Tessier,Jean,,12345
CLT2570,Reynaud,Eugène,invalide@,12345
CLT9277,Guillon,Élisabeth,,12345
CLT1185,Fouquet,Édouard,alexbertin@example.org,12345
CLT7427,Blanc,Claire,,12345
CLT9241,Imbert,Pénélope,xhuet@example.net,12345
CLT8535,Fleury,Victor,xlecomte@example.net,12345
CLT7028,Traore,Gabrielle,,12345
CLT1459,Gomez,Eugène,invalide@,
CLT1540,Rossi,Adélaïde,,+33 3 29 06 45 91
CLT2124,Jacques,Capucine,invalide@,0233324289
CLT2532,Peron,Thomas,,0285409043
CLT7752,Tanguy,Margaux,invalide@,03 83 96 24 13
CLT5934,Ruiz,Monique,invalide@,
CLT1978,Poulain,Susan,invalide@,
CLT4716,Descamps,Aurore,,+33 (0)1 73 65 64 80
CLT6671,Dupuis,Richard,,
CLT9335,Peron,Arnaude,invalide@,12345
CLT4419,Ramos,Alice,,0248312715
CLT3162,Lopes,Catherine,,01 47 37 26 06
CLT9010,Marin,Matthieu,,
CLT4371,Hernandez,Claire,zletellier@example.net,05 08 73 88 90
CLT4553,Hubert,Agathe,invalide@,
CLT1525,Klein,Benjamin,invalide@,
CLT4458,Hoareau,Olivie,marionthierry@example.com,
CLT7469,Gomez,Tristan,klecomte@example.org,0180848411
CLT5521,Bertrand,Sébastien,,
CLT2679,Meyer,Gilles,invalide@,+33 (0)1 41 33 95 14
CLT1261,Poirier,Margaux,,12345
CLT8226,Legrand,Danielle,,12345
CLT3569,Philippe,Noémi,gcarpentier@example.org,+33 3 51 48 21 95
CLT5045,Marques,Maryse,,12345
CLT3551,Boucher,Nath,,+33 (0)5 32 78 52 05
CLT3718,Hardy,Diane,invalide@,04 23 70 21 03
CLT3893,Roussel,Nathalie,,
CLT1644,Normand,Hélène,,12345
CLT9725,Vaillant,Benoît,ichauvet@example.com,12345
CLT3905,Pires,Catherine,,
CLT7459,Richard,Élisabeth,,
CLT3733,Fournier,Audrey,,12345
CLT5880,Potier,Alexandria,,
CLT5244,Nicolas,Marcelle,margaretda-costa@example.com,12345
CLT7274,Joseph,Margaret,,
CLT9190,Blanc,Marine,jpires@example.org,+33 (0)3 63 29 01 25
CLT5545,Mercier,Lucie,marguerite38@example.org,12345
CLT1484,Hubert,Hortense,kalves@example.com,
CLT5245,Pages,Adrien,yperrot@example.com,12345
CLT6926,Humbert,Marie,,+33 (0)1 72 85 97 12
CLT4705,Lemaître,Émilie,thibault87@example.com,+33 (0)1 75 79 93 88
CLT7584,Salmon,Margaux,,+33 (0)2 23 20 91 83
CLT4930,Legendre,Pierre,,
CLT9186,Dijoux,Martin,,12345
CLT7435,Dufour,Lucie,invalide@,+33 2 47 01 50 38
CLT3130,Normand,Alice,,
CLT1625,Mallet,Marine,,
CLT6644,Lucas,Céline,invalide@,
CLT6852,Pages,Denise,invalide@,
CLT4459,Martinez,Sophie,invalide@,
CLT5777,Chrétien,Inès,,03 39 81 76 67
CLT7253,Schmitt,Céline,dberger@example.net,05 18 85 70 63
CLT1975,Ferrand,Olivie,invalide@,+33 6 34 20 88 92
CLT3065,Picard,Henriette,vincenttexier@example.net,+33 (0)4 92 26 27 43
CLT7712,Neveu,Véronique,parnaud@example.net,+33 (0)2 52 74 26 20
CLT8697,Pons,Françoise,,
CLT7542,Leconte,Hortense,,
CLT9768,Gérard,Clémence,,
CLT2622,Blot,Marthe,invalide@,12345
CLT5276,Besnard,Guy,invalide@,12345
CLT7589,Pineau,Matthieu,invalide@,
CLT6321,Bousquet,Henri,legercecile@example.net,0160116791
CLT9293,Fernandez,Amélie,,+33 (0)4 63 81 12 69
CLT3473,Vaillant,Benjamin,roland99@example.net,
CLT4814,Auger,Claude,nicolas25@example.com,+33 (0)5 79 70 96 15
CLT5376,Lemaire,Grégoire,,
CLT5215,Colin,Frédéric,,
CLT2207,Rocher,Julien,invalide@,12345
CLT4246,Brunel,Eugène,invalide@,+33 (0)2 56 17 63 40
CLT4835,Hamon,Paulette,,05 90 94 34 60
CLT7566,Perrier,Margaux,invalide@,
CLT9305,Vallée,Laetitia,meyergilles@example.org,12345
CLT9633,Pons,Édith,pierremunoz@example.org,12345
CLT7658,Descamps,Lucy,invalide@,12345
CLT7815,Pichon,Émile,,
CLT6353,Poulain,Nicole,odetteturpin@example.com,01 72 52 03 52
CLT1034,Laine,Guillaume,,
CLT5027,Rousseau,Inès,invalide@,+33 (0)2 34 98 92 80
CLT7695,Roux,Manon,,12345
CLT2313,Valentin,Marguerite,invalide@,
CLT9942,Poulain,Denise,,+33 3 26 59 11 32
CLT6558,Texier,Adrienne,,
CLT4607,Bègue,Susanne,,
CLT6069,Guérin,Sylvie,,+33 2 48 71 19 86
CLT5101,Guillet,François,,0546329696
CLT8661,Lejeune,Stéphanie,,
CLT5922,Fischer,Thierry,,12345
CLT3687,Duval,Victor,,12345
CLT7168,Launay,Thibaut,,12345
